boat_name,vessel_type,builder,hull_no,delivery_date,capacity,speed,classification,registry,dim_length_oa,dim_breadth,dim_depth,dim_draft,ton_gross_tonnage,ton_deadweight,engine_engine_model,engine_power_output
Super Liner Ogasawara,Passenger/Cargo Ship,"Mitsui Engineering & Shipbuilding Co., Ltd. (Mes) Tamano Shipyard",,,,39,,Techno-Seaways Inc.,140,29.8,10.5,2,2005,14500,,
Akashia,High-Speed Ferry,"Mitsubishi Heavy Industries, Ltd.",,28/06/2004,"Number Of Passengers: 820, Trucks & Trailers (12M): 158, Cars: 65",30.5,JG,"Shin Nihonkai Ferry Co., Ltd.",224.82,26,20.4,7.2,34181,6649,"2 X Wartsila 12V46C Diesels, 1 X Abb Azipod + 1 X Cpp","2 x 12,600kW"
Hamanasu,High-Speed Ferry,"Mitsubishi Heavy Industries, Ltd.",,25/06/2004,"Number Of Passengers: 820, Trucks & Trailers (12M): 158, Cars: 65",30.5,JG,"Shin Nihonkai Ferry Co., Ltd.",224.82,26,20.4,7.2,34181,6649,"2 X Wartsila 12V46C Diesels, 1 X Abb Azipod + 1 X Cpp","2 x 12,600kW"
MOL Priority,Overpanamax Container Carrier,"Ishikawajima-Harima Heavy Industries Co., Ltd. (Ihi)","60,390Kw",17/06/2002,"6,400Teus",27.8,ClassNK,,284.56,40,24.2,14,74071,74453,"Mitsui O.S.K. Lines, Ltd.",DU-Sulzer 11RTA96C diesel
SUZURAN,Ropax Ferry,"Mitsubishi Heavy Industries, Ltd.",,14/06/2012,"Lane Meter:2,000 M For Trailers, 300 M For Private Cars",27.5,JG,"Shin Nihonkai Ferry Co., Ltd.",224.5,26,10,7.4,2276,34400,"8,700Kw X 2 Units (Main Engine), 12.9Mw X 1 Unit (Pod System)",
MOL PARAMOUNT,"6,350Teu Type Container Carrier","Koyo Dockyard Co., Ltd.",Panama,,"6,350Teus",26,ClassNK,Leo Ocean S. A.,293.19,40,26,24.3,71892,72968,Mitsui Man B&W 11K98Mc (Mark 6) X 1 Unit,"62,920kw x 94.0rpm"
APL FLORIDA,Container Carrier,"Koyo Dockyard Co., Ltd.",2237,,,26,ClassNK,Liberian Owner,293.18,40,24.3,14,71787,72912,B&W 11K98Mc (Mark Vi) Diesel X 1 Unit,
MOL PRESENCE,Container Carrier,"Koyo Dockyard Co., Ltd.",Panama,,"6,350Teu",26,ClassNK,Southern Route Maritime S.A.,293.18,40,24.3,19,71776,72912,Mitsui Man B&W 11K98Mc (Mark Vi),"62,920kW x 94.0rpm"
COSCO DALIAN,Container Carrier,"Imabari Shipbuilding Co., Ltd./Koyo Dockyard Co., Ltd.",2192,,,25.6,BV,South Great Shipping Inc.,278.94,40,31,24,66380,67209,Mitsui Man-B&W 10K98Mc Diesel X 1 Unit,"77,770ps"
APL ANTWERP,Container Carrier,Southern Route Maritime S.A.,S-2387,17/05/2013,"81,000Teus",25.5,ClassNK,,320.37,46,24.9,14.524,87865,90647,Mitsui Man B&W 11K98Me (Mark 7) Diesel,
MOL COSMOS,"8,102Teu Type Container Carrier","Koyo Dockyard Co., Ltd.",Panama,20/07/2008,"8,102Teu",25.5,LR,Luster Maritime S.A./Higaki Sangyo Kaisha Ltd.,320.37,46,24.9,14.5,88089,90466,Mitsui Man B&W 11K98Mc (Mk Vii) Diesel X 1 Unit,"66,100kw x 97.0rpm"
MOL Efficiency,Large Container Carrier,"Mitsubishi Heavy Industries, Ltd. (Mhi) At Its Kobe Shipyard & Engine Works",1246,,"4,646Teus",25.5,ABS,,294.09,32.22,21.85,16,53822,63160,"Mitsui O.S.K. Lines, Ltd. (Mol)",Mitsubishi Sulzer 9RTA96C diesel x 1 unit
MOL CREATION,Large Container Carrier,"Mitsubishi Heavy Industries, Ltd. (Mhi)",2225,29/06/2007,"8,110Teus",25.25,ClassNK,,316,45.6,25,14.5,86692,90678,"Mitsui O.S.K. Lines, Ltd. (Mol)",Mitsubishi Sulzer 11RT-Flex 96C diesel x 1unit
NYK OCEANUS,Container Carrier,Ihi Marine United Inc.,3226,,,25,ClassNK,Ruta Shipholding S.A.,336,45.8,28,14,98799,99563,Du Sulzer 12Rt-Flex96C Diesel X 1 Unit,"65,210kW"
NYK ORPHEUS,"8,600Teu Container Ship",Ihi Marine United Inc.,Nyk Line,30/06/2008,"8,600Teus",25,ClassNK,,336,45.8,24.4,13,99400,96490,"65,210Kw X 100.3Rpm",
Hatsu Shine,Container Ship,"Mitsubishi Heavy Industries, Ltd., Kobe Shipyard",1265,,"7,024Teus",25,,Hatsu Marine Limited,300,42.8,24.2,14.2,75246,78693,Mitsubishi-Sulzer 10Rta96C Diesel X 1 Unit,"54,900 kW x 100 rpm"
EVER SALUTE,Container Ship,"Mitsubishi Heavy Industries, Ltd., Kobe Shipyard",1275,,"7,024Teus",25,ABS,,300,42.8,24.2,14.2,75246,78733,Mitsubishi-Sulzer 10Rta96C Diesel,"54,900kW x 100min-1"
EVER SAFETY,Container Ship,"Mitsubishi Heavy Industries, Ltd., Kobe Shipyard",1274,,"7,024Teus",25,ABS,Evergreen International S.A. (Operator),300,42.8,24.2,14.2,75246,78618,Mitsubishi-Sulzer 10Rta96C Diesel X 1 Unit,"MCR: 54,900kW x 100rpm"
NYK PHOENIX,"6,586Teu Type Container Carrier","Imabari Shipbuilding Co., Ltd.",2148,03/10/2003,"6,586Teu",25,ClassNK,Japanese Owner,299.95,40,24,14,76199,80270,Du Sulzer 12Rta96C Diesel,"64,200kW x 100.0rpm"
NYK Aphrodite,Container Carrier,Ihi Marine United Inc.,3157,,"6,492Teus",25,ClassNK,Great River Line S. A.,299.9,40,23.9,21,75484,81171,Du-Sulzer 12Rta96C Diesel X 1 Unit,
NYK Apollo,"6,492Teu Post Panamax Container Carrier",Ihi Marine United Inc.,3155,29/11/2002,"6,492Teus",25,ClassNK,Great River Line S.A. Of Panama,299.9,40,23.9,14,75484,81171,Du-Sulzer 12Rta96C Diesel,"61,350kW x 97.7rpm (MCR)"
NYK Artemis,Container Carrier,Ihi Marine United Inc.,3156,,"6,492Teus",25,ClassNK,Great River Line S.A.,299.9,40,23.9,14,75484,81171,Du Sulzer 12Rta96C Diesel X 1 Unit,
NYK Atlas,Container Carrier,Ihi Marine United Inc.,3169,21/07/2004,,25,ClassNK,Glorious River Line S.A.,299.9,40,23.9,14,75519,81171,Du-Sulzer 12Rta96C Diesel X 1 Unit,"61,350kW x 97.7rpm"
YM MODERATION,Container Carrier,"Imabari Shipbuilding Co., Ltd.",,31/03/2014,,25,ClassNK,"Los Halillos Shipping Co., S.A.",293.18,40,24.3,,71821,72370,Mitsui Man B&W 10K98Me-C (Mark7),
YM MOVEMENT,Container Carrier,,,29/07/2013,,25,,Paraiso Shipping S.A.,293.18,40,24.3,,71821,72370,Mitsui Man B&W 10K98Me,
NYK Argus,Large Container Carrier,Ihi Marine United Inc. (Ihi Mu) At The Kure Shipyard,,,"6,492Teu",25,ClassNK,Glorious River Line S.A. (For Nyk),284,40,23.9,14.035,75484,81171,Du-Sulzer 12Rta96C Diesel X 1 Unit,"61,350kW x 97.7rpm (MCR)"
OOCL DUBAI,Container Carrier,"Koyo Dockyard Co., Ltd.",Hong Kong,29/06/2006,"5,888Teus",25,ClassNK,Southern Route Maritime S. A.,280.54,40,24,14,66462,66940,Mitsui-Man B&W 10K98Mc (Mark Vi),"57,200kw x 94.0rpm"
Genoa Bridge,"5,576Teu Container Carrier","Koyo Dockyard Co., Ltd. (Imabari Group)",2152,,"5,576Teus",25,ABS,,278.94,40,24,12.5,66292,67197,Mitsui-Man B&W 10K98Mc(Vi),"57,200kW x 94.0rpm (MCR)"
LAVENDER,Car/Passenger Ferry,"Mitsubishi Heavy Industries, Ltd. (Mhi)",2 Units,28/02/2017,"600 Persons (Coasting Service), 54 Persons (Crew & Others), 150 Units (Tracks), 22 Units (Cars)",25,,"Shin Nihonkai Ferry Co., Ltd.",197.45,26.6,20.3,7.2,31389,,,
AZALEA,Car Ferry,,,26/06/2017,"600 People Passengers, 150 12M Long Trucks And 22 Passenger Automobiles",25,,"Shin Nihonkai Ferry Co., Ltd.",188,26.6,20.3,7.2,14125,,Wartsila 16V38C Diesel X 2 Units,"11,000kW"
HUMBER BRIDGE,"9,040Teu Container Ship",Ihi Marine United Inc.,3205,,"9,040Teus",24.5,ClassNK,,336,45.8,31,24.4,98800,87000,"Kawasaki Kisen Kaisha, Ltd. (K Line)",MAN B&W 12K98ME diesel
HAMBURG BRIDGE,Container Ship,Ihi Marine United Inc.,3232,,"9,040 Teus",24.5,ClassNK,,336,45.8,25,24.4,98800,87000,Kawasaki Kisen Kaisha (K Line),MAN B&W 12K98ME diesel x 1 unit
HONG KONG BRIDGE,Container Carrier,Ihi Marine United Inc.,3233,,"9,040Teu",24.5,ClassNK,,336,45.8,24.4,24,98800,87000,Kawasaki Kisen Kaisha (K Line),MAN B&W 12K98ME diesel x 1 unit
HUMEN BRIDGE,Container Carrier,Ihi Marine United Inc.,,,"9,040Teus",24.5,ClassNK,,336,45.8,24.4,23,3207,98747,Man B&W 12K98Me Diesel X 1 Unit,"Output: 67,270kW (MCR)"
MAERSK SEVILLE,Container Ship,Ihi Marine United Inc.,3200,,"8,466Teus",24.5,LR,Maersk Line Through Reederei Blue Star Gmbh,335,42.8,30,24.4,93500,97000,Du-Sulzer 12Rt-Flex 96C Diesel X 1 Unit,"61,900kW x 94.0rpm"
MAERSK SINGAPORE,"8,450Teu Container Ship",Ihi Marine United Inc. (Kure Shipyard),14.0M,,"8,450Teus",24.5,LR,Not Stated,335,42.8,30,24.4,94000,97000,Du-Sulzer 12Rt-Flex 96C Diesel X 1 Unit,"MCR: 61,900kW x 94.0rpm"
MAERSK SHEERNESS,Container Carrier,Ihi Marine United Inc.,3201,31/05/2006,,24.5,GL,Mendelssohn Star Schifffahrtsgesellschaft Mbh & Co. Kg,335,42.8,24.4,14,94724,97517,Du-Sulzer 12Rt-Flex 96C Diesel,
P&O Nedlloyd Michelangelo,Container Carrier,Ihi Marine United Inc.,3193,15/06/2005,,24.5,LR,Michelangelo Star Schifffahrtsgesellschaft Mbh & Co. Kg,335,42.8,24.4,14,94724,97517,"61,900Kw X 94.0Rpm",
P&O Nedlloyd Mondriaan,Container Ship,Ihi Marine United Inc. (Kure Shipyard),3191,,"8,176Teus (In Case Of 7 Tiers On Deck)",24.5,LR,P&O Nedlloyd B.V.,335,42.8,24.4,14,94724,97517,"61,900Kw X 94.0Rpm",
MOL MARVEL,Large Container Carrier,"Mitsubishi Heavy Industries, Ltd. (Mhi)",1286,,"6,724Teus",24.5,ClassNK,,312,43.4,24.8,14.2,78316,79460,"Mol Euro-Orient Shipping S.A. (Mitsui O.S.K. Lines, Ltd. (Mol))",Mitsubishi-Wartsila 10RT-Flex96C diesel x 1 unit
MOL Endurance,Container Ship,Ihi Marine United Inc.,3165,,"4,500Teus",24.5,ClassNK,Lunar River Line S.A.,294.13,32.26,23,19.03,53096,61441,Du Sulzer 9Rta96C Diesel X 1 Unit,
MOL Encore,"4,500Teu Panamax Container Carrier",Ihi Marine United Inc.,3163,25/03/2003,"4,500Teu",24.5,ClassNK,Lunar River Line S.A. Of Panama,294.13,32.26,19.03,13.54,53096,61441,Du-Sulzer 9Rta96C Diesel X 1 Unit,"49,410kW at 100.0rpm"
MOL Endeavor,Container Ship,Ihi Marine United Inc.,3164,26/06/2003,"4,500Teus",24.5,ClassNK,Lunar River Line S. A.,294.13,32.26,19.03,13.54,53096,61441,Du Sulzer 9Rta96C Diesel X 1 Unit,
LOS ANDES BRIDGE,Containership,Naikai Zosen Corporation,726,,"2,450Teu (Including 250 Reefer Containers)",24.4,ClassNK,Kono Shipping Inc.,199.93,32.2,18,16.6,27300,32600,Man B&W 7S70Mc-C Diesel,"21,735kW x 91min-¹"
HOKUREN MARU,Roll-On/Roll-Off Cargo Carrier,"Imabari Shipbuilding Co., Ltd.",604,,"135 Units (12M Chassis), 64 Cars, 12 Passengers",24,ClassNK,Japanese Domestic Owner,173.3,26.6,21.75,7.14,13950,6597,Kawasaki Man B&W 8L60Mc-C (M-Viii),"17,840 kW x 123 rpm"
YM NEW JERSEY,"4,923Teu Container Carrier","Koyo Dockyard Co., Ltd.",Panama,,"4,923Teu",23.8,ClassNK,Paraiso Shipping S. A.,294.03,32.2,24,21.5,54828,65123,Mitsui Man B&W 8K98Mc (Mark Vi) Diesel,"45,760kw x 94.0rpm"
IZUMI,"35,000Gt-Class Domestic Ropax Ferry","Mitsubishi Heavy Industries, Ltd.",Japan,15/01/2015,277 Trucks And 188 Cars,23.5,JG,,195,29.6,20.6,6.7,15897,,Wartsila 12V38C Diesel X 2 Units,"8,700kW/unit"
SETTSU,Ropax Ferry,"Mitsubishi Shipbuilding Co., Ltd.",,27/02/2020,"277 Units (8.5M Long Trucks), 188 Units (Passenger Cars), 663 People (Passengers), 36 Persons (Crew Members)",23.5,,"Hankyu Ferry Co., Ltd.",195,29.6,20.6,6.95,36206,7176,Wartsila 14V31 (Mr),"8,540kW x 2 units"
YAMATO,Ropax Ferry,"Mitsubishi Shipbuilding Co., Ltd.",1215,24/06/2020,,23.5,,"Hankyu Ferry Co., Ltd.",195,29.6,20.6,6.95,16292,7176,Wartsila 14V31 (Mr) X 2 Units,"8,540kW x 750min⁻¹"
Yamato,Ferry,"Mitsubishi Heavy Industries, Ltd. (Mhi)",,,"667 Passengers, 229 Trucks, 138 Passenger Cars",23.5,,"Hankyu Ferry Co., Ltd.",195,26.4,9.9,6.7,13353,,Wartsila 16V-38B X 2 Sets,
New Camellia,Car/Passenger Ferry,"Mitsubishi Heavy Industries, Ltd.",1104,,"522 Passengers, 220Teus And 40 Passenger Cars",23.5,,Nyk Line,170,24,6,,19961,4642,Medium Speed Diesel X 2 Units,"MCR: 26,920ps"
FERRY OSAKA II,Car/Passenger Ferry,"Mitsubishi Heavy Industries, Ltd. (Mhi)",2 Units,11/09/2015,"146 Trucks, 105 Cars",23.2,,Japan,183,27,15.15,6.7,23984,,,
Ferry Kyoto 2,Car/Passenger Ferry,"Mitsubishi Heavy Industries, Ltd.",1086,,,23.2,JG,"Meimon Taiyo Ferry Co., Ltd.",167,31,25.6,8,10000,4500,Pielstick 18Pc2-6V Diesel X 2 Units,
Ferry Fukuoka 2,Car/Passenger Ferry,"Mitsubishi Heavy Industries, Ltd. Shimonoseki Shipyard & Machinery Works",1087,,,23.2,JG,"Meimon Taiyo Ferry Co., Ltd. And The Corporation For Advanced Transport And Technology (Catt) Of Japan",167,25.6,8,6,10000,4500,Pielstick 18Pc2-6V Diesel X 2 Units,"13,500PS"
SUNFLOWER GOLD,"11,000 Gt Passenger And Vehicle Ferry","Mitsubishi Heavy Industries, Ltd. (Mhi)",6.00 M,,"138 Units (12M Truck), 9 Units (8M Truck), 75 Units (Passenger Car), 748 Persons",23.2,,"Diamond Ferry Co, Ltd.",165.5,27,15,14.3,11178,4458,Jfe Semt-Pielstick 12Pc2-6B Diesel X 2 Units,"9,000kW x 600min-1/unit"
FERRY TAKACHIHO,Passenger/Car Ferry,Naikai Zosen Corporation,,28/03/2022,"576 Passengers, 81 Automoobiles, 163 12M-Long Trucks, Two 8M-Long Trucks",23.1,JG,"Miyazaki Car Ferry Co., Ltd.",194,27.6,20.35,6.7,14006,5983,Jfe-S.E.M.T. Pielstick 12Pc2-6B Diesels X 2 Units,"8,570kW x 600/134.6min⁻¹ per unit"
MOL TRUTH,"20,000Teu Class Containership",,,31/10/2017,"20,182 Teus",23,,"Cypress Maritime, S.A.",383.4,58.5,32.9,16,210691,,Man B&W 11G95Me-C9.5 Diesel X 1 Unit,"56,380kW"
TAMPA TRIUMPH,Container Carrier,"Imabari Shipbuilding Co., Ltd.",,31/03/2017,,23,LR,"Cypress Maritime, S.A.",365.9,51.2,29.9,,150709,146792,Man B&W 11S90Me-C10.5 Diesel X 1 Unit,
YM TRANQUILITY,"11,000Teu Type Container Carrier","Imabari Shipbuilding Co.,Ltd.",,22/06/2022,"11,000Teu",23,LR,,333.95,48.4,26.88,,118524,136899,9S90Me-C10.5 Diesel X 1 Unit,
EVER FAR,Container Carrier,"Imabari Shipbuilding Co., Ltd.",,15/12/2020,,23,ABS,,333.95,48.4,26.8,,116295,130573,9S90Me-C10.5 Diesel X 1 Unit,
ISHIKARI,Ropax Ferry,Mitsubishi Heavy Industries' Shimonoseki Shipyard And Machinery Works,6.85M,,"184 Units (12M Truck), 5 Units (8.5M Truck), 47 Units (Passenger Car)",23,JG,"Taiheiyo Ferry Co., Ltd.",199.9,27,20.2,8,35028,6792,Jfe 16Pc2-6B Diesel X 2 Units,"12,000kW"
Kiso,Luxury Passenger And Vehicle Ferry,Mhi Shimonoseki Shipyard & Machinery Works,,,"800 Persons; 183 Units Of 12M Trucks, 5 Units Of 8.5M Trucks, 47 Units Of Private Cars",23,,Taiheiyo Ferries Co. Ltd.,199.9,27,20.2,6.7,35100,7042,Mitsubishi-Man 9L58/64 X 2 Units,"MR 11,840kW X 428 min-1/unit"
MARIMO,Roll On/Off Cargo Ship,,Japan,12/01/2018,,23,,Kinkai Yusen Kaisha Ltd.,179.9,27,23.27,6.8,11229,6100,Man B&W 9S50Me-C8.5 Diesel,"14,940kW x 127min-1"
Himawari No.5,Ro/Ro Cargo Ship,"Mitsubishi Heavy Industries, Ltd., Shimonoseki Shipyard",1096,,Trailer Chassis: 160 Units; Ordinary Car: 251 Units,23,ClassNK,,166.9,27,24,23.27,10470,15345,"Nippon Express Co., Ltd. And Shosen Mitsui Ferry Co., Ltd.",9UEC52LSE diesel x 1 unit
HIMAWARI 8,Ro/Ro Ship,"Mitsubishi Heavy Industries, Ltd.",1200,29/08/2017,,23,ClassNK,Nippon Express,166.9,27,23.27,6.85,10626,6138,Man B&W 9S50Me-C8.5 Diesel X 1 Unit,
Himawari No. 6,Ro/Ro Cargo Ship,"Mitsubishi Heavy Industries, Ltd., Shimonoseki Shipyard",,,,23,ClassNK,,166.9,27,23.27,6.6,10470,6202,"Nippon Express Co., Ltd. And Shosen Mitsui Ferry Co., Ltd.",9UEC52LSE diesel
Sunflower Hakata,Ro/Ro Cargo Ship,"Mitsubishi Heavy Industries, Ltd., Shimonoseki Shipyard",,,,23,ClassNK,,166.9,27,23.27,6.6,10470,6202,"Nippon Express Co., Ltd. And Shosen Mitsui Ferry Co., Ltd.",9UEC52LSE diesel
Sunflower Tokyo,Ro/Ro Cargo Ship,"Mitsubishi Heavy Industries, Ltd., Shimonoseki Shipyard",,,,23,ClassNK,,166.9,27,23.27,6.6,10470,6202,"Nippon Express Co., Ltd. And Shosen Mitsui Ferry Co., Ltd.",9UEC52LSE diesel
Musashi Maru,Roll-On/Roll-Off Cargoship,"Shin Kurushima Dockyard Co., Ltd.",,,"160 Units (Chassis), 120 Cars",23,ClassNK,"Kyushu Kyuko Ferry Co., Ltd.",166.03,27,22.5,7.017,13927,6389,B&W 12L50Mc-C,"16,920kW x 148min-1"
HIDAKA,"11,000Gt-Class Roll-On/Off Cargo Ship","Mitsubishi Heavy Industries, Ltd. And Kanda Shipbuilding Co., Ltd.",Japan,28/01/2015,161 13M-Long Chassis And 109 Passenger Cars,23,JG,,,27,23.27,6.8,11185,6300,Man B&M 9S50Me-C8.2,"14,940kW"
HONOLULU BRIDGE,Container Carrier,Ihi Marine United Inc.,3286,25/01/2012,"8,600Teus",22.7,ClassNK,Cherry Ship Holding S.A.,334.55,45.6,24.4,,97000,97000,Man B&W 9K98Me Mark Vi Diesel X 1 Unit,"51,480kW"
HOKKAIDO MARU,Ro/Ro Cargoship,,,,,22.7,JG,,179.9,27.6,20.98,,7100,12400,"Kawasaki Kinkai Kisen, Ltd.",9S50ME-C8.5 diesel x 1 unit
FUOU MARU,Roll-On/Roll-Off Cargoship,Naikai Zosen Corporation,,30/09/2016,"163 Chassis (12M Long X 2.5M Wide), 88 Passenger Cars (5M Long X 1.7M Wide)",22.6,,,173.08,27,22.6,6.9,11413,,"Kawasaki Kinkai Kisen Kaisha, Ltd.",MAN B&W 9S50ME-C8.2
NYK EAGLE,Mega Container Ship,Japan Marine United Corporation (Jmu),,02/09/2016,"14,000Teus",22.5,,Obana Ship Holding S.A.,364.15,50.6,29.5,15.75,139335,144285,Diesel United Wartsila W9X82,
NYK HAWK,Mega Container Ship,Japan Marine United Corporation (Jmu),,31/03/2017,"14,000 Teus (Including 1,120 Reefer Containers)",22.5,ClassNK,Vista Ship Holding S.A.,364.15,50.6,29.5,15.75,144285,139335,Diesel United Wartsila W9X82 Diesel X 1 Unit,
NYK WREN,Mega Container Ship,,,28/03/2018,"14,000Teus",22.5,ClassNK,,364.15,50.6,29.5,15.75,144285,139335,Diesel United Wartsila W9X82 Engine,
ONE APUS,Container Carrier,Japan Marine United Corporation,,,,22.5,ClassNK,Chidori Ship Holding Llc,364.15,50.6,29.5,15.79,146694,5124,,
ONE COLUMBA,Container Carrier,Japan Marine United Corporation,5122,16/11/2018,,22.5,ClassNK,Hanna Ship Holding S.A.,364.15,50.6,29.5,15.79,145647,138611,,
ONE CYGNUS,Container Carrier,Japan Marine United Corporation,5125,10/07/2019,,22.5,ClassNK,Denen Ship Holding Llc,364.15,50.6,29.5,15.79,146694,138611,Wingd W9X82 Diesel X 1 Unit,
ONE GRUS,Container Carrier,,5123,,,22.5,ClassNK,Basho Ship Holding Llc,364.15,50.6,29.5,15.79,146694,138611,Wingd W9X82 Diesel X 1 Unit,
ONE STORK,Mega Container Ship,Dorothy Ship Holding S.A.,,,"14,000-Teus",22.5,ClassNK,,364.15,50.6,29.5,15.75,144285,139335,,
SUNFLOWER KURENAI,"35,500Gt-Class Domestic Ropax Ferry","Mitsubishi Shipbuilding Co., Ltd.","6,918T",16/12/2022,"137 13M Trucks, 100 Cars, 716 Passengers, 43 Crew",22.5,,Japanese Government,199.9,28,20.9,6.8,17114,8800,"Mitsui O.S.K. Lines, Ltd., Ferry Sunflower Co., Ltd.",Wartsila 16V31DF
European Highlander,Roro Passenger Ferry,"Mitsubishi Heavy Industries, Ltd.",Lrs,31/05/2002,,22.5,,P&O European Ferries (Irish Sea) Ltd.,162.7,23.4,7.61,5.5,21188,4428,Wartsila 12V38,
MOL SPARKLE,Container Carrier,Naikai Zosen Corporation,9.80M,,"2,553Teu (Incd. 540 Reefers)",22.2,ClassNK,Toa Marine Inc.,199.93,32.2,30,16.6,27200,33100,Man B&W 7S70Mc-C Diesel X 1 Unit,"21,735kW x 91min-1"
ARICA BRIDGE,Container Carrier,Naikai Zosen Corporation,9.80M,,"2,450Teus",22.2,ClassNK,Garland Maritime S.A.,199.93,32.2,29,16.6,27213,32997,Man B&W 7S70Mc-C Diesel X 1 Unit,"21,735kW x 91min⁻¹"
GSL AFRICA,Container Carrier,Naikai Zosen Corporation At The Setoda Shipyard,Liberia,,"2,450 Teu Containers Including 250 Reefer Containers",22.2,ClassNK,Fortune Line Inc.,199.93,32.2,27,16.6,27213,32906,Man B&W 7S70Mc-C Diesel X 1 Unit,"MCR: 21,735kW x 91min-¹, NCR: 19,560kW x 88min-1"
CSCL HOUSTON,"2,553Teu Container Carrier",Naikai Zosen Corporation,717,,"2,553Teu",22.2,ClassNK,Peony Shipholding S.A.,199.93,32.2,26,16.6,27200,33100,Hitachi Man B&W 7S70Mc-C Diesel X 1 Unit,"21,735kW x 91rpm"
CONSTANTIN S,Container Carrier,Naikai Zosen Corporation,699,,"2,450Teus",22.2,ClassNK,H+H Schepers Gmbh & Co. Kg,199.93,32.2,24,16.6,27094,33355,Hitachi Man B&W 7S70Mc-C Diesel X 1 Unit,"21,735kW x 91min-1"
HELENE S,"2,450Teu Container Carrier",Naikai Zosen Corporation,700,,"2,450Teu",22.2,ClassNK,H+H Schepers Reederei Gmbh & Co. Kg,199.93,32.2,20,16.6,27213,32878,Man B&W 7S70Mc-C Diesel,"21,735 kW x 91min-1"
CSCL KINGSTON,Container Carrier,Naikai Zosen Corporation,716,30/05/2008,"2,553Teus",22.2,ClassNK,Peony Shipholding S.A.,199.93,32.2,16.6,9.8,33651,27104,Hitachi Man B&W 7 S70Mc-C Diesel X 1 Unit,"21,735kW (29,540ps) x 91rpm"
HANJIN DALIAN,Container Carrier,Naikai Zosen Corp.,,30/09/2011,"2,535Teu Containers",22.2,ClassNK,S.T. Ocean Shipping S.A.,199.93,32.2,16.6,9.8,27061,33381,Hitachi Zosen Man B&W 7S70Mc-C Diesel X 1 Unit,"21,735kW x 91min⁻¹"
HANJIN NINGBO,Container Carrier,Naikai Zosen Corporation / Setoda Works,707,19/07/2007,"2,553Teus",22.2,ClassNK,Peony Shipholding S.A.,199.93,32.2,16.6,9.8,27104,33632,Hitachi Man B&W 7S70Mc-C Diesel X 1 Unit,"21,735kW"
HANJIN QINGDAO,Container Carrier,Naikai Zosen Corporation,704,30/07/2007,"2,553Teus",22.2,ClassNK,Mitsubishi Corporation,199.93,32.2,16.6,9.8,27104,33648,Hitachi Man B&W 7S70Mc-C Diesel X 1 Unit,"21,735kW x 91min-1"
KOTA PERDANA,"2,553Teu Container Carrier",Naikai Zosen Corporation (Innoshima Shipyard),705,,"2,553Teus",22.2,ClassNK,Not Stated,199.93,32.2,16.6,14,27104,33423,Hitachi-Man B&W 7S70Mc-C Diesel X 1 Unit,"MCR: 21,735 kW x 91min-1"
MOL SUCCESS,Container Carrier,Naikai Zosen Corp.,,30/07/2010,,22.2,ClassNK,"Lucretia Shipping, S.A.",199.93,32.2,16.6,9.8,27104,33543,Man B&W 7S70Mc-C Diesel X 1 Unit,"21,735 kW x 91min-₁"
ORANGE HOPE,High-Speed Ferry,"Imabari Shipbuilding Co., Ltd.",606,,218 Passengers; 154 Trucks (12M Long Chassis); 205 Trucks (9M Long Chassis),22.2,,"Shikoku Kaihatsu Ferry Co., Ltd. And Japan Railway Construction, Transportation And Technology Agency",168,27.5,18.15,14,15732,5144,"18,550Kw",
Diamond Princess,Cruise Ship,"Mitsubishi Heavy Industries, Ltd. (Mhi), Nagasaki Shipyard & Machinery Works",,27/02/2004,"Passenger Cabins: 1,339; Passengers: 2,670",22.1,,Princess Cruises,290,37.5,41.3,8.05,116000,,Diesel-Generators; Gas Turbine-Generator; Propulsion Motors,"9,450kW x 2 units; 8,400kW x 2 units; 25,000kW x 1 unit; 20,000kW x 2 units"
ORANGE EHIME,Car Ferry,"Imabari Shipbuilding Co., Ltd.",,21/08/2018,,22.05,JG,Shikoku Kaihatsu Ferry Co. Ltd.,199.9,27.5,10.2,,15000,6464,Pielstic 18Pc2-6B Diesel,
ONE SINGAPORE,Very Large Container Ship,,Unknown,,,22,LR,"Imabari Shipbuilding Co., Ltd.",335.94,51,30.1,7,140233,,,
MAERSK EL ALTO,Containership,Maersk,1 Unit,26/09/2024,"12,800Teu",22,DNV,,335,51,27.1,16,152237,127832,Man 7G95Me-C10.5 Diesel,
MAERSK EUNAPOLIS,Containership,Japan Marine United Corporation (Jmu),,17/01/2025,"12,800 Teu",22,ClassNK,,335,51,27.1,,127832,152237,Man 7G95Me-C10.5,
YM TOPMOST,Container Carrier,"Imabari Shipbuilding Co., Ltd.",,28/09/2021,"11,000Teu",22,ABS,,333.95,48.4,27.2,,118523,136899,Man B&W S90Me-C10.5 Diesel X 1 Unit,
Kota Kaya,Container Carrier,"Toyohashi Shipbuilding Co., Ltd.",,,"3,081Teu",22,ClassNK,Pacific International Lines (Pte) Ltd.,233.17,32.2,17.1,11.7,31070,39932,Mitsui-Man B&W 7S70Mc-C Diesel X 1 Unit,MCR: 21 735 kW x 91min-1
Kota Gembira,"2,607Teu Container Carrier","Toyohashi Shipbuilding Co., Ltd.",3556,,"2,607Teus",22,ClassNK,Kota Gembira Limited,226.54,32.2,19,16.8,28676,37114,Mitsui-Man B&W 7S70Mc-C Diesel,"21,735kW x 91rpm (MCR)"
Wana Bhum,Container Carrier,"Mitsubishi Heavy Industries, Ltd",1107,15/06/2005,"2,378Teus",22,ClassNK,Regional Container Lines Pte. Ltd.,194.9,30.6,16.8,11.4,23922,30832,,
MAERSK EL BANCO,Containership,Japan Marine United Corporation (Jmu),,18/06/2024,"12,800Teu",22,DNV,,,51,27.1,16,127832,152237,7G95Me-C10.5 Diesel,
MANHATTAN BRIDGE,Container Carrier,,Panama,,,21.85,ClassNK,East River Shipping Gk,365.9,51.2,29.9,11,152297,147420,,
MONACO BRIDGE,Container Carrier,,,,,21.85,LR,Forward Gloria Navigation S.A.,365.9,51.2,29.9,,154000,144765,11S90Me-C10.5 Diesel,
WAN HAI 321,"3,055Teu Container Ship",Japan Marine United Corporation,Dnvgl,18/09/2020,"3,055Teus",21.6,,Wan Hai Lines (Singapore) Pte. Ltd.,203.5,34.8,16.6,11.5,30676,37160,Man-B&W 7S70Me-C10.5 X 1 Unit,
WAN HAI 322,Container Carrier,Japan Marine United Corporation,Dnvgl,,,21.6,,Wan Hai Lines (Singapore) Pte. Ltd.,203.5,34.8,16.6,11.5,30676,37160,Man-B&W 7S70Me-C10.5 Diesel X 1 Unit,
WAN HAI 323,Container Ship,Japan Marine United Corporation (Jmu),Dnvgl,09/12/2020,"3,055Teus",21.6,,Wan Hai Lines (Singapore) Pte. Ltd.,203.5,34.8,16.6,11.5,30676,37160,Man-B&W 7S70Me-C10.5 X 1 Unit,
WAN HAI 325,Container Carrier,Japan Marine United Corporation,,,,21.6,DNV,Wan Hai Lines (Singapore) Pte. Ltd.,203.5,34.8,16.6,11.5,30676,37160,Man-B&W 7S70Me-C10.5 X 1 Unit,
WAN HAI 326,Container Carrier,Japan Marine United Corporation,,,,21.6,ClassNK,Wan Hai Lines (Singapore) Pte. Ltd.,203.5,34.8,16.6,11.5,30531,37160,Man-B&W 7S70Mec 10.5 Diesel X 1 Unit,
WAN HAI 327,Container Carrier,Japan Marine United Corporation,,,,21.6,ClassNK,Wan Hai Lines (Singapore) Pte. Ltd.,203.5,34.8,16.6,11.5,30531,37160,Man-B&W 7S70Me-C10.5 Diesel,
WAN HAI 328,Container Ship,Japan Marine United Corporation,,14/05/2021,"3,055Teus",21.6,ABS,Wan Hai Lines (Singapore) Pte. Ltd.,203.5,34.8,16.6,11.5,30468,37160,Man-B&W 7S70Me-C10.5 Diesel,
WAN HAI 329,Container Carrier,Japan Marine United Corporation,,,,21.6,ABS,Wan Hai Lines (Singapore) Pte. Ltd.,203.5,34.8,16.6,11.5,30468,37160,Man-B&W 7S70Me-C10.5 Diesel X 1 Unit,
WAN HAI 372,Container Ship,Japan Marine United Corporation,5509,23/04/2024,"3,055Teu",21.6,DNV,Singapore,203.5,34.8,16.6,11.5,30676,37160,Man B&W 7S70Me-C10.5,
WAN HAI 373,"3,055Teu Containership",Japan Marine United Corporation,Singapore,26/06/2024,,21.6,DNV,,203.5,34.8,16.6,11.5,30676,37160,Man B&W 7S70Me-C10.5 Diesel,
WAN HAI 377,Container Ship,Japan Marine United Corporation,,01/10/2024,"3,055Teus",21.6,DNV,Wan Hai Lines (Singapore) Pte. Ltd.,203.5,34.8,16.6,11.5,30676,37160,Man-B&W 7S70Me-C10.5 Diesel X 1 Unit,
MAERSK FORTALEZA,Container Carrier,"Imabari Shipbuilding Co., Ltd.",,03/04/2024,,21.5,ClassNK,,254.94,40,21.7,6,57872,76521,,
MAERSK FUKUOKA,Container Carrier,"Imabari Shipbuilding Co., Ltd.",,,,21.5,ABS,,254.94,40,21.7,6,63709,76480,,
INTERASIA TENACITY,Containership,Japan Marine United Corp.,5520,,"3,055-Teu",21.5,DNV,Singapore,203.5,34.8,16.6,,30676,37160,Man B&W 7S70Me-C10.5,
INTERASIA TRANSFORM,Containership,Interasia Lines Singapore Pte. Ltd.,1 Unit,03/10/2024,"3,055Teu",21.5,DNV,,203.5,34.8,16.6,11.5,30676,371600,Man B&W 7S70Me-C10.5 Diesel,
WAN HAI 357,"3,013Teu-Type Container Ship",Japan Marine United Corporation,,29/11/2022,,21.5,ABS,Wan Hai Lines (Singapore) Pte. Ltd.,203.5,34.8,16.6,11.5,30776,36776,Manb&W 7S70Me-C10.5 Diesel,
WAN HAI 361,Container Ship,Japan Marine United Corporation,Singapore,27/04/2023,"3,013Teu",21.5,DNV,,203.5,34.8,16.6,11.5,30519,36776,Man B&W 7S70Me-C10.5-Hpscr,
WAN HAI 363,"3,013Teu Container Ship",Japan Marine United Corporation,5503,30/05/2023,"3,013Teu",21.5,ABS,Wan Hai Lines (Singapore) Pte. Ltd.,203.5,34.8,16.6,11.5,30776,36776,Man B&W 7S70Me-C10.5-Hpscr Diesel,
WAN HAI 366,Container Ship,,Singapore,,,21.5,DNV,,203.5,34.8,16.6,11.5,30676,37160,Man B&W 7S70Me-C10.5 Diesel,
WAKANATSU,Coasting Ro-Ro Cargo Ship,"Onomichi Dockyard Co., Ltd. And Saiki Heavy Industries Co., Ltd.",6.00M,,170 Vehicles,21.5,ClassNK,Ryukyu Kaiun Kabushiki Kaisha,168.71,26,13.9,12,618,6890,Man-B&W 8S50Mc-C (Mk-8) Diesel X 1 Unit,"13,280 KW x 127 min-1"
Puteri Delima Satu,Lng Carrier,"Mitsui Engineering & Shipbuilding Co., Ltd. (Mes) Chiba Works",1506,,"137,100M3",21.38,LR,Malaysia International Shipping Corporation Berhad,276,43.4,25.5,11.01,93038,76190,"26,800Kw X 89Rpm",
Puteri Zamrud Satu,Lng Carrier,"Mitsui Engineering & Shipbuilding Co., Ltd.",1507,,,21.38,LR,Malaysia International Shipping Corporation Berhad,276,43.4,25.5,11.01,94446,76144,,
Puteri Mutiara Satu,Membrane Type Lng Carrier,"Mitsui Engineering & Shipbuilding Co., Ltd. (Mes)",1562,,"About 137,595M3",21.38,LR,Malaysia International Shipping Corporation Berhad (Misc),276,43.4,25.5,11.01,94446,76229,"26,800Kw X 89Rpm",
Dukhan,Lng Carrier,"Mitsui Engineering & Shipbuilding Co., Ltd. (Mes)",1561,,"Approx. 135,000M3 At Low Temperature",21.32,ClassNK,Qatar Lng Transport Ltd.,297.5,45.75,25.5,10.95,111162,72533,"Mcr: 26,800Kw X 89Rpm",
NISSEI-MARU,Ro/Ro Ship,"Shin Kurushima Dockyard Co., Ltd.",,,,21.2,,,169.98,26,24.6,7.167,2013,7200,Mitsui Man B&W 8S50Mec8 Diesel,"13,280kW (18,056ps) x 127rpm"
SHURI,Ro/Ro Cargo Ship,"Imabari Shipbuilding Co., Ltd./I-S Shipyard Co., Ltd.",,25/07/2022,,21.1,ClassNK,,180.32,27,23.27,,15816,7073,9S50Me-C8.5 Diesel X 1 Unit,
ARCTIC DISCOVERER,Lng Carrier,"Mitsui Engineering & Shipbuilding Co., Ltd.",1564,,"Abt. 140,000M3",21.08,DNV,,289.5,48.4,26.5,11.3,118571,75485,"Mcr: 27,000Kw X 81Rpm",
HOYO MARU,Ro/Ro Ship,Naikai Zosen Corporation,,30/06/2020,,21,ClassNK,"Fukuju Shipping Co., Ltd./Toyofuji Shipping Co., Ltd.",169.99,28,24.89,6.75,14000,,Hitachi-Man B&W 8S50Me-C9.6 Diesel X 1 Unit,"11,400kW x 117.0min⁻¹"
IZUMI MARU,Ro-Ro Cargo Ship,Naikai Zosen Corporation,,24/05/2019,"50 Units Of 13M Trailers; 1,463 Units Of Passenger Cars",21,ClassNK,"Izumi Kisen Co., Ltd.",165,27.6,24.59,6.6,13038,,Hitachi-Man B&W 8S50Me-C8.5 Diesel X 1 Unit,"12,200kW x 127.0min-¹ (MCO); 10,370kW x 120.3min-¹ (NCO)"
HOSHO MARU,Car And General Cargo Carrier,"Mitsubishi Heavy Industries, Ltd.",1118,,"2,000 Cars",21,ClassNK,"Toyofuji Shipping Co., Ltd./ Miyazaki Sangyo Kaiun Co., Ltd.",165,27.6,24.15,12,12687,5490,Mitsubishi 7Uec52Lse Diesel X 1 Unit,
TRANS FUTURE 8,Roll On/Off Type Vehicle Carrier,"Mitsubishi Heavy Industries, Ltd. At Shimonoseki Shipyard & Machinery Works",Panama,21/05/2010,"2,021 Cars (Toyota Crown)",21,"Nk, Ns* (Roro, Eq Cv & Dg), Mns* (M0)",Feng Li Maritime Corporation,165,27.6,24.15,6.5,28755,6220,Mitsubishi-Ue 7Uec52Lse Diesel X 1 Unit,"11,935kW x 127min-1"
YONE MARU,Ro/Ro Cargo Ship,Naikai Zosen Corporation,,30/06/2022,"92 Chassis (L/B: 13M/2.5M), 100 Cars (L/B: 4.9M/1.83M), 21 10Ft Containers, 123 20Ft Containers",21,ClassNK,"Nansei Kaiun Co., Ltd. And The Japan Railway Construction, Transport And Technology Agency (Jrtt)",154.63,25,21.4,6.6,8704,,Makita-Mitsui-Man B&W 8S46Me-B8.5 Diesel X 1 Unit,"9,384kW x 122.2min⁻¹"
HARU MARU NO. 3,Roll-On/Off Cargo Ship,Naikai Zosen Corporation,,28/10/2015,,21,ClassNK,,153.92,25,17.5,6.5,8558,4990,Hitachi Man B&W 7S50Me-B8.3 Diesel X 1 Unit,
FERRY NAMINOUE,Cargo And Passenger Ferry,,,19/09/2012,"10Ft Containers X 312, 8T Trucks X 48, Cars X 72",21,,"Japanese Government, Restricted Greater Coasting Service",145,24,14.5,,16973,3833,Jfe 12Pc2-6V Diesel X 2,"6,070kW x 520min-¹/set"
FERRY AKEBONO,Passenger/Car Ferry,"Mitsubishi Heavy Industries, Ltd.",,,"Passengers: 682 People, Containers: 311Teus, Vehicles: 50 Trucks, 76 Passenger Cars",21,,"Japan Railway Construction, Transport And Technology Agency And A-Line Ferry Co., Ltd.",135,24,14.5,6.25,8083,,Jfe 12Pc2-6V Diesel X 2 Units,"6,070kW x 2 units"
TOYOFUJI MARU NO. 2,Car And General Cargo Carrier,"Mitsubishi Heavy Industries, Ltd.",1128,,"2,000 Cars",21,ClassNK,"Toyofuji Shipping Co., Ltd.",,27.6,26,24.15,16500,12801,Mitsubishi 7Uec52 Lse Diesel X 1 Unit,
TAIGA,Vlcc,"Mitsui Engineering & Shipbuilding Co., Ltd.",,,"354,751.2M3",,ClassNK,Fortis Maritime S. A.,333,60,28.8,20.943,1669,160109,Mitsui-Man B&W 7S80Mc-C Diesel X 1 Unit,"Max. continuous output: 27,160kW x 76rpm"
Selene Trader,Vlcc,"Mitsui Engineering & Shipbuilding Co., Ltd.",1558,,"352,606M3",,ClassNK,Regulus Lines S. A.,333,60,29.65,20.879,159912,299991,Mitsui-Man B&W 7S80Mc-C Diesel,"27,160kW x 76rpm"
EMERALD ACE,Vehicle Carrier,"Mitsubishi Heavy Industries, Ltd. (Mhi)",,29/06/2012,"Nippon Kaiji Kyokai Ns* (Vehicles Carrier), Iws, Mns* (M0)",20.65,,,199.99,34.52,32.26,,6400,60154,"Mitsui O.S.K. Lines, Ltd. (Mol)",Mitsubishi-UE 7UEC60LSII (P/U) diesel x 1 unit
LEO SPIRIT,Car Carrier,"Shin Kurushima Toyohashi Shipbuilding Co., Ltd.",Panama,,,20.65,ClassNK,,199.99,34.51,32.26,,3652,16758,B&W 7S60Mc-C (Mark 8) Diesel X 1 Unit,
FAVORITE ACE,Pcc,"Shin Kurushima Dockyard Co., Ltd.",5308,,,20.65,ClassNK,Glory Ocean Shipping S. A.,199.99,34.26,32.26,11,60118,17709,Kobe Diesel-Mitsubishi 8Uec60Lsii Diesel,
PLEIADES SPIRIT,Pctc (Vehicle Carrier),"Toyohashi Shipbuilding Co., Ltd.",3615,,,20.65,ClassNK,Fair Wind Navigation S.A.,199.99,34.26,32.26,22,60330,17424,Mitsui-Man B&W 7S60Mc-C (Mark 8) Diesel X 1 Unit,
QUEEN SAPPHIRE,Roll-On/Roll-Off Type Vehicle Carrier,"Mitsubishi Heavy Industries, Ltd.",,,"Approximately 6,400 Passenger Cars (Rt Type)",20.65,ClassNK,Clio Marine Inc.,192,34.52,32.26,30,60148,,Mitsubishi-Ue 7Uec60Lsii (P/U) Diesel X 1 Unit,
AQUAMARINE ACE,Roll-On Roll-Off Type Vehicle Carrier,"Mitsubishi Heavy Industries, Ltd.",,,"Approximately 6,400 Passenger Cars (Rt Type)",20.65,,Nippon Kaiji Kyokai,,34.52,32.26,21,60143,,"Mitsui O.S.K. Lines, Ltd. (Mol)",Mitsubishi-UE 7UEC60LSII (P/U) diesel x 1 unit
Utopia Ace,Roll On Roll Off Type Vehicle Carrier,"Mitsubishi Heavy Industries, Ltd. (Mhi), Kobe Shipyard & Machinery Works",,30/07/2004,"Approximately 6,400 Passenger Cars (Rt Type)",20.65,,"Nippon Kaiji Kyokai Ns* (Vehicle Carrier), Mns* (Mo)",,34.52,32.26,,60175,,"Mitsui O.S.K. Lines, Ltd. (Mol)",Mitsubishi-UE 7UEC60LSII diesel x 1 unit
ANTARES LEADER,Ro/Ro Type Vehicle Carrier,"Mitsubishi Heavy Industries, Ltd. (Mhi)",,07/06/2011,"Approximately 6,400 Passenger Cars (Rt43 Type)",20.35,,Nippon Yusen Kabushiki Kaisha (Nyk Line),192,34.52,32.26,,60284,,Mitsubishi-Ue 7Uec60Lsii-Eco Diesel X 1 Unit,
AURIGA LEADER,Ro/Ro Type Vehicle Carrier,"Mitsubishi Heavy Industries, Ltd.",,,"Approximately 6,400 Passenger Cars (Rt43 Type)",20.35,ClassNK,Nippon Yusen Kabushiki Kaisha (Nyk Line),,34.52,32.26,19,60213,,Mitsubishi-Ue 7Uec60Lsii (P/U) Diesel X 1 Unit,
TØNSBERG,Ro/Ro Vessel,"Mitsubishi Heavy Industries, Ltd. (Mhi)",2262,,,20.25,DNV,Wilhelmsen Lines Shipowning Malta Ltd (Wilh. Wilhelmsen Holding Asa (W/W)),265,33.22,32.26,18,74622,43880,Man B&W 7L70Me-C8 Diesel X 1 Unit,"20,100kW"
IRIS LEADER,Pure Car Carrier,,,,,20.2,ClassNK,Star Fruit Maritima S.A.,199.9,38.07,34.8,,20853,,7Uec60Lse-Eco-A2 Diesel X 1 Unit,
REIMEI MARU,Passenger/Car Ferry,Naikai Zosen Corporation,Japan,17/06/2022,"586 Passengers, 28 Automobiles, 38 8-Tonner Trucks",20.2,JG,"Jrtt And Uwajima Unyu Co., Ltd.",121.41,16,10.6,4.45,2718,,Daihatsu 6Dkm-36E Diesel X 2 Units,"3,310kW x 2"
AKATSUKI MARU,Passenger/Car Ferry,Naikai Zosen Corp. At Setoda Works,4.45M,29/05/2014,"35 Trucks, 25 Passenger Cars, 586 Passengers",20.2,,"Japan Railway Construction, Transport And Technology Agency (Jrtt) And Uwajima Unyu Co., Ltd.",116.5,16,10.6,6,2538,1130,"3,310Kw",
Ooita,Passenger/Car Ferry,"Naikai Zosen Corporation (Nzc), Setoda Works",688,,"35 Trucks, 25 Passenger Cars, 500 Persons",20.2,JG,"Uwajima Unyu Co., Ltd. And Corporation For Advanced Transport & Technology (Catt)",115,16,10.6,4.45,2453,1175,Daihatsu 6Dkm-36 Diesel X 2 Units,
MANYO,Passenger/Car Ferry,Naikai Zosen Corporation,Nagasaki,,"18 Eight-Ton Trucks, 482 People Within Six Hours",20.2,JG,"Kyushu Shosen Co., Ltd.",86.5,14.5,10.4,4.3,1551,738,Daihatsu 6Dcm-32 Diesel X 2 Units (Twin Propellers),"2,942kW x 750/186 min⁻¹"
TRINITY ARROW,Lng Carrier,"Imabari Shipbuilding Co., Ltd.",2258,,"154,982M3",20.15,LR,Trinity Transport S.A.,289.93,44.7,31,26,108010,79556,Kawasaki Ua400 Steam Turbine X 1 Unit,"29,420kW x 81rpm"
GDF SUEZ POINT FORTIN,Lng Carrier,"Imabari Shipbuilding Co., Ltd.",Hn:2263,,"154,914M³",20.15,LR,"Los Halillos Shipping Co., S.A.",289.93,44.7,26,12.05,101129,79592,Kawasaki Ua400 Steam Turbine X 1 Unit,"29,420kW x 81rpm"
MORNING CHARLOTTE,Pure Car Carrier,"Imabari Shipbuilding Co., Ltd. (Marugame Works)",1464,,"6,502 Units",20.15,"Nk, Ns* (Vehicle Carrier) And *Mns, M0",Eukor,199.94,34.34,32.2,31,60876,22578,Kobe Diesel-Mitsubishi 8Uec 60Lsii X 1 Unit,"MCR: 15,540 kW x 104rpm"
TOSCA,Pure Car And Truck Carrier (Pctc),"Nagasaki Shipyard & Machinery Works Of Mitsubishi Heavy Industries, Ltd. (Mhi)",Singapore,18/01/2013,"6,459 Cars",20,,,199.99,36.02,32.26,11,22585,,7Uec60Lsii-Eco Diesel,"13,240kW x 105min-1"
Torrens,Pure Car Truck Carrier,"Mitsubishi Heavy Industries, Ltd.",2196,,"6,500 Units",20,DNV,,199.99,36.02,32.26,29,61321,14512,"13,240 Kw X 105.0Rpm",
NIAGARA HIGHWAY,Pure Car Carrier,"Imabari Shipbuilding Co., Ltd.",Unit,25/03/2019,,20,ClassNK,"Yahata Kisen Co., Ltd./Pedregal Maritime S.A.",199.98,38.79,37.2,,21052,,7Uec60Lse-Eco-A2 Diesel,
BRASILIA HIGHWAY,Pcc,"Imabari Shipbuilding Co., Ltd.",1503,,"6,237 Units (Rt43)",20,"Nk, Ns* (Vehicles Carrier) And Mns*, Mo",,199.97,34.48,32.26,20,59440,18793,"Kawasaki Kisen Kaisha, Ltd.",Kobe Diesel-MITSUBISHI 8UEC60LSII diesel x 1 unit
MORNING CINDY,Pure Car Carrier,,,,,20,ClassNK,Lucia Navigation S.A.,199.97,34.48,32.26,,18954,,Kobe Diesel-Mitsubishi Ue Diesel,
GLOBAL HIGHWAY,Car Carrier,"Shin Kurushima Dockyard Co., Ltd.",S-5875,16/03/2016,,20,ClassNK,Not Specified,199.96,38,14.65,10.227,75036,20686,,
PLEIADES LEADER,Pure Car Carrier,"Shinkurushima Toyohashi Shipbuilding Co., Ltd.",3626,,,20,ClassNK,Fi Strawberry Leasing Ltd.,199.94,37.41,32.26,13,62994,21462,Kobe Diesel-Mitsubishi 8Uec 60Lsii Diesel X 1 Unit,
CETUS LEADER,Car Carrier,"Toyohashi Shipbuilding Co., Ltd.",,,"5,427 Units",20,ClassNK,Zuijin Shipholding S. A. Of Panama,199.94,34.8,32.26,10.3,62195,21466,Kobe Diesel-Mitsubishi 8Uec 60Lsii Diesel X 1 Unit,"MCR: 15,540kW (21,129PS) x 104min-1 (rpm)"
Phoenix Leader,Pcc,"Imabari Shipbuilding Co., Ltd.",,,"5,400 Units",20,ClassNK,Ohjin Shipholding S. A.,199.94,34.8,32.26,10,1423,61804,"Kobe Diesel-Mitsubishi Ue Diesel Engine, 8Uec60Lsii X 1 Unit","MCR: 15,540kW x 104rpm"
Pyxis Leader,Pure Car Carrier,"Toyohashi Shipbuilding Co., Ltd.",,,"5,427 Units",20,ClassNK,Pyxis Shipholding S. A. Of Panama,199.94,34.8,32.26,10.3,62195,21466,Kobe Diesel-Mitsubishi 8Uec 60Lsii,"15,540 kW (21,129ps) x 104 min-1"
TAURUS LEADER,Pure Car Carrier,,5820,,,20,DNV,,199.9,37.7,35.8,9.027,69931,19278,Mitsui-Man B&W 7S60Me-C8.2 Diesel X 1 Unit,
Grand Mercury,Pctc,"Shin Kurushima Dockyard Co., Ltd.",5137,,,20,,Dynamic Sunrise Shipping S.A.,199.54,32.26,24,14.6,58947,19121,,
Courageous Ace,Pure Car Carrier,"Minaminippon Shipbuilding Co., Ltd.",,,"6,400 Units (Small Car Equivalent)",20,ClassNK,Courageous Shipholding S. A.,198,33.7,32.2,,57000,,"14,160Kw",
EVER OUTDO,"2,400Teu Type Container Carrier","Imabari Shipbuilding Co., Ltd.",,26/05/2022,,20,ABS,,194.9,32.2,17,,27025,33512,8S60Me-C10.5 Diesel X 1 Unit,
TOSCANA,Pctc,"Mitsubishi Heavy Industries, Ltd.",,12/06/2009,"6,556 Cars (Rt-43)",20,DNV,Wilhelmsen Lines Shipowning As,192,36.02,32.26,,61328,,Mitsubishi-Ue 7Uec60Lsii (Derated) Diesel X 1 Unit,"13,240kW x 105.0min⁻¹"
WESTERN HIGHWAY,Pure Car Carrier,"Shin Kurushima Dockyard Co., Ltd., Onishi Shipyard",,,3893 Units,20,ClassNK,"Bulkstar Enterprise Co., Ltd.",188.03,28.2,27.97,8.524,5346,39422,8Uec 50Lsii Diesel X 1 Unit,
SIERRA NEVADA HIGHWAY,Pcc (Vehicle Carrier),Naikai Zosen Corporation,697,,"4,300 Units In Terms Of Passenger Cars",20,ClassNK,River Spring Corporation Of Panama,183,31,30.2,28.8,44364,12851,Man B&W 6S60Mc-C Diesel,"11,620kW"
ROCKIES HIGHWAY,Pure Car/Truck Carrier,Naikai Zosen Corporation,696,,"4,318 Units",20,ClassNK,River Spring Corporation Of Panama,183,30.2,29,28.8,44364,12828,Man B&W 6S60Mc-C Diesel X 1 Unit,"11,620kW"
COLORADO HIGHWAY,Car Carrier,Naikai Zosen Corporation,695,,"4,300 Units",20,ClassNK,River Spring Corporation,183,30.2,28.8,20,44382,12806,Man B&W 6S60Mc-C Diesel X 1 Unit,"MCR: 11,620 kW"
EVER BLINK,Container Carrier,"Imabari Shipbuilding Co., Ltd.",,10/10/2019,,20,ClassNK,"Lepta Shipping Co., Ltd.",171.9,28.4,14.5,,19000,21700,6S60Me-C10.5 Diesel X 1 Unit,
JUPITER LEADER,Car Carrier,Naikai Zosen Corporation,722,,"4,300 Units (Passenger Cars)",20,ClassNK,River Spring Corporation,170,30.2,28.8,28,44412,12889,Man B&W 6S60Mc-C Diesel X 1 Unit,"11,620kW"
BLUE DOLPHIN,Passenger/Car Ferry,Naikai Zosen Corporation,,29/09/2016,,20,JG,,144.13,23,14.1,5.9,8850,,Hitachi Zosen Man B&W 6S50Mc-C8.2 Diesel,"9,945kW x 127.0min-1"
BLUE LUMINOUS,Passenger/Car Ferry,Naikai Zosen Corporation,,01/06/2020,583 Passengers; 70 Units (12M Long Type) Trucks; 1 Unit (8M Long Type) Automobiles; 30 Automobiles,20,JG,"Tsugaru Kaikyo Ferry Co., Ltd.",144.13,23,14.1,6,8800,3440,Hitachi Zosen Man B&W 6S50Mc-C8.2 Diesel X 1 Unit,"9,945kW x 127.0min⁻¹"
SILVER BREEZE,Passenger/Car Ferry,Naikai Zosen Corporation,,10/06/2021,,20,JG,Jrtt And Tsugaru Kaiyo Ferry Co. Ltd.,144.1,23,14.1,6,8900,3440,Hitachi Zosen Man J&W 9S50Me-C9.2 Diesel X 1 Unit,"9,945kW x 127.0min-1"
SALVIA-MARU,Cargo-Passenger Ship,"Mitsubishi Shipbuilding Co., Ltd.",,05/06/2020,38 Units Of Containers,20,JG,"Japan Railway Construction, Transport And Technology Agency And Tokai Kisen Co., Ltd.",118.09,17,9,5.4,6099,,Mitsubishi 6Uec35Lse-Eco-B2 Diesel X 1 Unit,"5,220kW"
LUNA SPIRIT,Vehicle Carrier,"Mitsubishi Heavy Industries, Ltd. (Mhi), Shimonoseki Shipyard And Machinery Works",,16/04/2007,"3,930 Passenger Cars (Rt Type)",19.9,"Nk, Ns* (Vehicles Carrier) Mns* (Mo)",Fair Wind Navigation S. A.,180,30.94,30,8.2,43810,,"Mcr: 11,560 Kw X 127Min-1",
POSITIVE LEADER,Vehicle Carrier,"Mitsubishi Heavy Industries, Ltd. (Shimonoseki Shipyard)",,13/07/2006,"3,930 Passenger Cars (Rt Type); Complement: 24",19.9,"Nk, Ns* (Vehicles Carrier) Mns* (M0)",Oceanic Trader S. A.,180,30.94,30,8.2,43810,10862,Mitsubishi-Ue 8Uec50Lsii Diesel X 1 Unit,"MCR: 11,560 kW x 127min-1"
LAKE GENEVA,Pure Car Carrier,"Imabari Shipbuilding Co., Ltd.",,27/01/2015,,19.85,ClassNK,Pental Maritime Inc.,199.9,32.26,21.31,7,59516,13753,,
GRAND HERO,Pure Car Carrier,"Toyohashi Shipbuilding Co., Ltd.",3598,02/07/2007,"6,402 Cars",19.8,,Dynamic Player Shipping S.A.,199.99,35.8,32.26,9.6,59217,18085,Mitsui-Man B&W 7S60Mc (Mk 6) Diesel X 1 Unit,"MCR: 14,280kW (19,416PS) x 105min-1"
GRAND VICTORY,Large Car Carrier,"Onishi Shipyard Of Shin Kurushima Dockyard Co., Ltd.",5440,,"6,402 Units",19.8,,Dynamic Inventor Marine S.A.,199.99,35.8,32.26,9.625,59217,18299,B&W 7S60Mc (Mark Vi) Diesel X 1 Unit,
Grand Phoenix,Car Carrier,"Toyohashi Shipbuilding Co., Ltd.",3572,,,19.8,,Dynamic Aurora Shipping S. A.,199.99,35.8,32.26,9.6,59217,18383,Mitsui Man B&W 7S60Mc (Mark 6) Diesel X 1 Unit,"14,280 kW (19,416ps) x 105 min-1 (rpm)"
Hual Dubai,Panamax Car Carrier,"Toyohashi Shipbuilding Co., Ltd.",Panama,,"6,402 Vehicles",19.8,,Dynamic Rainbow Marine S. A. Of Panama,199.99,35.8,32.26,9.6,59217,18369,Mitsui-Man B&W 7S60Mc (Mark 6) Diesel X 1 Unit,"14,280 kW (19,416 PS) x 105 min-1"
TRANS HARMONY 1,Vehicle Carrier,,Panama,15/01/2018,"3,000 Passenger Cars",19.75,,"Toyofuji Shipping Co., Ltd.",199.9,32.2,30.33,8.1,50200,,Man B&W 6S60Me-C8.5 Diesel,"11,400kW x 105.0min-1"
HANJIN SURABAYA,Container Carrier,"Imabari Shipbuilding Co., Ltd.",S-672,,"1,708Teus",19.7,ClassNK,Domestic Owner,171.99,27.6,20,14,17225,21978,Mitsui-Man B&W 7S60Mc (Mk 7) Diesel,"15,820kW x 105rpm"
CYPRIA SOYA,Passenger/Car Ferry,Naikai Zosen Corporation,4.00M,,21 Units 8T Trucks; 55 Units Passenger Cars; 600 People,19.6,,Heart Land Ferry Company,95.7,22,15,9.95,729,3555,Daihatsu 8Dkm-28 Diesel,"2,350kW x 750/215 min-1"
ENERGY HORIZON,Lng Carrier,"Kawasaki Heavy Industries, Ltd.",1664,02/09/2011,"177,440M³ (At -163°C, 100%)",19.5,ClassNK,"Tokyo Lng Tanker Co., Ltd. And Nippon Yusen Kabushiki Kaisha (Nyk Line)",300,52,28,11.65,141136,87257,Kawasaki Ura-450 Reheat Cycle Turbine Plant,"29,890kW x 76rpm"
GRACE DAHLIA,Lng Carrier,"Kawasaki Heavy Industries, Ltd.",Nyk Line,,"177,427M³",19.5,,,300,52,28,11.65,141671,86512,Kawasaki Ura-450,
LNG SAKURA,Lng Transport Vessel,"Kawasaki Heavy Industries, Ltd.",1731,26/02/2018,"177,377M³",19.5,ClassNK,Bahamas,300,48.9,27,11.8,135977,82137,,
MARVEL PELICAN,Lng Transport Vessel,"Kawasaki Heavy Industries, Ltd.",1729,13/12/2019,,19.5,ClassNK,Panama,299.9,48.9,27,11.8,155985,128917,"Mitsui & Co., Ltd.",
SHINSHU MARU,Lng Carrier,"Kawasaki Heavy Industries, Ltd.",1734,15/02/2019,"177,277M³",19.5,,Jera-Nyk Line Jv,299.9,48.9,27,11.8,135951,82287,,
SOHSHU MARU,Lng Transport Vessel,"Kawasaki Heavy Industries, Ltd.",1735,19/07/2019,"177,269M³",19.5,ClassNK,Bahamas,299.9,48.9,27,11.8,135951,82254,,
MARVEL CRANE,Lng Carrier,"Mitsubishi Shipbuilding Co., Ltd.",11.40M,28/03/2019,"177,627M³",19.5,ABS,"Lepta Shipping Co., Ltd.",297.5,48.94,27.5,21,139049,,"13,000Kw X 62.0Rpm, 13,000Kw X 62.0Rpm",
MARVEL HERON,Lng Carrier,"Mitsubishi Shipbuilding Co., Ltd. (Mhimsb)",,26/09/2019,"177,561M³",19.5,ABS,,297.5,48.94,27.5,11.4,2322,139050,"2 X 13,000Kw X 62.0Rpm",
BUSHU MARU,Moss Type Lng Carrier,"Mitsubishi Shipbuilding Co., Ltd. (Mhimsb)",,04/07/2019,"180,520M³",19.5,ABS,,297.5,48.94,27,11.5,2327,149367,"12,450Kw X 61.1Rpm",
LNG JUNO,Lng Carrier,"Mitsubishi Shipbuilding Co., Ltd.",11.5M,30/11/2018,"180,517M³",19.5,ABS,Mog-X Lng Shipholding S.A.,297.5,48.94,27,21,2323,149367,"12,450Kw X 61.0Rpm / 12,450Kw X 61.0Rpm",
CASTILLO DE CALDELAS,Lng Carrier,La Arena Navigation S.A.,,,"178,803M³",19.5,LR,,296.98,48.7,27,,,,7G70Me-C9.2-Gi Diesel X 1 Unit,
SERI BALQIS,Membrane Type Lng Carrier,"Mitsubishi Heavy Industries, Ltd. (Mhi)",11.15M,,"157,610M³",19.5,BV,Misc Berhad,294.6,46.5,31,25.8,2224,107633,"24,750Kw X 78Rpm",
SERI BALHAF,No. 96 Membrane Type Lng Carrier,"Mitsubishi Heavy Industries, Ltd.",,,"157,720M3",19.5,BV,Misc Berhad,294.6,46.5,25.8,11.15,2223,107633,"24,750Kw X 78Rpm",
DIAMOND GAS SAKURA,Lng Carrier,"Mitsubishi Shipbuilding Co., Ltd. (Mhimsb)",11.05M,15/05/2019,"165,502M³",19.5,ABS,,293.5,48.94,27,21,2332,144828,"12,400Kw X 61.0Rpm (Each Of 2 Units)",
DIAMOND GAS ROSE,Lng Carrier,"Mi Lng Company, Limited (Mitsubishi Shipbuilding Co., Ltd.)",11.050M,01/08/2018,"165,467.106M³",19.5,ABS,,293.5,48.94,23.05,21,2325,144828,"12,400Kw",
DIAMOND GAS ORCHID,Lngc,Mitsubishi Corporation And Nippon Yusen Kabushiki Kaisha (Nyk Line),11.050M,29/06/2018,"165,451M³",19.5,ABS,,293.5,48.94,21,11.505,2324,144828,"12,400Kw X 61.0Rpm (Both)",
LNG FUKUROKUJU,Lng Carrier,"Kawasaki Heavy Industries, Ltd.",,17/06/2016,"165,134M³",19.5,,,293,48.9,27,12.2,83809,,"The Kansai Electric Power Co., Inc. And Mitsui O.S.K. Lines, Ltd.",Kawasaki URA-400 reheat cycle turbine plant
SAYAENDO 165LNGC,Moss Type Lng Carrier,"Mitsubishi Heavy Industries, Ltd.",,,,19.5,ClassNK,,290,50.4,23,11.5,165000,,,
CELESTINE RIVER,Lng Carrier,Kawasaki Shipbuilding Corporation,1587,,"145,394M3",19.5,DNV,Chariot Finance Limited,289.7,49,27,14,117895,77163,Kawasaki Ua-400 Steam Turbine,"26,900kW x 80rpm"
Energy Advance,Large Lng Carrier,Kawasaki Shipbuilding Corporation,1521,,"145,410M3 (At -163Oc, 98.5%)",19.5,ClassNK,"Tokyo Lng Tanker Co., Ltd.",289.53,49,30,27,119233,71586,Kawasaki Ua-400 Steam Turbine X 1 Unit,"26,900kW x 80rpm"
ENERGY NAVIGATOR,Lng Carrier,Kawasaki Shipbuilding Corporation,1600,30/06/2008,"147,558M3",19.5,ClassNK,,289.53,49,27,11.6,73640,118842,"Tokyo Lng Tanker Co., Ltd. And Mitsui Osk Line",Kawasaki UA-400 steam turbine x 1 unit
LNG BARKA,Lng Carrier,Kawasaki Shipbuilding Corporation,1591,,"153,643M³",19.5,ClassNK,,289.5,49,29,27,121514,76713,Kawasaki Ua-400 Steam Turbine Engine X 1 Unit,"27,600kW x 82rpm"
Energy Frontier,Lng Carrier,Kawasaki Shipbuilding Corporation,1520,,"145,385M3",19.5,ClassNK,"Tokyo Lng Tanker Co., Ltd.",289.5,49,27,16,119381,71642,Kawasaki Ua-400 Steam Turbine,"26,900kW x 80rpm"
IBRI LNG,Lng Carrier,"Mitsubishi Heavy Industries, Ltd.",2215,14/07/2006,"145,000 M3",19.5,ClassNK,Dune Lng Carrier S. A.,289.5,49,27,11.4,118608,71766,Kawasaki Ua-400 Steam Turbine,"26,900kW x 80 rpm"
LNG DREAM,Lng Carrier,Kawasaki Shipbuilding Corporation,1545,,"145,254M3",19.5,ClassNK,Lloyds Tsb Equipment Leasing Limited,289.5,49,27,13,118876,71845,Kawasaki Ua-400 Steam Turbine X 1 Unit,"26,900kW"
Muscat LNG,Lng Carrier,Kawasaki Shipbuilding Corporation,1527,,"145,494M3 (At -163Oc, 98.5%)",19.5,ClassNK,Oasis Lng Carrier S. A. Of Panama,289.5,49,27,12,118219,77351,Kawasaki Ua-400 Steam Turbine X 1 Unit,"26,900kW at 80rpm"
NIZWA LNG,Lng Carrier,Kawasaki Shipbuilding Corporation,1562,,"145,469M3",19.5,ClassNK,Oryx Lng Carrier S. A.,289.5,49,27,19,118608,77252,Kawasaki-Ua-400 Steam Turbine Engine X 1 Unit,"MCR: 26,900kW x 80rpm"
TAITAR NO. 4,Lng Carrier,"Kawasaki Heavy Industries, Ltd.",1626,,"145,333M3",19.5,ClassNK,,289.5,49,27,11.9,77053,118634,Kawasaki Ua-400 Steam Turbine X 1 Unit,"26,900kW x 80rpm"
LNG MARS,Lngc,"Mitsubishi Heavy Industries Shipbuilding Co., Ltd. (Mhisb)",11.55M,20/10/2016,"155,693M³",19.5,ClassNK,,288,48.94,36,26,2296,136710,"26,000Kw X 74.0Rpm",
LNG VENUS,Lng Carrier,"Mitsubishi Heavy Industries, Ltd. (Mhi)",11.55M,13/11/2014,"155,691M³",19.5,ClassNK,,288,48.94,36,26,2295,136710,"Osaka Gas International Transport Inc. And Mitsui O.S.K. Lines, Ltd.","26,000kW x 74.0rpm"
ALTO ACRUX,Moss Type Lng Carrier,"Mitsubishi Heavy Industries, Ltd. (Mhi)",26.8M,,"147,798M3",19.5,LR,Kanto Leasing Limited,288,49,32,31,2219,122361,"22,930Kw X 76Rpm",
GRAND ELENA,Moss Type Lng Carrier,"Mitsubishi Heavy Industries, Ltd. (Mhi)",11.25M,,"145,580M3",19.5,LR,,288,49,31,26.8,2229,122239,"23,600Kw X 80Rpm",
ARCTIC PRINCESS,Moss Type Lng Carrier,"Mitsubishi Heavy Industries, Ltd.",11.5M,,"147,835M3",19.5,DNV,Joint Gas Ltd.,288,49,26.8,13,2184,121597,"27,600Kw X 81Rpm",
Puteri Intan Satu,Membrane Type Lng Carrier,"Mitsubishi Heavy Industries, Ltd. (Mhi)",Lrs,,"137,489M3",19.5,,,276,43.4,29,,2165,93038,"26,800Kw X 89Rpm",
TRANS HARMONY EMERALD,Ro-Ro Cargo Ship,"Mitsubishi Shipbuilding Co., Ltd.",Panama,15/05/2025,,19.5,ClassNK,,195,30.6,30.56,,14016,,Mitsui E&S 6S60Me-C10.5-Gi Mr,
TRANS HARMONY GREEN,"3,000-Car-Capacity Lng-Fueled Roll On/Off Type Cargo Ship","Mitsubishi Shipbuilding Co., Ltd.",Panama,31/01/2025,"3,000 Units",19.5,ClassNK,,195,30.6,30.56,8.5,49264,14016,Mitsui E&S 6S60Me-C10.5-Gi,"10,800kW"
PROMETHEUS LEADER,Car Carrier,"Shin Kurushima Dockyard Co., Ltd.",S-5502,,,19.5,ClassNK,Bacchus Shipping Pte. Ltd.,190.03,28.2,14.32,9.326,41886,14382,Kobe Diesel 7Uec52Lse Diesel X 1 Unit,"11,335kW"
SPICA LEADER,Car Carrier,"Shin Kurushima Dockyard Co., Ltd.",Panama,,,19.5,ClassNK,,190.03,28.74,28.2,,5673,14378,7Uec52Lse Diesel X 1 Unit,
EVER CROWN,Container Carrier,"Imabari Shipbuilding Co., Ltd.",,25/11/2020,,19.5,ClassNK,,171.98,28.4,14.5,,18658,22363,6S60Me-C10.5 Diesel X 1 Unit,
SEISHU MARU,Lng Carrier,Trans Pacific Shipping 1 Ltd.,,30/09/2014,"155,696M³",19.45,LR,Ultra Steam Turbine,288,48.94,26,11.55,2297,136740,"25,000Kw X 78.2Rpm",
ALP KEEPER,Ocean-Going Tugboat,,,02/02/2018,,19.39,DNV,Alp Keeper B.V.,88.5,21,9.5,,5901,4139,4500Kw X 4 Units,
Lalla Fatma N’soumer,Lng Carrier,Kawasaki Shipbuilding Corporation,1534,,"145,445M3 (At -163°C, 98.5%)",19.3,BV,Algeria Nippon Gas Transport Corporation,289.5,49,29,27,118363,77379,Kawasaki Ua-400 Steam Turbine X 1 Unit,"MCR: 26,900kW x 80rpm"
ARCTIC VOYAGER,Lng Carrier,Kawasaki Shipbuilding Corporation,1532,14/07/2006,"140,618M3 (At -163°C, 98.5%)",19.3,DNV,,289.5,48.4,26.5,11.9,118571,75434,Kawasaki Ua-400 Steam Turbine X 1 Unit,"27,000kW x 81rpm"
PENGHU,Ro/Ro Passenger Ferry,Naikai Zosen Corporation,,09/08/2023,,19.3,CR,Republic Of China,119.99,21,8,5.5,9932,1915,Daihatsu 8Dkm-36E Diesel,
AMAPOLA SOYA,Passenger/Ro-Ro Vehicle Ferry,Naikai Zosen Corp.,Japan,24/01/2020,2 Units,19.25,JG,"Heartland Ferry Co., Ltd.",96.5,15,10.05,4.1,4280,640,Daihatsu-6Dcm-32E Diesel,
Pacific Notus,Moss Type Lng Carrier,"Mitsubishi Heavy Industries, Ltd. (Mhi), Nagasaki Shipyard & Machinery Works",25.5M,,"137,006M3",19.2,ClassNK,Pacific Lng Shipping Limited,293.55,46,32,30,2176,111553,"21,320Kw X 81Rpm",
DREAM ANGEL,Pcc,"Shin Kurushima Dockyard Co., Ltd.",5327,,,19.2,,Dynamic Driving Marine S. A.,186.03,29.43,28.2,21,41662,15089,B&W 8S50Mc (Mark Vi) Diesel X 1 Unit,
DREAM BEAUTY,Car Carrier,"Shin Kurushima Dockyard Co., Ltd.",5328,01/06/2006,,19.2,,Dynamic Leader Shipping S. A.,186.03,29.43,28.2,8.52,41662,15119,B&W 8S50Mc (Mk 6) Diesel X 1 Unit,
MERCURY LEADER,Car Carrier,"Shin Kurushima Dockyard Co., Ltd.",5522,18/06/2010,,19.2,ClassNK,Yamabiko Shipholding S.A.,186.03,29.43,28.2,7.4,42487,15045,B&W 8S50Mc (Mk 6) Diesel X 1 Unit,
ALP STRIKER,Ocean-Going Tugboat,"Niigata Shipbuilding & Repair, Inc.",,12/09/2016,,19.16,DNV,Alp Striker B.V.,88.5,21,9.5,,4230,5901,"4,500Kw X 4 Units",
GALEA,Lng Carrier,"Mitsubishi Heavy Industries, Ltd.",2172,,,19,,Shell Bermuda (Overseas) Limited,290,46,32,30,111459,68655,,
GALLINA,Lng Carrier,"Mitsubishi Heavy Industries, Ltd.",2173,,,19,,Shell Bermuda (Overseas) Limited,290,46,32,27,111459,68696,,
Abadi,Lng Carrier,"Mitsubishi Heavy Industries, Ltd. (Mhi)",Jun-02,,"136,912M³",19,Lr'S Ep Notation,"Joint Venture Between The Brunei Government, Mitsubishi Corporation And Shell",290,46,25.5,11,111461,68673,"21,320Kw",
SERI BAKTI,Membrane Type Lng Carrier,"Mitsubishi Heavy Industries, Ltd. (Mhi) / Nagasaki Shipyard & Machinery Works",Misc,29/06/2007,"152,944M3",19,,Lrs,289.8,46.5,36,25.8,2220,105335,"24,500Kw",
JUPITER SPIRIT,Pure Car And Truck Carrier,Naikai Zosen Corporation,,30/06/2011,"5,000 Passenger Cars",19,ClassNK,"Nissan Motor Car Carrier Co., Ltd.",183,30.2,28.8,8.45,45961,,Hitachi-Man B&W 6S60Mc-C Diesel X 1 Unit,"12,210kW x 105min⁻¹"
VENUS SPIRIT,Car Carrier,Naikai Zosen Corporation,8.45M,,"5,000 Units",19,ClassNK,"Secure Shipping Co., Ltd.",183,30.2,28.8,28,46000,,Man B&W 6S60Mc-C Diesel,"12,210 kW"
SHIRASE,Icebreaker,"Maizuru Shipyard, Universal Shipbuilding Corporation",,20/05/2009,,19,,Japanese Ministry Of Defense,138,28,15.9,9.2,5003,18300,"Diesel-Electric (Pwm Inverter) With 4 Main Generator Engines, 4 Electric Motors","22,065kW"
TACHIBANA-MARU,Cargo-Passenger Ship,Shimonoseki Shipyard & Machinery Works Of Mhi,5.40M,04/06/2014,"1,000 (Coasting Service) Passengers, 34 Containers Cargo Loading",19,,"Japan Railway Construction, Transport And Technology Agency And Tokai Kisen Co., Ltd.",118,17,8.95,6,5681,,"4,350Kw",
FERRY TOSHIMA 2,Ropax,,Japan,01/03/2018,,19,,,93.47,15.8,9.8,4.55,1953,,Main Diesel Engine,
AOI,Passenger/Vehicle Carrier,Naikai Zosen Corporation,,30/09/2022,,18.6,JG,"Kobe, Hyogo Pref.",131.76,21,13.05,5.5,5110,2713,Man B&W 8S35Me-C9.7 Diesel X 1 Unit,"6,610kW x 167.0min⁻¹ x 1 unit"
BRIGHT SAKURA,Containership,Naikai Zosen Corporation,Panama,26/10/2023,"2,888Teus",18.5,ClassNK,,185.99,35.2,17.2,9.5,29622,27853,Man B&W 7S60Me-C10.5-Hpscr Diesel X 1 Unit,"12,070kW"
BRIGHT TSUBAKI,Container Carrier,Naikai Zosen Corporation,Panama,29/02/2024,"2,888Teus",18.5,ClassNK,Mi-Das Line S.A.,185.99,35.2,17.2,9.5,29622,27848,Man B&W 7S60Me-C10.5-Hpscr Diesel,"12,070kW"
FERRY I,Passenger/Car Ferry,Sanoyas Shipbuilding Corporation,,03/12/2019,427 Passengers And 37 Trucks,18.4,,"Nankai Ferry Co., Ltd.",108.01,17.5,6.1,4.4,1369,2825,,
SUN ARROWS,Lng Carrier,Kawasaki Shipbuilding Corporation,1593,,"19,176M3",18.1,ClassNK,Maple Lng Transport Inc.,151,28,16,9,20620,11142,Kawasaki Ua-120 Steam Turbine X 1 Unit,"8,830kW x 121rpm"
CENTURY HIGHWAY GREEN,Dual-Fueled Vehicle Carrier,"Tadotsu Shipyard Co., Ltd./Imabari Shipbuilding Co., Ltd.",1 Unit,08/03/2021,"7,000 Units",18,ClassNK,,199.98,37.2,36.51,,73515,16844,8S50Me-C9.6-Gi Diesel,
PLUMERIA LEADER,Car Carrier,"Shin Kurushima Toyohashi Shipbuilding Co., Ltd.",S-6133,,"7,150 Units",18,ClassNK,Nippon Yusen Kabushiki Kaisha,199.96,38,35.54,9.55,72287,17210,Du - Win Gd 8X52Df Diesel X 1 Unit,"11,920kW x 105min⁻¹"
SAKURA LEADER,Pure Car And Truck Carrier (Pctc),"Shin Kurushima Toyohashi Shipbuilding Co., Ltd.",Tokyo,28/10/2020,"7,000 Units",18,ClassNK,Nippon Yusen Kabushiki Kaisha (Nyk),199.96,38,35.54,14.23,72285,17330,Du/Wingd 8X52Df Diesel X 1,
CERULEAN ACE,Lng-Fueled Vehicle Carrier,"Shin Kurushima Dockyard Co., Ltd. (Skdy)",6201,13/03/2024,,18,ClassNK,Panama,199.96,38,9.95,,73132,19889,Mitsui-Man B&W 6S60Me-C10.5-Gi-Egrbp,"10,450kW x 96.5min-¹ (MCO)"
TURQUOISE ACE,Lng Dual-Fueled Vehicle Carrier,"Imabari Shipbuilding Co.,Ltd./Tadotsu Shipyard Co., Ltd.",,12/07/2024,,18,ClassNK,,199.93,38,22.85,,77695,18439,6S60Me-C10.5-Gi Diesel,
MAERSK NESNA,"2,020Teu Container Carrier","Imabari Shipbuilding Co., Ltd.",,31/03/2021,,18,ClassNK,,171.93,32.2,16.8,,25805,28697,6S60Me-C10.5 Diesel X 1 Unit,
Coral Islander,Multipurpose Cargoship,"Shin Kurushima Dockyard Co., Ltd.",5205,,"914Teus, 607 Vehicles",18,ClassNK,,160.7,25,14.8,9.2,17000,17500,7Uec 50Ls Ii Diesel,"13,087ps x 124rpm"
TOYO MARU NO 3,Car Carrier,Naikai Zosen Corporation,,24/02/2016,630 Units,18,ClassNK,Not Specified,125,20.6,14.36,5.55,3990,2888,Hitachi Zosen-Man B&W 6S35Mc-C9.2,"5,220kW"
YUI LINE KOSHIKI,"1,050-Gt Ro/Ro-Passenger Ferry",Naikai Zosen Corporation,,28/02/2025,41 Units (Passenger Cars Alone),17.5,JG,"Ichikikushikino City, Kagoshima Prefecture",72.9,13.2,9.6,3.75,1110,,Daihatsu Diesel 6Dem-28 Diesel Engine,"2,270kW x 750/269 min-1 x 2"
Alrar,Lpg Carrier,Kawasaki Shipbuilding Corporation,1546,,"59,363M3",17.1,DNV,Sonatrach Petroleum Corporation,204.92,32.2,20.2,17,35306,44445,Kawasaki-Man B&W 6S60Mc-C Diesel X 1 Unit,"MCR: 13,560kW x 105rpm"
Rhourd Enouss,Lpg Carrier,Kawasaki Shipbuilding Corporation,1547,,"59,392M3",17.1,DNV,Rhourd Enouss Transportation Corp.,204.92,32.2,20.2,12.1,35306,44399,Kawasaki-Man B&W 6S60Mc-C Diesel,"13,560kW x 105rpm"
Natural Gas Hydrate Carrier,Ngh Carrier,"Mitsui Engineering & Shipbuilding Co., Ltd. (Mes)",,,"Abt. 155,000.0M3",17,,,300,46,24.5,13.5,,,"Mitsui Engineering & Shipbuilding Co., Ltd. (Mes)",
BRITISH COURAGE,Lpg Carrier,"Mitsubishi Heavy Industries, Ltd.",2203,,"Cargo Tank Capacity: 83,270M3",17,LR,Charlotte Shipping Company Ltd.,230,36.6,31,21.65,48772,53783,Man B&W 7S60Mc (Mk 6) Diesel X 1 Unit,"13,700kW x 104min-1"
Grace River,Lpg Carrier,Kawasaki Shipbuilding Corporation,1519,,,17,ClassNK,Grace River Shipping S. A.,230,36,31,20.7,44673,49996,Kawasaki-Man B&W 6S70Mc Mkvi Diesel X 1 Unit,
BRITISH COMMERCE,Lpg Carrier,"Mitsubishi Heavy Industries, Ltd.",2204,,"83,269 M3",17,LR,Hazel Shipping Company Ltd.,230,36.6,30,21.65,48772,54478,Man B&W 7S60Mc (Mark 6) Diesel,"13,700kW x 104min-1"
BW TOKYO,Lpg Carrier,"Mitsubishi Heavy Industries, Ltd.",11.628M,,"83,270M³",17,ClassNK,Clio Marine Inc.,230,36.6,28,21.65,2239,47985,Man B&W 7S60Mc (Mark 6) Diesel X 1 Unit,"13,700kW"
ASTOMOS EARTH,Lpg Carrier,"Mitsubishi Heavy Industries, Ltd.",,31/08/2012,"83,426M³",17,ClassNK,,230,36.6,21.65,11.575,47950,83426,Mitsubishi Ue-7Uec60Ls Ii Diesel,"13,000kW x 100min¯¹"
ASTOMOS VENUS,Lpg Carrier,"Mitsubishi Heavy Industries Shipbuilding Co., Ltd.",,31/03/2016,"83,309M³",17,ClassNK,,230,36.6,21.65,11.575,2315,47963,"13,000Kw",
BRITISH CONFIDENCE,Lpg Carrier,"Mitsubishi Heavy Industries, Ltd.",,31/03/2006,"83,270M3",17,LR,Abbie Ltd.,230,36.6,21.65,11.628,2202,48772,Man B&W 7S60Mc (Mark Vi) Diesel X 1 Unit,"13,700kW x 104rpm"
FUTURE ACE,Lpg Carrier,"Mitsubishi Shipbuilding Co., Ltd. (Mhimsb)",,29/03/2019,"83,272M³",17,ClassNK,,230,36.6,21.65,11.575,48167,,Man Diesel & Turbo Marine Diesel Engine 7S60Me-C8.5,"13,000kW"
G. SYMPHONY,Lpg Carrier,"Mitsubishi Heavy Industries, Ltd. (Mhi)",,30/11/2011,"83,275M³",17,ClassNK,S&Y Shipping S.A.,230,36.6,21.65,11.628,2275,47990,Mitsubishi 7Uec60Lsii Diesel X 1 Unit,"13,700kW x 104rpm"
LAUREL PRIME,Lpg Carrier,"Mitsubishi Shipbuilding Co., Ltd. (Mhimsb)",,28/12/2018,"83,305M³",17,ClassNK,,230,36.6,21.65,11.575,47963,2331,Man Diesel & Turbo Marine Diesel Engine 7S60Me-C8.5 Diesel X 1 Unit,
CAPTAIN MARKOS,Lpg Carrier,"Kawasaki Heavy Industries, Ltd.",Bahamas,31/03/2023,"84,274M³",17,ABS,,229.9,37.2,21.9,11.6,49976,55206,Kawasaki-Man B&W 7S60Me-C10.5-Lgip,
CRYSTAL ASTERIA,Lpg Powered Lpg Carrier,"Kawasaki Heavy Industries, Ltd.",1748,31/08/2021,"84,229M3",17,ClassNK,Kumiai Navigation (Pte) Ltd.,229.9,37.2,21.9,11.51,49145,54922,Kawasaki-Man B&W 7S60Me-C10.5-Lgip Diesel X 1 Unit,
CRYSTAL OASIS,Lpg Carrier,"Kawasaki Heavy Industries, Ltd.",1752,29/06/2022,"84,244M³",17,ClassNK,Kumiai Navigation (Pte) Ltd.,229.9,37.2,21.9,11.6,49943,55090,Kawasaki-Man B&W 7S60Me-C10.5-Lgip Diesel X 1 Unit,
CRYSTAL ODYSSEY,Lpg/Nh3 Carrier,Kawasaki Heavy Industries,1765,29/06/2025,"87,099M³",17,ClassNK,Singapore,229.9,37.2,21.9,11.65,49561,56331,Kawasaki-Man B&W 6G60Me-C10.5-Lgip,
CRYSTAL TRINITY,Lpg Carrier,"Kawasaki Heavy Industries, Ltd.",1750,26/01/2022,"84,222M³ Cargo",17,ClassNK,Kumiai Navigation (Pte) Ltd.,229.9,37.2,21.9,11.6,49943,55068,Kawasaki-Man B&W 7S60Me-C10.5-Lgip Diesel,
ENEOS GUNJO,Lpg/Nh3 Carrier,"Kawasaki Heavy Industries, Ltd.",Panama,29/09/2023,"86,904M³",17,,,229.9,37.2,21.9,11.65,49541,56531,Kawasaki-Man B&W 6G60Me-C10.5-Lgip Engine X 1 Unit,
ENEOS MIRAI,Lpg-Powered Lpg/Nh3 Carrier,"Kawasaki Heavy Industries, Ltd.",1758,28/12/2023,"Cargo Tank Capacity: 86,911M³",17,ClassNK,Panama,229.9,37.2,21.9,11.65,49541,56519,Kawasaki-Man B&W 6G60Me-C10.5-Lgip Diesel X 1 Unit,
GAS GARNET,Lpg-Powered Lpg/Nh3 Carrier,"Kawasaki Heavy Industries, Ltd.",1759,29/03/2024,"86,953M³",17,ClassNK,Panama,229.9,37.2,21.9,11.65,49561,56360,Kawasaki-Man B&W 6G60Me-C10.5-Lgip Diesel,
LANTANA PLANET,Lpg Carrier,"Kawasaki Heavy Industries, Ltd.",1754,23/01/2023,"84,169M³ (Cargo Tank Capacity)",17,ClassNK,Nippon Yusen Kabushiki Kaisha,229.9,37.2,21.9,11.6,49943,55153,Kawasaki-Man B&W 7S60Me-C10.5-Lgip Diesel X 1 Unit,
LUPINUS PLANET,Lpg Carrier,"Kawasaki Heavy Industries, Ltd.",1753,22/09/2022,"84,172M³",17,ClassNK,Panama,229.9,37.2,21.9,11.6,49943,55091,Kawasaki-Man B&W 7S60Me-C10.5-Lgip Diesel X 1 Unit,
CRYSTAL SUNRISE,Lpg Carrier,"Kawasaki Heavy Industries, Ltd.",1709,15/11/2013,"82,200M³",17,ClassNK,Kumiai Navigation (Pte) Ltd.,229.9,37.2,21,11.2,46885,54070,Kawasaki-Man B&W 7S60Mc-C8.2 Diesel,"13,210kW x 89rpm"
AXIS RIVER,Lpg-Powered Lpg/Nh3 Carrier,"Kawasaki Heavy Industries, Ltd.",1756,29/06/2023,"86,700M³",17,ClassNK,Panama,229,37.2,21.9,11.6,49542,56503,"Kawasaki Kisen Kaisha, Ltd.",Kawasaki-MAN B&W 6G60ME-C10.5-LGIP diesel
Crystal Marine,Lpg Carrier,Kawasaki Shipbuilding Corporation,1518,30/06/2003,"80,138M3 (Cargo Hold)",17,ClassNK,Kumiai Navigation (Pte) Ltd.,227.5,37.2,21,11.2,45801,53395,Kawasaki-Man B&W 7S60Mc-C Diesel X 1 Unit,
Althea Gas,Lpg Carrier,Kawasaki Shipbuilding Corporation,1515,,"82,488M3",17,ABS,I. S. Carriers S. A.,227,36,27,21.9,46393,53677,Kawasaki Man B&W 5S70Mc Mkvi Diesel,
LOTUS GAS,Lpg Carrier,Kawasaki Shipbuilding Corporation,1620,,"80,185M3",17,ClassNK,Lpg Horizon Panama S.A.,226,37.2,30,21,45811,53067,Kawasaki Man B&W 7S60Mc-C Diesel X 1 Unit,"14,000kW x 94rpm"
HISUI,Lpg Carrier,Kawasaki Shipbuilding Corporation,Hn: 1624,,"80,199M³",17,ClassNK,Asuka Marine Corporation,226,37.2,29,21,45815,53012,Kawasaki-Man B&W 7S60Mc-C Diesel X 1 Unit,"14,000kW x 94rpm"
BW BROKER,Lpg Carrier,Kawasaki Shipbuilding Corporation,1583,,"80,126M3",17,ClassNK,Fair Wind Navigation S.A.,226,37.2,21,11.2,45805,53293,Kawasaki-Man B&W 7S60Mc-C Diesel X 1 Unit,"14,000kW x 94rpm"
SUMMIT RIVER,Lpg Carrier,Kawasaki Shipbuilding Corporation,1595,10/07/2008,"80,170M3",17,ClassNK,,226,37.2,21,11.2,46046,52991,Kawasaki-Man B&W 7S60Mc-C Diesel X 1 Unit,"14,000kW x 94rpm"
Star Osakana,Bulk Carrier,"Oshima Shipbuilding Co., Ltd.",10333,,,17,DNV,Masterbulk Pte Ltd.,199,32.26,19,12,36324,48712,Kawasaki Man B&W 6S60Mc X 1 Unit,
AOGASHIMA MARU,General Cargo/Passenger Ship,"Mitsubishi Heavy Industries, Ltd. (Mhi)",,06/12/2013,38 Units Of Containers,17,,"Japan Railway Construction, Transport And Technology Agency And Izushoto Kaihatsu K.K.",62,10.8,6.6,3.75,,,Yanmar 6Ey26W (Eup) Diesel,"1,471kW x 750min-¹/unit"
DERBY,Lpg Carrier,"Kawasaki Heavy Industries, Ltd.",1666,,"80,156M³",16.95,ClassNK,Xing Long Maritime S.A.,226,37.2,31,21,45812,53028,Kawasaki-Man B&W 7S60Mc-C7 Diesel X 1 Unit,"14,000kW x 94rpm"
Martorell,Car Carrier,"Toyohashi Shipbuilding Co., Ltd.",3561,,"5,342 Cars & Trucks",16.85,ABS,New Auto Carrier S. A.,199.54,33.81,32.26,19,57789,19531,Kobe Diesel Mitsubishi (Mark Vi) Diesel X 1 Unit,
REIMEI,Lpg Carrier,Kawasaki Shipbuilding Corporation,1586,,,16.85,ClassNK,Sherwood Overseas S.A.,,37.2,21,21,45811,53100,Kawasaki-Man B&W 7S60Mc-C Diesel,
LILAC PROMENADE,Lpg Carrier,Japan Marine United Corporation (Jmu),,31/05/2019,,16.75,ClassNK,Smile Shipholding S. A.,230,36.6,22.2,11.3,51000,5124,Wingd 7Rt-Flex58T-D Diesel,
Oriental Queen,Lpg Carrier,Universal Shipbuilding Corp. (Usc),,,"82,524M3",16.75,ClassNK,Phoenix Navigation Limited (Hong Kong),225,36.6,21.8,11.25,47279,53194,Mitsui Man-B&W 6S70Mc Mk6) X 1 Unit,"MCR: 14,000kW x 103rpm"
YUYO SPIRITS,Lpg Carrier,"Mitsubishi Heavy Industries, Ltd. (Mhi)",2240,,,16.7,ClassNK,Gas Spirits Shipping S.A.,230,36.6,31,20.8,78903,45966,Mitsubishi 7Uec60Lsii Diesel X 1 Unit,"12,360kW x 100rpm"
Lycaste Peace,Lpg Carrier,"Mitsubishi Heavy Industries, Ltd.",2178,,"78,000M3",16.7,ClassNK,Quailwood Enterprises Inc.,230,36.6,28,20.8,46021,48500,7Uec60Ls Diesel X 1 Unit,
AQUAMARINE PROGRESS,Lpg Carrier,"Mitsubishi Heavy Industries, Ltd.",11.628M,,"83,278M³",16.7,ClassNK,Sherwood Overseas S.A.,230,36.6,21.65,15,2249,47985,Mitsubishi 7Uec60Lsii Diesel X 1 Unit,"13,700kW x 104rpm"
GAS FRIEND,Lpg Carrier,"Mitsubishi Heavy Industries, Ltd.",2212,,"78,913M3",16.7,,Kss Line Ltd.,230,36.6,20.8,20,46129,48826,Mitsubishi-7Uec60Ls Diesel X 1 Unit,
Gas Capricorn,Lpg Carrier,"Mitsubishi Heavy Industries, Ltd.",2179,30/06/2003,"78,934M3 (Cargo Hold)",16.7,ClassNK,Gas Diana Transport Inc.,230,36.6,20.8,10.6,46021,48898,Mitsubishi 7Uec60Ls Diesel X 1 Unit,
Yuyo Berge,Lpg Carrier,"Mitsubishi Heavy Industries, Ltd.",2193,28/03/2005,"78,908M3",16.7,ClassNK,"Sunny Gas Transportation, S. A.",230,36.6,20.8,10.6,45965,48912,,
Silver Lining,Product Tanker,"Shin Kurushima Dockyard Co., Ltd.",5156,,,16.61,ClassNK,Melodia Maritime Pte. Ltd.,179.88,32.2,26,18.7,28059,46013,6Uec60La Diesel X 1 Unit,
BW YUSHI,Lpg Carrier,"Mitsubishi Shipbuilding Co., Ltd. (Mhimsb)",,13/02/2020,"83,315M³",16.6,ClassNK,,230,36.6,21.65,11.575,2336,48122,Man Diesel & Turbo Marine Diesel Engine 7S60Me-C8.5 X 1 Unit,"13,000kW x 100min⁻¹"
GLOBE ATLAS,Lpg Carrier,"Mitsubishi Heavy Industries Shipbuilding Co., Ltd. (Mhisb)",,30/09/2016,"83,320M³",16.6,,,230,36.6,21.65,11.575,47995,,Man B&W 7S60Me-C8.2,
Iwatesan,Double-Hull Crude Oil Carrier (Vlcc),"Mitsui Engineering & Shipbuilding Co., Ltd. (Mes) At Chiba Works",1557,,"352,606M3",16.55,ClassNK,Fair Wind Shipping Navigation S. A. Of Panama,333,60,29.65,20.92,159912,300667,Mitsui-Man B&W 7S80Mc-C Diesel X 1 Unit,"27,160kW x 76rpm"
Berge Nice,Lpg Carrier,Kawasaki Shipbuilding Corporation,1523,,"59,343M3",16.55,DNV,Bergesen Dy Shipping As,204.915,32.2,30,20.2,35000,44639,Kawasaki-Man B&W 5S60Mc-C Diesel,
Clipper Moon,Lpg Carrier,Kawasaki Shipbuilding Corporation,1531,,"59,388M3",16.55,DNV,Solvang Asa And Bergesen D. Y. Asa,204.915,32.2,20.2,12,35012,44822,Kawasaki-Man B&W 5S60Mc-C Diesel X 1 Unit,
Clipper Sky,Lpg Carrier,Kawasaki Shipbuilding Corporation,1543,,"59,363M3",16.55,DNV,Partrederiet Clipper Sky Da,204.915,20.2,12,,35158,44617,Kawasaki-Man B&W 5S60Mc-C Diesel X 1 Unit,"MCR: 11,275kW x 105rpm"
Star Japan,General Cargo/Container Carrier,"Mitsui Engineering & Shipbuilding Co., Ltd.",1532,30/06/2004,,16.55,DNV,Grieg Shipping A/S,198,31,19,12,32844,46387,Mitsui-Man B&W 6S60Mc Diesel X 1 Unit,"MCR: 10,520kW x 96rpm"
AOMI,Coal Carrier,"Sasebo Heavy Industries Co., Ltd.",S750,,,16.5,ClassNK,Kumiai Navigation (Pte) Ltd,229,36.5,26,18.5,43605,77215,Mitsui B&W 5S60Mc Diesel X 1 Unit,"9,855kW x 102.0min-1"
RHOURD EL ADRA,"22,500Cbm Semi-Ref. Type Lpg Carrier","Namura Shipbuilding Co., Ltd. (Imari Shipyard & Works)",8.3M,,,16.5,BV,Not Stated,156.07,31,25,16.5,22500,16938,B&W 6S50Mc (Mk 6),"8,090kW x 120.0rpm"
Berlian Ekuator,Lpg Carrier,"Mitsubishi Heavy Industries, Ltd. (Mhi), Nagasaki Shipyard & Machinery Works",11.125M,,"Cargo Tank Capacity: 35,437M3",16.45,ClassNK,Rolling Hills Maritima S. A.,169.9,29,27.4,18.2,22209,26776,,
YURICOSMOS,Lpg Carrier,"Mitsubishi Heavy Industries, Ltd.",,23/07/2010,"78,908M³",16.4,ClassNK,Venus Ocean Navigation S.A.,230,36.6,20.8,10.804,2246,46025,"12,360Kw X 100Rpm",
FERRY OSUMI NO. 12,Passenger/Vehicle Ferry,Naikai Zosen Corporation,,15/12/2023,"Passengers: 500, Officers And Crew: 11, Vehicle Loading Capacity: Large Buses Only: 14 Units, Or Automobiles Only: 54 Units",16.4,JG,"Iwasaki Corporation And Japan Railway Construction, Transport, And Technology Agency (Jrtt)",76.9,13.3,9.5,3.63,1443,628,Daihatsu Diesel 6Dkm-26E Diesel X 2 Units,"1,470kW"
FERRY OSUMI NO.11,Coastal Passenger-Cum-Automobile Transport Ship,Naikai Zosen Corporation,,27/09/2023,"500 Passengers And 54 Automobiles, Or 14 Large Buses Only",16.4,JG,"Kagoshima City, Japan",76.9,13.3,9.5,3.63,1443,1942,Daihatsu Diesel 6Dkm-26E Diesel X 2 Engine/2 Propeller,"1,470kW x 750/215min⁻¹ x 2 units"
FILOMENA LEMBO,Bulk Carrier,Tsuneishi Corporation,1318,05/06/2006,,16.33,ClassNK,"Lepta Shipping Co., Ltd.",228.99,32.26,19.9,14.4,42887,82790,Man B&W 6S60Mc Diesel X 1 Unit,"11,000kW x 98rpm"
FIRST IBIS,Bulk Carrier,Universal Shipbuilding Corporation,18.2M,,"218,790M³",16.3,ClassNK,"Star Bulk Carrier Co., S.A.",299.7,50,29,25,106367,208038,Man B&W 6S70Mc-C Diesel X 1 Unit,
OCEAN CREATION,Bulk Carrier,Universal Shipbuilding Corporation,18.2M,,"218,790M³",16.3,ClassNK,Asian Cruiser S.A.,299.7,50,25,22,106367,207935,Man B&W 6S70Mc-C Diesel X 1 Unit,
SHIN KORYU,Bulk Carrier,Universal Shipbuilding Corporation,18.2M,,"218,790M³",16.3,ClassNK,Picer Marine S.A.,299.7,50,25,23,106367,207991,Man B&W 6S70Mc-C Diesel X 1 Unit,
TANGO,Suezmax Tanker,Universal Shipbuilding Corporation,,30/05/2008,"170,046M3",16.3,LR,Pine Maritime Corporation,274.3,48,22.4,16,78809,149993,,
MINERAL NIPPON,Bulk Carrier,Universal Shipbuilding Corporation / Tsu Shipyard,,30/03/2007,"217,968M3",16.25,ClassNK,"Southern Route Maritime, S.A.",299.95,50,24.1,17.88,101933,203275,Man B&W 6S70Mc X 1 Unit,
SHIN OHGISHIMA,"200,000Dwt Type Bulk Carrier",Universal Shipbuilding Corporation,Liberia,15/08/2006,"217,968M3",16.25,ClassNK,Erica Navigation S. A.,299.95,50,24.1,17.88,101953,203280,Hitachi Zosen Man B&W 6S70Mc (Mk 6) Diesel,
Petropavlovsk,Tanker,"Tsuneishi Shipbuilding Co., Ltd.",1231,,,16.21,DNV,Glefi Shipping Xxxi Company Limited,231.419,42,25,21.2,57683,106532,M.A.N.-B&W 6S60Mc (Mark6) X 1 Unit,
BRIGHT HARMONY,Vlcc,"Imabari Shipbuilding Co., Ltd.",8064,,"350,571M³",16.2,ClassNK,"Southern Route Maritime, S.A.",332.99,60,29,21.1,160226,309774,Mitsui-Man B&W 8S80Mc-C (Mark Vii) Diesel X 1 Unit,"31,040kW x 76.0rpm"
PHOENIX VIGOR,Vlcc,"Imabari Shipbuilding Co., Ltd. (Saijo Shipyard)",8062,27/07/2009,,16.2,ClassNK,A Singaporean Owner,332.99,60,29,21.1,160160,309887,Man B&W 8S80Mc-C Diesel X 1 Unit,"31,040kW"
Front Page,Double-Hull Vlcc,Universal Shipbuilding Corp.,4980,,,16.2,ABS,Front Saga Inc.,329.99,60,30,29.7,156916,299164,Hitachi Zosen Man B&W 7S80Mc Diesel,
GENMAR KARA G,Suezmax Tanker,Universal Shipbuilding Corporation,,15/01/2007,"170,108M3",16.2,DNV,,274,48,22.4,16,79235,150296,Sulzer 6Rta72 Diesel,
Clipper Star,Lpg/Nh3 Carrier,Kawasaki Shipbuilding Corporation At Sakaide Shipyard,1522,,"59,342M3",16.2,DNV,Partrederiet Clipper Star Da Of Norway,205,32.2,20.2,12,34970,44807,Kawasaki-Man B&W 5S60Mc-C Diesel X 1 Unit,"11,275kW x 105rpm"
Nippon Maru,Round Haul Netter,"Miho Shipyard Co., Ltd.",,,,16.2,,Nippon Corporation Jointly Established By Seven Fishing Companies,75.97,13.4,7.5,6,1817,,"2,647Kw",
Koho I,Oil Tanker,Ihi Marine United Inc.,3160,21/11/2002,,16.15,ClassNK,Nestor Lines S.A.,333,60,29.5,21.428,154260,301045,,
Nichioh,Vlcc,Universal Shipbuilding Corporation,5005,,,16.1,ClassNK,Golden Pacific Maritime S. A. (Panama),332.98,60,30,29.4,159872,303994,Hitachi Zosen-Man B&W 6S90Mc-C Diesel Engine,
TH SONATA,Aframax Size Crude Oil Tanker,Tsuneishi Holdings Corporation,,,"127,517.3M3",16.03,ABS,,243.8,42,21.3,14.55,60195,107510,Man B&W 6S60Mc-C (Mk 7) Diesel X 1 Unit,"13,560kW x 105rpm"
TOSA,Tanker,"Ihi Marine United, Inc.",20.50M,,,16,ClassNK,Nippon Yusen Kaisha,333,60,31,29,160000,300000,Du-Sulzer 7Rtflex84Td Diesel X 1 Unit,"27,160kW x 74.0rpm"
Eneos Breeze,Vlcc,Ihi Marine United Inc.,3161,,,16,ClassNK,"Liberian Jerboa Transport, Inc.",333,60,29,20.529,159909,301013,Du-Sulzer 7Rta84Tb Diesel,"27,160kW x 74.0rpm"
Tsurumi,Double Hull Crude Oil Carrier (Vlcc),Ihi Marine United Inc. (Ihimu),3071,08/07/2003,,16,ClassNK,Kei Enterprise Incorporation Of Panama,333,60,29,20.529,159610,300610,"27,160Kw X 74.0Rpm",
TSUSHIMA,Double Hull Malacca Doublemax Vlcc,"Mitsui Engineering & Shipbuilding Co., Ltd. (Mes)",1697,,"354,689.0M³",16,ClassNK,Maybaru Shipping & Trading Pte Ltd,333,60,28.8,20.9,160116,310391,Mitsui-Man B&W 7S80Mc-C Diesel X 1 Set,"27,160kW x 76rpm"
FPMC C MELODY,Crude Oil Tanker,Universal Shipbuilding Corporation,,22/12/2011,"340,167M³",16,BV,,330,60,29.7,21.5,156975,297229,Man B&W 7S80Mc-C Diesel X 1 Unit,
GLORIC,Vlcc,Universal Shipbuilding Corporation,21.523M,30/06/2006,"Cargo Tank Capacity: 340,219M3",16,ABS,Wavecrest Investment Co. S. A.,329.99,60,30,29.7,156933,298495,Hitachi Man B&W 7S80Mc (Mk 6) Diesel X 1 Unit,"25,090 kW x 78.6min-1"
Bunga Kasturi,Vlcc,Universal Shipbuilding Corporation,5004,,,16,ABS,Malaysia International Shipping Corporation Berhad,329.99,60,29.7,21.566,156967,299999,Hitachi Zosen Man-B&W 7S80Mc (Mk Vi) Diesel X 1 Unit,
Bunga Kasturi Dua,Vlcc,Universal Shipbuilding Corporation,14,,,16,ABS,Malaysia International Shipping Corporation Berhad,329.99,60,29.7,28,157098,300542,Hitachi Zosen B&W 7S80Mc (Mk 6) X 1 Unit,
Front Stratus,Vlcc,Hitachi Zosen Corop.,4979,,,16,ABS,Front Stratus Inc.,329.99,60,29.7,22,156916,299157,Hitachi-Man B&W 7S80Mc Diesel X 1 Unit,
New Spirit,Vlcc,Universal Shipbuilding Corporation,12,26/07/2005,,16,BV,New Spirit Shipping Inc.,329.99,60,29.7,19.2,156973,298972,Man B&W 7S80Mc (Mk6) Diesel X 1 Unit,
SYMPHONIC,Vlcc,Universal Shipbuilding Corporation,21.523M,,,16,ABS,Skyview Shipping Co. S. A.,329.99,60,29.7,29,156933,298522,Man B&W 7S80Mc (Mk Vi) Diesel X 1 Unit,
GLADIATOR,Suezmax Tanker,Universal Shipbuilding Corporation,,26/03/2008,"170,046M3",16,LR,Tourel Ltd.,274,48,22.4,16,78845,149944,,
KM MT.JADE,Bulk Carrier,Universal Shipbuilding Corporation,14.38M,,"96,030M³",16,ABS,Kuang Ming (Liberia) Corp.,225,32.26,31,20,42707,81487,Man B&W 7S50Mc-C Diesel X 1 Unit,
Felicity,Oil Tanker,"Onomichi Dockyard Co., Ltd.",,13/07/2005,"82,013M3",15.9,BV,Reed Trading Ltd. (Liberia),228.56,32.2,19.6,13.7,38842,71029,Man B&W 6S60Mc (Mark-Vi) Diesel X 1 Unit,"12,240kW x 105 min-1"
NORD LEADER,Bulk Carrier,"Kawasaki Shipbuilding Corporation, Kobe Shipyard",,,,15.9,ClassNK,Forever Shipping S. A.,189.9,32.26,17.8,12.5,31000,55100,Kawasaki-Man B&W 6S50Mc-C Diesel X 1 Unit,"MCR: 8,200kW x 110rpm"
AFRICAN KINGFISHER,Bulk Carrier,Kawasaki Shipbuilding Corporation,1616,,,15.9,ClassNK,Handbell Shipping S.A.,189.9,32.26,17.8,12.5,31000,55100,Kawasaki-Man B&W 6S50Mc-C (Mark 7) Diesel X 1 Unit,"8,200kW"
QUEEN KOBE,Bulk Carrier,Kawasaki Shipbuilding Corporation,1617,,,15.9,BV,San-E Maritime Corporation,189.9,32.26,17.8,12.5,31000,55100,Kawasaki Man B&W 6S50Mc-C (Mk 7) Diesel X 1 Unit,"MCR: 8,200kW x 110rpm"
NAVIOS ARMONIA,Bulk Carrier,Kawasaki Shipbuilding Corporation,1607,06/06/2008,,15.9,ClassNK,Mi-Das Line S.A.,189.9,32.26,17.8,12.5,31000,55100,Kawasaki-Man B&W 6S50Mc-C Mark Vii Diesel,"8,200kW x 110rpm"
Sabrewing,Methanol Carrier,"Naikai Zosen Corporation (Nzc), Setoda Works",678,,"57,844M3",15.867,ABS,New Glory Shipping S. A.,186,32.2,18.4,11.6,29647,49323,Hitachi Zosen Man B&W 6S50Mc-C Diesel X 1 Unit,"9,480kW x 127 min-1 (MCR)"
KYO-EI,Crude Oil Tanker,Japan Marine United Corporation,,13/02/2014,"359,713M³",15.8,ClassNK,Ocean Link Maritime S.A.,335,60,29,21.3,162858,319397,Man B&W 7G80Me-C9 X 1 Unit,
MAERSK HAKONE,Crude Oil Tanker,Universal Shipbuilding Corporation,,,"350,263M³",15.8,ClassNK,,333,60,29.4,21,159806,302624,Man B&W 6S90Mc-C Diesel,
PACIFIC VOYAGER,Double-Hull Vlcc,Ihi Marine United Inc.,,,,15.8,ClassNK,Dynasty Shipping Corporation S.A.,333,60,29,20.5,159943,302290,Du-Sulzer 7Rt-Flex 84T-D Diesel X 1 Unit,"27,160kW x 74.0rpm"
YAKUMOSAN,Vlcc,Ihi Marine United Inc.,3223,,,15.8,ClassNK,Star Express Inc.,333,60,29,28,160300,300000,Du-Sulzer 7Rt-Flex84T-D Diesel X 1 Unit,"27,160kW"
GEM NO.5,Crude Oil Tanker,,,28/11/2017,,15.8,ABS,,330,60,29.35,21.55,156501,302650,Man B&W 7G80Me-C9.5 Diesel,
Onomichi Mark IV product carrier,Mr Type Product Carrier,"Onomichi Dockyard Co., Ltd.",,,"Abt. 55,000M3 (Slop Tanks Incld.)",15.8,,,182.5,32.2,19.05,10.75,29500,,Man B&W 6S50Mc-C (Mk 7) X 1 Unit,
Kaminesan,Vlcc,Universal Shipbuilding Corp.,4995,,,15.75,ClassNK,Astral Shipping Navigation S.A.,332.98,60,31,29.4,159813,303896,Hitachi Zosen Man B&W 7S80Mc-C Diesel,
Kai-Ei,Vlcc,Ihi Marine United Inc.,3173,,,15.7,ClassNK,Pyxis Maritime S.A./Little Fountain Maritima S.A.,333,60,30,29,159942,300562,"27,160Kw At 74.0Rpm",
TAMBA,Double-Hull Vlcc,Ihi Marine United Inc.,20.5M,,,15.7,ClassNK,Rafflesia Shipholding S.A.,333,60,30,29,159927,302107,Du-Sulzer 7Rt-Flex 84T-D Diesel X 1 Unit,"27,160kW x 74.0rpm"
FPMC C INTELLIGENCE,Double-Hull Vlcc,Ihi Marine United Inc. At Its Kure Shipyard,20.6M,,,15.7,ABS,Fpmc Cintelligence Marine Corp.,333,60,29,28,159869,302000,Du-Wartsila 7Rta84Tb Diesel X 1 Unit,"27,160kW x 74.0rpm"
ICE EXPLORER,Crude Oil Tanker,Universal Shipbuilding Corporation (Tsu Shipyard),Lrs,,,15.7,,Fletching Corp.,274.2,48,31,22.4,77636,146427,Hitachi Zosen Man B&W 7S65Me-C Diesel X 1,"17,990kW x 92.0min-1"
SIMURGH,Bulk Carrier,"Oshima Shipbuilding Co., Ltd.",10400,,,15.7,ClassNK,"Bulkstar Enterprise Co., Ltd.",189.99,32.26,17.62,12.515,31385,54881,Kawasaki Man B&W 6S50Mc-C (Derating),"MCR: 11,160 ps x 110.0rpm"
EAGLE MILAN,Product Tanker,Naikai Zosen Corporation,11.65M,,"About 54,800M3",15.7,ClassNK,Ocean Transit Carrier S.A.,179.9,32.2,31,19.25,28231,46549,Hitachi Man B&W 6S50Mc-C Diesel,"8,530kW x 123min-1"
High Power,Product Tanker,"Naikai Zosen Corporation, Setoda Works",684,,"54,911.3M3",15.7,ClassNK,Golden Product Tankers S. A. Of Panama,179.9,32.2,30,19.25,28245,46866,Hitachi Zosen B&W 6S50Me-C Diesel X 1 Unit,"MCR: 9,480kW x 127min-1; NCR: 8,530kW x 123min-1"
HIGH CURRENT,Product Tanker,Naikai Zosen Corporation,720,,"54,000M³",15.7,ClassNK,Ansei Product S.A. Of Panama,179.9,32.2,28,19.25,28231,46590,Hitachi Man B&W 6S50Me-C Diesel X 1 Unit,"9,480kW x 127min⁻¹"
HIGH LIGHT,"45,900Dwt Product Tanker",Naikai Zosen Corporation,693,,"55,159.3M3 (Grain)",15.7,ClassNK,Ansei Shipholding S. A.,179.9,32.2,25,19.25,28245,46843,Hitachi-Man B&W 6S50Mc-C Diesel X 1 Unit,"9,480kW x 127min-1"
HIGH EFFICIENCY,Product Tanker,Naikai Zosen Corporation,724,31/07/2009,,15.7,ClassNK,Dm Shipping Limited,179.9,32.2,19.25,11.65,28231,46547,Hitachi Man B&W 6S50Mc-C Diesel X 1 Unit,"9,480kW"
HIGH GLOW,Product Tanker,Naikai Zosen Corporation (Setoda Works),694,31/07/2006,"Cargo Tank Capacity: 55,158.9M3; Complement: 25",15.7,ClassNK,Golden Pegasus Navigation S. A.,179.9,32.2,19.25,11.65,28245,46846,Hitachi-Man B&W 6S50Me-C Diesel X 1 Unit,"8,530kW x 123min-1"
High Energy,Product Tanker,Naikai Zosen Corporation,683,28/06/2004,"54,907.5M3",15.7,ClassNK,Diamond Product Tanker S. A.,179.9,32.2,19.25,11.65,28245,46874,Hitachi-B&W 6S50Mc-C Diesel X 1 Unit,"NCR: 8,530kW x 123min-1"
IDEMITSU MARU,Crude Oil Carrier,Ihi Marine United Inc.,19.2M,,,15.65,ClassNK,"Idemitsu Tanker Co., Ltd.",333,60,30,29,160300,300100,Du-Sulzer 7Rt-Flex 84T-D Diesel,"27,160kW x 74.0rpm"
Jin-Ei,Vlcc,Universal Shipbuilding Corporation,20.832M,,,15.65,ClassNK,Giulietta Maritima S. A./ Ocean Link Maritime S.A.,332.98,60,37,29.4,160007,299998,Man B&W 6S90Mc-C Diesel,
EAGLE KUCHING,Crude Oil Tanker,Tsuneishi Holdings Corporation,1423,,,15.6,LR,Aet Inc. Limited.,243.8,42,21.3,14.55,60379,107481,Mitsui Man-B&W 6S60Mc-C (Mk 7) Diesel X 1 Unit,
EAGLE TEXAS,Aframax Tanker,"Tsuneishi Shipbuilding Co., Ltd.",1491,,,15.6,LR,Aet Mcv Beta Llc,243.8,42,21.3,12.19,60379,107481,Mitsui-Man B&W 6S60Mc-C (Mark 7) Diesel X 1 Unit,
ENDURANCE SW,Bulk Carrier,,,,,15.6,Nk/Cr,Endurance Pescadores S.A.,199.9,32.26,18.6,13,34812,60225,Mitsui-Man B&W 6S50Me-B9.3 Diesel X 1 Unit,
YAMATOGAWA,Vlcc,Kawasaki Shipbuilding Corporation,1572,,"351,643M3",15.58,ABS,,333,60,29,20.417,160231,302488,Kawasaki-Man B&W 7S80Mc-C Diesel,"27,160kW x 76rpm"
SAKURAGAWA,Vlcc,Kawasaki Shipbuilding Corporation,1612,05/06/2009,"351,618M³",15.58,ClassNK,,332.93,60,29,20.305,160068,299982,Kawasaki-Man B&W 7S80Mc-C Diesel X 1 Unit,"27,160kW x 76rpm"
Mecca,Trailing Suction Hopper Dredger,"Mitsubishi Heavy Industries, Ltd.",,,"10,000M3",15.57,BV,Suez Canal Authority Of Egypt,127.5,26,10.7,8.65,11316,16865,Man B&W 8L48/60 X 2 Units,"max. 3,300kW (motors)"
KIHO,Vlcc,Ihi Marine United Inc. (Kure Shipyard),3199,,,15.55,ClassNK,Dragon’S Mouth Carriers S. A.,333,60,29,28,159923,300866,Du-Wartsila 7Rt-Flex84T-D Diesel X 1 Unit,"27,160kW x 74.0rpm"
Katsuragisan,Vlcc,Kawasaki Shipbuilding Corporation,1563,15/07/2005,"351,580M3",15.55,ClassNK,,333,60,29,20.896,160292,311620,Rhapsody Shipping S. A.,Kawasaki-MAN B&W 7S80MC-C diesel x 1 unit
M. STAR,Vlcc,Kawasaki Shipbuilding Corporation,1590,,"351,580M³",15.55,ClassNK,Probe Shipping S.A.,333,60,29,21.029,160292,314016,Kawasaki Man B&W 7S80Mc-C Diesel X 1 Unit,"27,160kW x 76rpm"
OTOWASAN,Vlcc,Kawasaki Shipbuilding Corporation,1570,,,15.55,ClassNK,Volts Shipping Navigation S. A.,333,60,29,20.391,160292,302477,Kawasaki-Man B&W 7S80Mc-C Diesel X 1 Unit,"27,160kW x 76rpm"
TAKASAKI,"300,000 Mtdw Type Vlcc",Ihi Marine United Inc.,3215,,,15.55,ClassNK,Violeta Maritima Lines S. A.,333,60,29,26,159939,300390,"27,160Kw At 74.0Rpm",
TSUGARU,Double-Hull Vlcc,Ihi Marine United Inc.,20.5M,,,15.55,ClassNK,Honos Shipping Pte. Ltd.,333,60,29,29,160145,301500,Du-Wartsila 7Rt-Flex 84T-D X 1 Unit,"27,160kW x 74.0rpm"
TOBA,Vlcc,"Imabari Shipbuilding Co., Ltd. (Saijo Works)",8022,,,15.55,ClassNK,Toba Shipholding S.A.,332.99,60,29,20.533,160068,299980,Mitsui-Man B&W 8S80Mc-C,"27,960kW x 76.0rpm"
TSURUGA,Crude Oil Carrier,"Imabari Shipbuilding Co., Ltd.",8063,,"350,583M³",15.55,ClassNK,,332.99,60,29,21.1,160068,309960,Mitsui-Man B&W 8S80Mc-C Diesel X 1 Unit,"27,960kW x 76.0rpm"
NSS HONESTY,Ore Carrier,"Mitsui Engineering & Shipbuilding Co., Ltd. (Mes) / Chiba Works",1647,27/04/2007,,15.55,ClassNK,Heyday Shipping S.A.,327,52,24.3,18.1,113628,229548,Mitsui-Man B&W 6S80Mc Diesel X 1 Unit,"21,840kW x 79rpm"
SOUTHERN GLORY,Tanker,"Tsuneishi Shipbuilding Co., Ltd.",S1571,28/05/2019,,15.55,ClassNK,Panama,243.8,42,21.48,,61100,108441,Man-B&W 6G60Me-C9.5 Diesel X 1 Unit,
ENEOS ENDEAVOR,Crude Oil Tanker,Japan Marine United Corporation,Panama,17/06/2022,,15.5,ClassNK,,339.5,60,28.5,21.085,160725,312137,Wingd W7X82 Diesel X 1 Unit,
ENEOS SPIRIT,Crude Oil Tanker,"Liberian Jerboa Transports, Inc.",,29/08/2014,,15.5,ClassNK,Eneos Spirit,339.5,60,28.5,21.091,159414,312247,Wartsila W7X82,
ESTEEM EXPLORER,Crude Oil Tanker,Japan Marine United Corporation (Jmu),1 Unit,21/01/2020,,15.5,ABS,Mk Centennial Maritime B.V.,339.5,60,28.5,21.085,160649,312135,Man B&W 7G80Me-C9.5 Diesel,
SUZUKASAN,Crude Oil Tanker,Japan Marine United Corporation,,12/10/2018,,15.5,ClassNK,Epee Tanker Inc.,339.5,60,28.5,21.085,160123,312037,Man B&W 7G80Me-C9.5 Diesel,
TANZAWA,Crude Oil Tanker,Japan Marine United Corporation (Jmu),,03/10/2019,,15.5,ABS,,339.5,60,28.5,21.085,160597,311374,Manatee Shipholding S.A.,WinGD W7X82 diesel x 1 unit
SEADUKE,Crude Oil Carrier,"Imabari Shipbuilding Co., Ltd.",,28/05/2021,,15.5,DNV,,339.36,60,28.5,,160255,313051,7G80Me-C9.5 Diesel,
KASHIMASAN,Vlcc,"Mitsubishi Heavy Industries, Ltd.",2214,,,15.5,ClassNK,Breeze Shipping Navigation S. A.,333,60,31,29.1,159873,300579,7Uec85Lsii Diesel,"27,020kW x 76.0rpm"
HAKUSAN,Vlcc,"Mitsubishi Heavy Industries, Ltd. (Mhi)",2266,01/08/2011,,15.5,ClassNK,Taurus Transport & Marine S.A. (Mol),333,60,29.1,20.8,160059,305350,Mitsubishi-Ue 7Uec85Lsii Diesel,"27,020kW"
Takamine,Vlcc,"Mitsubishi Heavy Industries, Ltd.",2189,30/06/2004,,15.5,ClassNK,Amarcord Maritima S. A.,333,60,29.1,20.8,159984,306206,"27,020Kw X 76.0Rpm",
ATLANTIC PIONEER,Malaccamax Type Vlcc,"Namura Shipbuilding Co., Ltd.","159,943",,,15.5,ClassNK,Primo Shipping S.A.,333,60,29,20.6,,302303,Mitsui Man-B&W 7S80Mc-C (Mark 8) Diesel X 1 Unit,"MCR: 27,160kW x 74.0rpm"
CAPE MATHILDE,Bulk Carrier,"Mitsui Engineering & Shipbuilding Co., Ltd.",1716,,,15.5,ClassNK,,292,44.98,29,24.7,92250,178381,Mitsui-Man B&W 6S70Mc-C Diesel,"18,660kW"
FRONTIER FALCON,Bulk Carrier,"Mitsui Engineering & Shipbuilding Co., Ltd. (Mes)",1767,,,15.5,ClassNK,"Clio Marine Inc., Liberia",292,44.98,29,24.7,92250,176820,Mitsui-Man B&W 6S70Mc-C Diesel X 1 Unit,"18,660kW x 91rpm"
LEO FELICITY,Bulk Carrier,"Mitsui Engineering & Shipbuilding Co., Ltd. (Mes)",1711,,,15.5,ClassNK,"Lepta Shipping Co., Ltd., Liberia",292,44.98,25,24.7,92246,178564,Mitsui-Man B&W 6S70Mc-C Diesel,"18,660kW x 91rpm"
FRONTIER CORONET,Bulk Carrier,"Kawasaki Heavy Industries, Ltd.",1669,,,15.5,ClassNK,Lucky Harvest Shipping S.A.,292,45,24.7,18.2,93286,182674,Kawasaki-Man B&W 6S70Mc-C7 Diesel X 1 Unit,"17,780kW"
CORELLA ARROW,Open Hatch General Cargo Carrier,"Oshima Shipbuilding Co., Ltd.",,11/05/2009,,15.5,DNV,Glory Ocean Shipping S.A.,225,32.26,20.56,14.388,44684,72863,Man B&W 6S60Me-C Diesel X 1Unit,"12,577kW"
SANKO MINERAL,J-Open Type Bulk Carrier,"Oshima Shipbuilding Co., Ltd.",,20/06/2008,"57,886M3",15.5,ClassNK,,189.99,32.26,17.31,12.227,30360,50757,Kawasaki Man B&W 5S60Mc-C Diesel X 1 Unit,"13,850ps x 95.0rpm"
ARGENT IRIS,Chemical Tanker,"Shin Kurushima Dockyard Co., Ltd.",S-5542,,,15.5,ClassNK,Argent Navigation S.A.,174.43,27.7,21,16,20334,34862,6Uec50Lsii Diesel,
JIPRO NEFTIS,Chemical/Oil Tanker,"Shin Kurushima Dockyard Co., Ltd.",S-5543,10/05/2011,,15.5,ClassNK,Jipro Shipping S.A.,174.43,27.7,16,10.02,20333,34858,6Uec50Ls Ii Diesel X 1 Unit,
GINGA PANTHER,"25,000Dwt Chemical Tanker","Shin Kurushima Dockyard Co., Ltd. (Hiroshima Dockyard)",5428,07/06/2007,,15.5,ClassNK,Achilles Line Shipping S.A.,159.98,28,26.8,14.2,16222,25338,Mitsubishi 6Uec52La Diesel X 1 Unit,
GINGA BOBCAT,Chemical Tanker,"Shin Kurushima Dockyard Co., Ltd.",5562,,,15.5,ClassNK,Carolina Navigation S.A.,159.98,26.8,18,14.2,16222,26073,Kobe Diesel 6Uec52La Diesel,
Ginga Cougar,Chemical Tanker,"Shin Kurushima Dockyard Co., Ltd.",5317,,,15.5,ClassNK,Panther Navigation Inc.,159.98,26.8,14.2,9.876,16232,25435,6Uec52La Diesel X 1 Unit,
FUJI GALAXY,Chemical Tanker,"Shin Kurushima Dockyard Co., Ltd.",5711,,,15.5,ClassNK,Alicia Navigation S.A,159.03,27.1,14.2,10.013,16399,26198,Kobe Diesel 6Uec45Lse Diesel X 1 Unit,
HAKUREI,Marine Resource Research Vessel,"Mitsubishi Heavy Industries, Ltd. (Mhi)",,31/01/2012,,15.5,ClassNK,"Japan Oil, Gas And Metals National Corporation (Jogmec)",118.3,19,9.2,6.2,1155,6283,"3,200Kw X 2 Units",
TOWA MARU,Crude Oil Tanker,Japan Marine United Corporation (Jmu),Japan,21/01/2022,34 Crew,15.45,ClassNK,,339.5,60,28.5,21.05,160709,311028,Wingd W7X82 Diesel,
EPIC SICILY,Lpg Carrier,"Sasaki Shipbuilding Co., Ltd.",687,20/02/2015,"11,026M³",15.43,BV,Southern Pacific Holding Corporation,119.92,20.6,9.6,6.8,7951,8130,Hitachi Man B&W 6S35Me-B9.3C,"4,170kW"
TENSHO,Crude Oil Tanker,Japan Marine United Corporation (Jmu),Liberia,24/06/2022,,15.4,ClassNK,,339.5,60,28.5,21.05,160698,310924,Wingd W7X82 Diesel X 1 Unit,
Pacific Glory,Ore Carrier,"Imabari Shipbuilding Co., Ltd./Saijo Shipyard",8021,15/06/2004,,15.4,ClassNK,Fir Shipping S. A.,316.94,55,24.3,18.1,118249,233694,,
Cape Enterprise,Bulk Carrier,Kawasaki Shipbuilding Corporation,1516,,,15.4,ClassNK,Ocean Shipholding S. A.,290,47,24.4,17.95,92993,185909,Kawasaki-Man B&W 6S70Mc Mkvi Diesel X 1 Unit,
KARVOUNIS,Crude Oil Carrier,"Sumitomo Heavy Industries Marine & Engineering Co., Ltd.",,,,15.4,,,274,48,22.8,,2013,156000,Mitsui Man B&W 6S70Mc-C8 Diesel,
Tempera,Aframax Tanker (Double Acting Tanker),"Shi Yokosuka Shipyard (Sumitomo Heavy Industries, Ltd.)",2002,,,15.4,,Fortum Oil & Gas Oy Of Finland,252,44,22.5,14.5,64200,106000,"16,000Kw (Mcr)",
TH SOUND,Tanker,Tsuneishi Holdings Corporation,1389,20/05/2009,,15.4,ABS,,243.8,42,21.3,14.578,60205,107687,Mitsui Man B&W 6S60Mc-C Diesel X 1 Unit,
DR. KAIYO,Marine Maintenance Vessels (Refuse And Oil Skimming Ship),"Ihi Amtec Co., Ltd.",,,,15.4,,"The Ministry Of Land, Infrastructure, Transport And Tourism (Mlit)",196,11.6,4.2,2.64,,,Mtu4000M60 Diesel,"1,320kW x 2 units"
ST.NIKOLAI,Product/Chemical Tanker,"Onomichi Dockyard Co., Ltd.",747,18/10/2018,,15.4,ClassNK,Shenlong Maritime Pte. Ltd.,175,32.2,19.05,13.1,29513,50129,Mitsubishi 6Uec50Lsh-Eco-C2 Diesel,
YASA TOKYO,"37,000Dwt Bulker Carrier","Onomichi Dockyard Co., Ltd.",,08/02/2023,,15.4,ClassNK,Marshall Islands,174,30,15.1,,24000,37000,Man B&W 6S46Me-B8.5,
CAPE GENESIS,Bulk Carrier,Universal Shipbuilding Corporation,,25/10/2012,"193,396M3",15.35,ClassNK,Leo Ocean S.A.,292,45,24.5,18.15,93031,182097,Man B&W 7S65Me-C Diesel,
SHIN KOHO,"180,000 Dwt Bulk Carrier",Universal Shipbuilding Corporation,,31/05/2011,"193,396M³",15.35,ClassNK,,292,45,24.5,18.15,93031,182128,Man B&W 7S65Me-C X 1 Unit,
SHIN-ZUI,Bulk Carrier,"Koyo Dockyard Co., Ltd. (Imabari Group)",Panama,,,15.35,ClassNK,San Clemente Shipping S.A.,288.93,45,26,24.7,90092,180200,Mitsui Man B&W 6S70Mc-C Diesel X 1 Unit,"18,630 kW x 91.0rpm"
CAPE UNITY,Bulk Carrier,"Imabari Shipbuilding Co., Ltd.",8035,,"199,724M3",15.35,ClassNK,,288.93,45,24.7,18.174,90092,181181,Mitsui-Man B&W 6S70Mc-C Diesel,"18,630kW x 91rpm"
FIRST EAGLE,Bulk Carrier,"Imabari Shipbuilding Co., Ltd. (Saijo Shipyard)",8079,,,15.35,ClassNK,,288.93,45,24.7,19,90111,180199,Panamanian Owner,MAN B&W 6S70MC-C diesel x 1 unit
FRONTIER AMBITION,Bulk Carrier,"Koyo Dockyard Co., Ltd.",Panama,,,15.35,ClassNK,Ky Shipping (Panama) S.A.,288.93,45,24.7,18.15,90092,180253,Mitsui Man B&W 6S70Mc-C Diesel,"18,630kW x 91.0rpm"
OCEAN COBALT,Bulk Carrier,"Imabari Shipbuilding Co., Ltd. (Saijo Shipyard)",8069,11/07/2008,,15.35,ClassNK,,288.93,45,24.7,18.151,90092,180200,Panamanian Owner,MAN B&W 6S70MC-C diesel x 1 unit
Sea Victory,Bulk Carrier,"Koyo Dockyard Co., Ltd.",2157,,,15.35,ClassNK,Pedregal Maritime S. A.,288.93,45,24.7,18.151,90091,184805,Mitsui Man B&W 6S70Mc-C Diesel X 1 Unit,"MCR: 18,630kW"
Seapacis,Aframax Tanker (Crude Oil Carrier),"Namura Shipbuilding Co., Ltd.",,,,15.35,ABS,Seaway Navigation Ltd. Of The Valles Steamship Group (Valles),261,42,21.2,14.943,56489,105747,Hitachi B&W 6S60Mc Diesel X 1 Unit,"12,240 kW x 105.0rpm"
NSU OBELISK,Bulk Carrier,"Imabari Shipbuilding Co., Ltd.",,,,15.3,ClassNK,Marea Buena S.A.,299.94,50,24.7,,107222,207819,Mitsui-Man B&W 6S70Me-C8.2 Diesel X 1 Unit,
CAPE GARLAND,Bulk Carrier,"Mitsui Engineering & Shipbuilding Co., Ltd. (Mes)",1693,,,15.3,ClassNK,,292,44.98,30,24.7,92278,178394,Mitsui-Man B&W 6S70Mc-C Diesel,"18,660 kW x 91rpm"
CAPE YAMABUKI,Bulk Carrier,Kawasaki Shipbuilding Corporation,1633,,,15.3,ClassNK,,292,45,26,24.7,92977,182534,Kawasaki-Man B&W 6S70Mc-C (Mk7) Diesel,"17,780kW x 87rpm"
ALEXANDRA P,Capesize Bulk Carrier,"Sasebo Heavy Industries Co., Ltd. (Ssk)",,,,15.3,ABS,Auckland Trading Co. Of Liberia,292,45,24.7,16.5,93385,181255,B&W 6S70Mc-C Diesel X 1 Unit,
CAPE CANARY,Bulk Carrier,Kawasaki Shipbuilding Corporation,1634,,,15.3,ClassNK,"""K"" Line Bulk Shipping (Uk) Limited",292,45,24.7,18.2,93235,182577,Kawasaki-Man B&W 6S70Mc-C (Mk7) Diesel X 1 Unit,"17,780kW x 87rpm"
CAPE TSUBAKI,Bulk Carrier,Kawasaki Shipbuilding Corporation At The Sakaide Shipyard,1635,29/06/2010,,15.3,ClassNK,,292,45,24.7,18.2,92977,182718,"Kawasaki Kisen Kaisha, Ltd., ""K"" Line",Kawasaki-MAN B&W 6S70MC-C (Mk7) diesel x 1 unit
FIVE STARS FUJIAN,Bulk Carrier,"Sasebo Heavy Industries Co., Ltd.",S-764,,,15.3,ABS,Five Stars Fujian Shipping Company Limited,292,45,24.7,18.175,93385,181383,Mitsui Man B&W 6S70Mc-C Diesel X 1 Unit,
FRONTIER NEIGE,Bulk Carrier,"Kawasaki Heavy Industries, Ltd.",1637,,"203,226M³",15.3,ClassNK,Southern Pacific Holding Corporation,292,45,24.7,18.2,93288,182737,Kawasaki Man B&W 6S70Mc-C7 Diesel X 1 Unit,"17,780kW x 87rpm"
K. VICTORY,Bulk Carrier,"Sasebo Heavy Industries Co., Ltd.",S776,10/07/2012,,15.3,ClassNK,David A Shipholding S.A.,292,45,24.7,18.15,93383,181500,Man B&W 6S70Mc-C7 Diesel X 1 Unit,
SANKO POWER,Bulk Carrier,"Sasebo Heavy Industries Co., Ltd.",S780,,,15.3,,"The Sanko Steamship Co., Ltd.",292,45,24.7,18.175,93369,181196,B&W 6S70Mc-C Diesel X 1 Unit,
CAPE BRITANNIA,Bulk Carrier,"Mitsui Engineering & Shipbuilding Co., Ltd.",1694,11/06/2009,,15.3,ClassNK,"""K"" Line Bulk Shipping (Uk) Limited",292,44.98,24.7,17.95,92281,178369,Mitsui-Man B&W 6S70Mc-C Diesel X 1 Unit,"18,660kW x 91rpm"
CAPE CELTIC,Dunkerque-Max Bulker,"Mitsui Engineering & Shipbuilding Co., Ltd. (Mes)",1732,29/09/2011,,15.3,ClassNK,Panama,292,44.98,24.7,,92249,178342,Mitsui-Man B&W 6S70Mc-C Diesel,"18,660kW x 91rpm"
CAPE HARMONY,Bulk Carrier,"Mitsui Engineering & Shipbuilding Co., Ltd. (Mes)",1733,08/03/2012,,15.3,ClassNK,"Ocean Transit Carrier S.A., Panama",292,44.98,24.7,,92253,178373,Mitsui-Man B&W Diesel Engine 6S70Mc-C Diesel,"18,660kW x 91rpm"
YASA GOLDEN MARMARA,Tanker,"Mitsui Engineering & Shipbuilding Co., Ltd.",1672,,"128,073M3",15.3,LR,"Lepta Shipping Co., Ltd.",245.5,42,25,21.5,59745,110769,Mitsui-Man B&W 7S60Mc Diesel,"14,280kW x 105rpm"
YASA GOLDEN DARDANELLES,"110,000Dwt Type Double Hull Crude Oil Tanker","Mitsui Engineering & Shipbuilding Co., Ltd. (Mes)",1673,24/06/2008,"128,073M3 (100%)",15.3,LR,Yasa Tanker And Transportation S.A.,245.5,42,21.5,14.95,59745,110828,Mitsui-Man B&W 7S60Mc Diesel X 1 Unit,"14,280kW x 105rpm"
ORCHID,Tanker,Nordorchid Navigation Company Limited,1377,28/06/2013,,15.3,LR,,228.6,42,21.5,,57000,105000,Mitsui Man B&W 6S60Mc-C Diesel,
Liberty Eagle,Handymax Bulker,"Oshima Shipbuilding Co., Ltd. (Osy)",Usa,,675Teu,15.3,ABS,Liberty Shipping Group,189.99,32.26,27,16.67,28762,51812,Kawasaki Man B&W 6S50Mc-C Diesel X 1 Unit,"9,480kW x 127.0rpm (MCR)"
JOSE PROGRESS,Chemical Tanker,"Shin Kurushima Dockyard Co., Ltd.",5546,,,15.3,ClassNK,Asl Shipholding S.A.,185.93,32.2,19.3,19,30969,47018,Kobe Diesel 6Uec60Ls Diesel,
MAERSK MUROTSU,Product Tanker,"Onomichi Dockyard Co., Ltd.",Jun-10,,"55,000M³",15.3,ClassNK,,182.5,32.2,18.4,12.9,28300,50000,Man B&W 6S50Mc (Mk 6) Diesel X 1 Unit,"8,580kW x 127rpm"
SANKO LIBRA,Product Tanker,"Onomichi Dockyard Co., Ltd.",,,,15.3,ABS,Libra Tankship Limited,182.5,32.2,18.1,3,26916,47378,Mitsui Man-B&W 6S50Mc Diesel,
GLORIOUS SUNSHINE,Product/Chemical Tanker,"Onomichi Dockyard Co., Ltd.",768,01/09/2020,,15.3,ABS,Solar Shipping And Trading S.A.,175,32.2,19.05,13.1,29462,49996,Mitsui Man B&W 6S50Me-B9.5 Diesel X 1 Unit,
PACIFIC GOLD,Product/Chemical Tanker,"Onomichi Dockyard Co., Ltd.",759,26/06/2020,,15.3,ClassNK,Tanquart Marine Ltd,175,32.2,19.05,13.1,29513,49950,Mitsui Man B&W 6S50Me-B9.5 Diesel X 1 Unit,
GOLD EXPRESS,Product Tanker,"Onomichi Dockyard Co., Ltd.",Panama,15/07/2009,"53,500M³",15.3,ClassNK,Venus Ocean Navigation S.A. Of Panama,172.6,32.2,18.1,,26900,47410,Mitsui Man-B&W 6S50Mc Diesel X 1 Unit,
RIO GENOA,Crude Oil Tanker,Universal Shipbuilding Corporation,,,,15.25,ABS,Pine Maritime Corporation,276.88,50,22.4,16.142,83722,159395,Man B&W 6S70Mc-C,
SOUTHERN REVERENCE,Tanker,,Panama,27/03/2018,,15.25,,,243.8,42,21.48,,60855,1568,Man-B&W 6G60Me-C9.5 Diesel X 1 Unit,
STAVANGER BLOSSOM,Tanker,"Sumitomo Heavy Industries Marine & Engineering Co., Ltd.",1329,,,15.25,,Stavanger Blossom Ks,239,42,28,21.3,56172,105400,Diesel United-Sulzer 6Rta58T Diesel,"12,000kW x 103rpm"
Stavanger Viking,Oil Tanker,"Sumitomo Heavy Industries Marine & Engineering Co., Ltd.",1312,,,15.25,,Lrs,239,42,21.3,12.1,56172,105400,Stavanger Viking Ks/Det Stavangerske Dampskibsselskab Asa,Diesel United-Sulzer 6RTA58T diesel x 1 unit
RBD CAPRI,Bulk Carrier,"Shin Kasado Dockyard Co., Ltd.",1468,,,15.25,ClassNK,,224.94,32.26,29,19.5,39737,76619,A Panamanian Owner,MAN B&W 6S60MC (MK 6) diesel x 1 unit
FS DILIGENCE,Product Oil Carrier,"Namura Shipbuilding Co., Ltd.",Hong Kong,18/01/2012,,15.2,ABS,Simosa Shipping Company Limited,249.97,44,21.2,14.8,63057,115586,Man B&W 6S60Mc-C (Mark 7) X 1 Unit,"13,560kW"
FS ENDEAVOR,Product Oil Carrier,"Namura Shipbuilding Co., Ltd.",Hong Kong,06/06/2012,,15.2,ABS,J&K Shipping Company Limited,249.97,44,21.2,14.8,63058,115626,Man B&W 6S60Mc-C (Mark 7) Diesel X 1 Set,"13,560kW"
Red Iris,Bulk Carrier,Sanoyas Hishino Meisho Corp.,1210,,,15.2,,F. J. Lines Inc.,239,42,28,21.3,56204,105250,Du-Sulzer 6Rt-Flex58T-B Diesel,
AMBROSIA,Double-Hull Aframax Tanker,"Sumitomo Heavy Industries Marine & Engineering Co., Ltd.",12.19M,,"122,330M3",15.2,LR,Ambrosia Shipping Inc.,239,42,21.3,21,56500,105250,Du-Sulzer 6Rta58T Diesel,
Nectar,Tanker,"Sumitomo Heavy Industries Marine & Engineering Co., Ltd.",1310,08/07/2005,,15.2,DNV,Crystal Mountain Investment Inc.,239,42,21.3,12.19,65500,105250,Du-Sulzer 6Rta58T Diesel X 1 Unit,
RIVER ETERNITY,"105,000 Mtdw Double-Hull Aframax Clean Petroleum Product Carrier","Sumitomo Heavy Industries Marine & Engineering Co., Ltd. (Shi-Me)",,,"122,330M3",15.2,ClassNK,Wealth Line Inc.,239,42,21.3,12.19,56285,105200,Du-Sulzer 6Rta58T Diesel,
Star Lady,Double-Hull Aframax Crude Oil Carrier,"Sumitomo Heavy Industries Marine & Engineering Co., Ltd. (Shi-Me)",,02/06/2005,"122,330M3",15.2,LR,Amadeus Shipping Uk Limited,239,42,21.3,12.19,56500,105250,Du-Sulzer 6Rt-Flex58T-B Diesel X 1 Unit,
Unique Privilege,Double-Hull Aframax Clean Product Carrier,"Sumitomo Heavy Industries Marine & Engineering Co., Ltd. (Shi-Me), Yokosuka Shipyard",,,"122,330M3",15.2,ClassNK,Unique Shipping (H. K.) Limited,239,42,21.3,12.19,56285,105400,Du-Sulzer 6Rta58T Diesel X 1 Unit,
SANKO BREEZE,Tanker,"Sumitomo Heavy Industries Marine & Engineering Co., Ltd.",1314,,,15.2,,South Stability Shipping Inc.,239,42,21.3,12.19,56500,105400,Diesel United-Sulzer 6Rta58T Diesel X 1 Unit,"12,000kW x 103rpm"
SARGAM,Bulk Carrier,"Imabari Shipbuilding Co., Ltd.",S-1580,08/05/2012,"109,477M³",15.2,ClassNK,,234.98,38,19.9,14.45,50624,95671,Mitsui-Man B&W 6S60Mc-C (Mark 7) Diesel X 1 Unit,"12,950kW"
SEACLAM,Tanker,,,,,15.2,LR,Fisher Maritime Company,228.97,44,21.8,,112000,,Mitsui Man B&W 6G60Me-C9.2 Diesel X 1 Unit,
UNITY VENTURE,Tanker,,1387,,,15.2,,,228.97,44,21.8,,60200,112000,Mitsui Man B&W 6G60Me-C9.2 Diesel,
ARIAKE MARU,Product Tanker,"Shin Kurushima Dockyard Co., Ltd.",5456,,,15.2,ClassNK,"Solar Shipping And Trading S.A. And Asahi Tanker Co., Ltd.",179.88,32.2,18.7,12.05,28097,45920,B&W 6S50Mc-C Mk 7 Diesel X 1 Unit,
NORDINDEPENDENCE,Tanker,Nordindependence Shipping C.V.,1392,,,15.2,LR,,,44,21.8,,60200,112000,Mitsui Man B&W 6G60Me-C9.2 Diesel X 1 Unit,
SEACHARM,Tanker,,,07/03/2018,,15.2,LR,,,44,21.8,,60200,112000,Mitsui Man B&W 6G60Me-C9.2 Diesel,
IS BRASTAR,Iron Ore Carrier,"Imabari Shipbuilding Co., Ltd.",2014,,,15.15,,Five Cargo Holds And Nine Single Panel Hatches,339.9,60,28.8,21.65,167500,335000,B&W 7S80Mc-C (Mk Viii) Diesel X 1 Unit,"29,260kW x 78rpm"
FRONTIER PHOENIX,Bulk Carrier,"Koyo Dockyard Co., Ltd.",S-2332,,,15.15,ClassNK,Forward Gloria Navigation S.A.,291.98,45,24.7,18.15,92752,181356,Mitsui-Man B&W 6S70Mc-C Diesel X 1 Unit,
LOWLANDS SERENITY,Bulk Carrier,"Koyo Dockyard Co., Ltd.",2342,,,15.15,ClassNK,,291.98,45,24.7,18.214,92752,181458,Panamanian Owner,MAN B&W 6S70MC-C diesel x 1 unit
NEW DELIGHT,Bulk Carrier,,S-8122,10/10/2012,,15.15,ClassNK,,291.98,45,24.7,,92752,181279,Mitsui-Man B&M 7S70Mc-C Diesel X 1 Unit,"18,660kW x 91.0rpm"
SANKO PARTNER,Bulk Carrier,"Imabari Shipbuilding Co., Ltd.",S-8109,03/10/2011,"201,243M³",15.15,ABS,,291.98,45,24.7,18.214,92746,181399,Hitachi-Man B&W 6S70Mc-C Diesel,"18,660kW x 91.0rpm"
SEA TRIUMPH,Bulk Carrier,"Koyo Dockyard Co., Ltd.",S-2362,02/02/2012,,15.15,ClassNK,Panama,291.98,45,24.7,18.21,92752,181415,Panamanian Owner,Mitsui-MAN B&W 6S70MC-C (Mark 7) diesel
BAOSTEEL EDUCATION,Ore Carrier,"Namura Shipbuilding Co., Ltd.",18.10M,,,15.1,ClassNK,Emerald Marine Ltd.,319.58,54,31,24.3,113932,228527,Mitsubishi 6Uec85Lsii Diesel,"22,432kW x 76.0rpm"
SAKURA,Ore Carrier,"Namura Shipbuilding Co., Ltd.",Panama,,,15.1,ClassNK,Caelus Shipping Pte. Ltd.,319.58,54,24.3,24,113928,229069,Mitsubishi 6Uec85Lsii Diesel,"22,432kW x 76.0rpm"
BAOSTEEL EVOLUTION,Bulk Carrier,"Imabari Shipbuilding Co., Ltd. (Saijyo Shipyard)",18.083M,,,15.1,ClassNK,Ambitious Line S. A.,299.94,50,28,24.5,8033,104721,Mitsui-Man B&W 6S70Mc-C Diesel X 1 Unit,"Output: 18,630kW x 91rpm"
AZUL LEGENDA,Bulk Carrier,"Imabari Shipbuilding Co., Ltd.",8053,,,15.1,ClassNK,"Funada Kaiun Co., Ltd.",299.94,50,24.5,18.083,104719,206331,Man B&W 6S70Mc-C Diesel,"18,630kW x 91rpm"
BERGE BONDE,Bulk Carrier,Imabari Shipbuilding,8049,,"220,021.91M3",15.1,ClassNK,La Darien Navegacion S. A.,299.94,50,24.5,18.083,104727,206312,Kawasaki-Man B&W 6S70Mc-C X 1 Unit,"MCR: 18,630kW x 91rpm"
BW ODEL,"205,000 Dwt Type Bulk Carrier",Imabari Shipbuilding,8055,,"220,021.91M3",15.1,ClassNK,E.K. Line S. A.,299.94,50,24.5,18.083,104721,206330,Mitsui-Man B&W 6S70Mc-C X 1 Unit,"18,630kW x 91rpm"
MG COURAGE,Bulk Carrier,"Imabari Shipbuilding Co., Ltd.",8036,05/06/2007,,15.1,ClassNK,Venus Sea Marine S.A.,299.94,50,24.5,18.105,104721,206254,Mitsui-Man B&W 6S70Mc-C Diesel X 1 Unit,"18,630 kW x 91rpm"
ROYAL ACCORD,Bulk Carrier,"Imabari Shipbuilding Co., Ltd. (Saijo Shipyard)",8077,,,15.1,ClassNK,,288.93,45,24.7,18.147,90111,180129,Panamanian Owner,MAN B&W 6S70MC-C diesel x 1 unit
BALTIC GALAXY,Crude Oil Tanker,"Sasebo Heavy Industries Co., Ltd.",758,01/06/2009,,15.1,ABS,Grand Falcon Maritime S.A.,245.6,42,21.5,15.643,59408,114824,B&W 6S60Mc-C Diesel X 1 Unit,
SUNDA SEA,Crude Oil Carrier,"Sasebo Heavy Industries Co., Ltd.",S-772,,,15.1,ABS,Venetia Shipping Limited,243.8,42,27,21.5,59180,114531,Mitsui Man B&W 6S60Mc-C Diesel,
LR2 PIONEER,Crude And Petroleum Product Carrier,"Sasebo Heavy Industries Co., Ltd.",751,,,15.1,ABS,Heroic Aries Inc.,243.8,42,21.5,20,59172,115273,Man B&W 6S60Mc-C Diesel X 1 Unit,"13,560kW x 105.0min-1"
LR2 POSEIDON,Product Tanker,"Sasebo Heavy Industries Co., Ltd.",753,,,15.1,ABS,Heroic Crux Inc.,243.8,42,21.5,15.62,59172,115273,Mitsui Man B&W 6S60Mc-C Diesel X 1 Unit,"13,560 kW"
Celebrity,Tanker,"Sumitomo Heavy Industries Marine & Engineering Co., Ltd.",1300,,,15.1,,Lrs,237.74,42,24,21.3,56227,105200,Victory Trading Company/Dynacom Tankers Management Ltd.,DU Sulzer 6RTA58T diesel x 1 unit
CHALLENGE POINT,Product Tanker,"Shin Kurushima Dockyard Co., Ltd.",5453,,,15.1,ClassNK,"Seven Ocean Lines, S.A.",179.88,32.2,18.7,17,28049,45997,B&W 6S50Mc-C Mark Vii Diesel,
Nord Strait,Product Carrier,"Shin Kurushima Dockyard Co., Ltd.",5213,28/07/2004,,15.1,ClassNK,Stiringaster Line Inc.,179.88,32.2,18.7,12,28059,45934,Man B&W 6S50Mc-C Diesel X 1 Unit,
CHALLENGE PROSPECT II,Product/Chemical Tanker,"Onomichi Dockyard Co,. Ltd.",757,23/01/2020,,15.1,ClassNK,Bluejay Maritime S.A.,175,32.2,19.05,13.1,29513,49995,Mitsui Man B&W 6S50Me-B9.5 Diesel,
HAKATA PRINCESS,Product/Chemical Tanker,,751,,,15.1,ClassNK,"Lepta Shipping Co., Ltd.",175,32.2,19.05,13.1,29545,49999,Man B&W 6S50Me-B9.5 Diesel X 1 Unit,
Recoleta,Panamax Tanker,"Sasebo Heavy Industries Co., Ltd. (Ssk)",,,"85,056M3",15.1,LR,"Empresa Naviera Petrolera Atlantica, S. A. (Argentina)",,32.26,20.6,13.43,42014,69950,B&W7S50Mc-C X 1 Unit,"MCR: 11,060kW x 127.0rpm; NCR: 9,950kW x 122.6rpm"
PACIFIC KOHINOOR,Product/Chemical Tanker,"Onomichi Dockyard Co., Ltd.",772,10/11/2021,,15.1,ClassNK,Michiko Shipping Inc.,,32.2,19.05,,29513,49999,Man B&W 6S50Me-B9.5 Diesel X 1 Unit,
CAPE DIVERSITY,"182,000Dwt Bulk Carrier",Japan Marine United Corporation,5192,17/02/2023,,15.05,ClassNK,Panama,292,45,24.55,18.234,93660,182236,Man B&W 7S65Me-C8.5 Diesel X 1 Unit,
CAPE ELIANTO,Bulk Carrier,Japan Marine United Corporation,5190,25/07/2022,,15.05,ClassNK,Stc Shipping Pte. Ltd.,292,45,24.55,18.234,93297,182328,Man-B&W 7S65Me-C8.5-Hpscr Diesel X 1 Unit,
CHEVRIER,Dunkirkmax Bulk Carrier,Japan Marine United Corporation,,13/01/2016,,15.05,ClassNK,,292,45,24.55,18.18,93297,182625,Man B&W 7S65Me-C8.2,
CHOULLY,Dunkirkmax Bulk Carrier,Japan Marine United Corporation (Jmu),,20/04/2016,,15.05,,Not Specified,292,45,24.55,18.18,182651,,Man B&W 7S65Me-C8.2 Diesel,
EMPEROR PAMPERO,Dunkirkmax Bulk Carrier,Japan Marine United Corporation (Jmu),,29/08/2019,,15.05,ClassNK,,292,45,24.55,18.18,93722,182567,Man B&W 7S65Me-C8.5 Diesel X 1 Unit,
EMPRESS ZONDA,Bulk Carrier,Japan Marine United Corporation,5217,02/06/2020,,15.05,,Dnvgl,292,45,24.55,18.15,93575,182584,Man B&W 7S65Me-C8.5 Diesel X 1 Unit,
FJ ROSSA,Bulk Carrier,Japan Marine United Corporation,5175,08/04/2022,,15.05,ClassNK,Wealth Line Inc.,292,45,24.55,18.234,93297,182309,Man-B&W 7S65Me-C8.5-Hpscr Diesel X 1 Unit,
GOLDEN KATHRINE,Bulk Carrier,Japan Marine United Corporation,5004,16/01/2015,,15.05,ABS,Hong Kong,292,45,24.55,,93200,182000,Man B&W 7S65Me-C Diesel X 1 Unit,
KAURI,Dunkirkmax Bulk Carrier,Japan Marine United Corporation (Jmu),,22/09/2021,,15.05,ClassNK,,292,45,24.55,18.2,93298,182327,Man B&W 7S65Me-C8.5-Hpscr Diesel X 1 Unit,
LADY DEENA,G-Series Dunkirkmax Bulker,Japan Marine United Corporation (Jmu),Dnvgl,17/06/2020,,15.05,,,292,45,24.55,18.15,93575,182588,Man B&W 7S65Me-C8.5 Diesel X 1 Unit,
NAVIOS ASTRA,G-Series Dunkirkmax Bulk Carrier,Japan Marine United Corporation (Jmu),,13/09/2022,,15.05,ClassNK,Not Specified,292,45,24.55,18.234,93297,182393,Man B&W 7S65Me-C8.5-Hpscr Diesel X 1 Unit,
PELOREUS,Dunkirkmax Bulk Carrier,Japan Marine United Corporation (Jmu) Ariake Shipyard,,22/07/2014,,15.05,ClassNK,Cape Horizon Shipping Llc,292,45,24.55,18.18,93297,182496,Man B&W 7S65Me-C Diesel X 1 Unit,
BRASIL MARU,Very Large Ore Carrier,"Mitsui Engineering & Shipbuilding Co., Ltd. (Mes)",1660,,,15,ClassNK,Tamou Line S.A.,340,60,28.15,21.13,160774,327180,Mitsui-Man B&W Diesel 7S80Mc -C X 1 Unit,"23,640kW x 66rpm"
TUBARAO MARU,Ore Carrier,"Mitsui Engineering & Shipbuilding Co., Ltd.",1668,,,15,ClassNK,G.O.D. Shipping S.A.,340,60,28.15,21.13,160774,327127,Mitsui-Man B&W 7S80Mc-C Diesel X 1 Unit,"23,640KW x 66rpm"
BAO FU,Ore Carrier,"Namura Shipbuilding Co., Ltd.",18.00M,,,15,ClassNK,Wealth Line Inc.,329.95,57,26,25.1,132537,250877,Man B&W 7S80Mc-C (Mark 7) Diesel,"21,910 kW"
INDIGO HOPE,Ore Carrier,Grand Crow Maritime S.A.,Panama,09/05/2013,,15,ClassNK,,329.95,57,25.1,18,132587,251019,Man B&W 7S80Mc-C (Mark 7) Diesel,
IRON PILBARA,"250,000Dwt-Type Ore Carrier","Namura Shipbuilding Co., Ltd. Imari Shipyard & Works",,04/02/2014,"121,605M³",15,ClassNK,El Sol Maritime S.A.,329.95,57,25.1,18,132587,250895,Man B&W 7S80Mc-C (Mark 7),
PARABURDOO,"250,000Dwt Class Ore Carrier","Namura Shipbuilding Co., Ltd.",Panama,24/07/2013,,15,ClassNK,,329.95,57,25.1,18,132587,251053,Man B&W 7S80Mc-C (Mark7) Diesel,
WUGANG INNOVATION,Ore Carrier,"Namura Shipbuilding Co., Ltd.",Japan,19/10/2011,,15,ClassNK,Nippon Yusen Kabushiki Kaisha,329.95,57,25.1,18,132466,250868,Man B&W 7S80Mc-C (Mark 7) X 1 Set,"21,910 kW x 74.5 min⁻¹"
GOOD HORIZON,"182,000Dwt Type Bulker","Mitsui Engineering & Shipbuilding Co., Ltd. (Mes)",1927,30/03/2017,,15,ClassNK,Panama,292,44.98,24.7,,94818,182342,Mitsui-Man B&W 6S70Me-C9.5 Diesel Engine X 1 Unit,
GRY BULKER,Dunkerquemax Type Bulk Carrier,"Namura Shipbuilding Co., Ltd.",,,,15,ClassNK,Lauritzen Bulkers A/S,289.98,45,24.7,18,91508,174788,Man B&W 6S70Mc-C (Mk 7) Diesel X 1 Unit,"16,860kW x 91.0min-1"
Cape Heron,Bulk Carrier (Dunkerquemax Capesize Bulker),"Chiba Works, Mitsui Engineering & Shipbuilding Co., Ltd. (Mes)",1615,,"197,050M3 Cargo Hold Capacity",15,ClassNK,Trinity Bulk S. A. Of Panama,289,45,25,24.4,88494,177656,Mitsui-Man B&W 6S70Mc Diesel X 1 Unit,"MCR: 16,860kW x 91rpm"
NSS GRANDEUR,Bulk Carrier,"Mitsui Engineering & Shipbuilding Co., Ltd.",1646,,"197,014M3",15,ClassNK,Grand Shipping S. A. Of Panama,289,45,24.4,23,88819,176882,Mitsui-Man B&W 6S70Mc Diesel X 1 Unit,"MCR: 16,860KW x 91rpm"
Ocean Celebrity,Bulk Carrier,"Mitsui Engineering & Shipbuilding Co., Ltd.",1553,,,15,ClassNK,Green Spanker Shipping S. A.,289,45,24.4,17.95,88494,177638,Mitsui-Man B&W 6S70Mc Diesel X 1 Unit,
PACIFIC EXPLORER,Bulk Carrier,"Mitsui Engineering & Shipbuilding Co., Ltd.",1654,,,15,ClassNK,"Lepta Shipping Co., Ltd.",289,45,24.4,17.95,88484,177456,Mitsui-Man B&W 6S70Mc Diesel,"16,860kW x 91rpm"
ROYAL CHORALE,Bulk Carrier,"Mitsui Engineering & Shipbuilding Co., Ltd.",1616,,"197,050M3",15,ClassNK,"Lepta Shipping Co., Ltd. Of Liberia",289,45,24.4,17.95,88491,177544,Mitsui Man B&W 6S70Mc Diesel,"16,860kW x 91rpm"
SHIN-SHO,"177,000Dwt Bulk Carrier","Mitsui Engineering & Shipbuilding Co., Ltd. (Mes)",1624,,"197,050M3",15,ClassNK,"Lepta Shipping Co., Ltd.",289,45,24.4,17.95,88541,177489,Mitsui-Man B&W 6S70Mc Diesel,"16,860kW x 91rpm"
KINUGASA MARU,Harbour Tug,"Niigata Shipbuilding & Repair, Inc.",9.8M,,,15,JG,Wing Maritime Service Corporation,252,37.2,32,13,,,Niigata Power System 6L28Hx Diesel X 2 Units,4000ps
MINERVA OLYMPIA,Crude Oil Carrier,"Sasebo Heavy Industries Co., Ltd.",,,,15,ABS,Emy Shipping S.A.,249.97,44,21.2,14.8,63485,846,Man B&W 6G60Me-C9.5 Diesel,
MINERVA ZENOBIA,Crude Oil Carrier,"Sasebo Heavy Industries Co., Ltd.",S845,28/06/2018,,15,ABS,"Jiro Shipping, S.A.",249.97,42,21.2,14.8,63485,114661,Man B&W 6G60Me-C9.5 Diesel,
ALFA FINLANDIA,Crude Oil Carrier,"Sumitomo Heavy Industries Marine & Engineering Co., Ltd.",Bahama,07/02/2019,,15,LR,Shinobu Shipping Company Limited,237,44,21.8,,112000,,Hitachi Man B&W 6G60Me-C9.5 Diesel,
ARIZONA LADY,Crude Oil/Product Carrier,"Sumitomo Heavy Industries Marine & Engineering Co., Ltd.",1397,30/07/2019,,15,LR,Singapore,237,44,21.8,2,60465,116653,Hitachi Man B&W 6G60Me-C9.5 Diesel X 1 Unit,
SEAVELVET,Crude Oil Carrier,"Sumitomo Heavy Industries Marine & Engineering Co., Ltd.",1400,23/03/2020,,15,LR,Sparkle Navigation Ltd,237,44,21.8,,60435,111925.2,Hitachi Man B&W 6G60Me-C9.5 Diesel,
RTM WAKMATHA,Bulk Carrier,"Namura Shipbuilding Co., Ltd.",Lrs,,,15,,Rio Tinto Shipping Limited,235.67,43,19.5,12.8,53988,90338,Hitachi-Man B&W 6S60Mc-C (Mark7) Diesel X 1 Unit,"13,500 kW x 105rpm"
DOUBLE FORTUNE,Bulk Carrier,"Imabari Shipbuilding Co., Ltd.",S-1551,,"109,477M3",15,ClassNK,Catalina Shipping S.A.,234.98,38,29,19.9,50617,95790,Mitsui-Man B&W 6S60Mc-C (Mk 7) X 1 Unit,"12,950kW x 101.0rpm"
DOUBLE PRESTIGE,Bulk Carrier,"Imabari Shipbuilding Co., Ltd.",S-1555,,"109,477M³",15,ClassNK,,234.98,38,26,19.9,50617,95709,Mitsui-Man B&W 6S60Mc-C (Mark 7) Diesel X 1 Unit,"12,950kW x 101.0rpm"
CMB VAN MIEGHEM,Bulk Carrier,"Imabari Shipbuilding Co., Ltd.",S-1564,01/12/2011,"109,477M³",15,ClassNK,,234.98,38,19.9,14.45,50617,95737,Mitsui-Man B&W 6S60Mc-C (Mark 7) X 1 Unit,"12,950kW"
KIYO,Post-Panamax Bulk Carrier,"Namura Shipbuilding Co., Ltd.",,07/11/2012,,15,ClassNK,"Namura Shipbuilding Co., Ltd.",234.9,38,20,12.8,50927,92353,Man B&W 6S60Mc-C (Mark7) Diesel,
CORONA UTILITY,Bulk Carrier,,,13/01/2016,,15,ClassNK,,234.9,38,19.9,6,49721,88847,"Kawasaki Kisen Kaisha, Ltd.",
HOUYO,Power Max Type Bulk Carrier,"Namura Shipbuilding Co., Ltd.",,,,15,ClassNK,"S.K.F. Maritime, S.A.",234.88,38,20,14.2,50933,93492,Man B&W 6S60Mc (Mark 6) X 1 Set,"12,240 kW x 105rpm"
MAIZURU DAIKOKU,Bulk Carrier,"Namura Shipbuilding Co., Ltd.",,03/07/2009,,15,ClassNK,Verdant Naviera S.A.,234.88,38,20,14.2,50933,93521,Mitsui Man B&W 6S60Mc (Mk 6) Diesel X 1 Unit,"12,240kW x 105.0rpm"
CORONA ROYAL,Bulk Carrier,"Imabari Shipbuilding Co., Ltd.",,,,15,ClassNK,,229.98,38,19.9,,49762,88887,Mitsui Man B&W 2 Cycle Diesel,
IONIC ARIADNE,Crude Oil Carrier,"Sumitomo Heavy Industries Marine & Engineering Co., Ltd.",1401,10/06/2020,,15,LR,Ionic Ariadne Inc.,228.96,44,21.8,,60600,111600,Hitachi Man B&W 6G60Me-C9.5 Diesel X 1 Unit,
SEARHYTHM,Crude Oil Carrier,"Sumitomo Heavy Industries Marine & Engineering Co., Ltd.",1404,24/02/2021,,15,ClassNK,Searhythm Tanker Limited,228.96,44,21.8,,60200,111900,Hitachi Man B&W 6G60Me-C9.5 Diesel,
SEATRIBUTE,Crude Oil Carrier,"Sumitomo Heavy Industries Marine & Engineering Co., Ltd.",1402,06/08/2020,,15,LR,Kali Marine Ltd.,228.96,44,21.8,,60600,111700,Hitachi Man B&W 6G60Me-C9.5 Diesel X 1 Unit,
Formosaproduct Brick,Product Tanker,Universal Shipbuilding Corporation,4999,,,15,BV,Formosa Brick Marine Corporation,228.5,32.2,19.6,13.62,39307,70426,Man B&W 7S50Mc Mk6 Diesel X 1 Unit,
MEDI SALERNO,Bulk Carrier,"Mitsui Engineering & Shipbuilding Co., Ltd.",1688,,"96,000M3",15,ClassNK,Clio Marine Inc.,225,32.25,28,19.9,43408,81702,Mitsui-Man B&W 6S60Mc-C Diesel X 1 Unit,"12,100kW x 94rpm"
LADY GIOVI,Panamax Bulk Carrier,"Mitsui Engineering & Shipbuilding Co., Ltd.",1687,,,15,ClassNK,Clio Marine Inc.,225,32.25,19.9,14.35,43408,81791,Mitsui-Man B&W 6S60Mc-C Diesel,"12,100kW x 94rpm"
ESTRELLA,Tanker,Lundquist Shipping Company Limited,1379,31/10/2014,,15,LR,,224.64,42,21.45,,57312,106200,Mitsui Man B&W 6S60Me-C8 Diesel,
LANCING,Tanker,"Sumitomo Heavy Industries Marine & Engineering Co., Ltd.",1394,02/11/2018,,15,LR,North Sea Shuttle Company Limited,224.64,42,21.45,,57300,106200,Mitsui Man B&W 6G60Me-C9.2 Diesel,
NORTH SEA,Tanker,"Sumitomo Heavy Industries Marine & Engineering Co., Ltd.",1 Unit,27/07/2016,,15,LR,Indigo Marine Shipping S.A.,224.64,42,21.45,,57164,106200,Mitsui Man B&W 6S60Me-C8 Diesel,
SOLOMON SEA,Tanker,,,,,15,LR,,224.64,42,21.45,,1385,106200,Mitsui Man B&W 6S60Me-C8 Diesel,
SAGA FAITH,Open-Hatch General Cargo Carrier,"Oshima Shipbuilding Co., Ltd.",,10/05/2019,"64,510M³",15,DNV,Saga Shipholding (Norway) As,199.9,32.26,19.5,13.3,37441,55807,Diesel United Wartsila 6Rt-Flex50D X 1 Unit,"9,474kw at 124.0rpm"
SAGA FORTUNE,Open Hatch Type General Cargo Carrier,"Oshima Shipbuilding Co., Ltd.",,06/11/2012,"64,514M³",15,DNV,Saga Shipholding (Norway) As,199.9,32.26,19.5,13.3,37441,56023,Wartsila 6Rt-Flex50B Diesel,"9,474kW x 124.0rpm"
SAGA FREYA,General Cargo Carrier,,Hong Kong,,,15,,Saga Shipholding (Norway) As,199.9,32.26,19.5,,55807,,Diesel United Wartsila 6Rt-Flex50D Diesel X 1 Unit,
KORYU,Ore And Sulphuric Acid Carrier,"Imabari Shipbuilding Co., Ltd.",,03/12/2013,,15,ClassNK,Rupanco Inc.,189.95,32.26,30.476,17.9,53762,,Hitachi-Man B&W 6S50Mc-C7.1,
MAR CAMINO,Special Combination Carrier,"Imabari Shipbuilding Co., Ltd.",S-694,,"16,929M³ (Sulphuric Acid Tanks) 36,790M³ (Copper Ore Holds)",15,ClassNK,Osorno Shipholdings S.A.,189.95,32.26,17.9,13,30454,53862,Hitachi-Man B&W 6S50Mc-C (Mk 7) Diesel,"9,480kW"
MAPLE HILL,Handymax Bulk Carrier,"Imabari Shipbuilding Co., Ltd.",625,,"68,927.4M3",15,ClassNK,Ambitious Line S. A.,189.94,32.26,17.3,12.282,30002,53452,Hitachi B&W 6S50Mc-C Diesel X 1 Unit,"9,480kW x 127rpm"
MORNING SPARROW,Chemical/Product Oil Carrier,"Minaminippon Shipbuilding Co., Ltd./Imabari Shipbuilding Co., Ltd.",1 Unit,16/03/2020,,15,ClassNK,Nakata Maritime Corporation,186,32.2,19,,30000,50300,7S50Me-B9.5 Diesel,
NORD OLYMPIA,Product/Chemical Tanker,,Panama,09/03/2018,,15,,Triton Navigation B.V.,182.5,32.2,19.05,13.1,29513,717,Mitsui Man B&W 6S50Me-B9.5 Diesel X 1 Unit,
CHARISMA. GR,Bulk Carrier,"Saiki Heavy Industries Co., Ltd./Onomichi Dockyard Co., Ltd.",766,25/04/2019,,15,ClassNK,Cardinal Maritime S.A.,179.9,30,15.1,10.5,23765,37295,Man B&W 6S46Me-B8.5 Diesel X 1 Unit,
BRISTOL TRADER,Chemical Tanker,"Shin Kurushima Dockyard Co., Ltd.",1 Unit,12/07/2016,,15,,"Ratu Shipping Co., S.A.",179.53,27.4,16.3,,21151,35863,Mitsui-Man B&W 6S50Me-B9.3 Diesel,
ROYAL HARMONY,Bulk Carrier,"Onomichi Dockyard Co., Ltd.",655,,,15,ClassNK,Venus Ocean Navigation S.A.,177.8,28.6,25,15,22850,37000,Mitsubishi 6Uec45Lse Diesel X 1 Unit,
PACIFIC JASPER,Oil/Chemical Tanker,"Onomichi Dockyard Co., Ltd.",Monrovia,,,15,ClassNK,Friend Shine Shipping S.A.,175,32.2,19.05,13.1,29513,750,Mitsui Man B&W 6S50Me-B9.5 Diesel,
KEN JYO,Log Bulk Carrier,"Saiki Heavy Industries Co., Ltd./Onomichi Dockyard Co., Ltd.",Panama,15/01/2019,,15,ClassNK,Delica Shipping S.A.,174.44,30,15.1,10.05,37109,,Man B&W 6S46Me-B8.5 Diesel,
CHEMROAD JOURNEY,Chemical Tanker,"Shin Kurushima Dockyard Co., Ltd.",5536,,,15,ClassNK,Cobalt Blue Shipping S.A.,174.39,27.7,20,16,20108,33526,6Uec52Ls Diesel X 1 Unit,
Chemroad Echo,Chemical Tanker,"Shinkurushima Dockyard Co., Ltd.",5248,,,15,ClassNK,Orchard Maritime (Panama) S. A.,174.38,27.7,27,16,20117,33944,Kobe Diesel 6Uec52Ls Diesel X 1 Unit,
Chemroad Vega,Chemical Carrier,"Shin Kurushima Dockyard Co., Ltd.",5193,12/06/2003,,15,ClassNK,Eiko Maritime S. A.,174.38,27.7,16,11,20035,34528,6Uec52Ls Diesel X 1 Unit,
CHEMROAD HAWK,Chemical Tanker,"Shin Kurushima Dockyard Co., Ltd.",Panama,01/03/2019,,15,ClassNK,Cassiopeia Marine S.A.,172,27.4,16.3,,35647,,6Uec50Lsh-Eco-C2 Diesel,
ADINDA WINDU KARSA,Passenger/Car Ferry,"Kanda Shipbuilding Co., Ltd.",,,"1,014 Passengers, 36 Officers And Crew, 69 Trucks, 60 Passenger Cars",15,ClassNK,P.T. Windu Karsa,114.8,22,4,,2015,9269,Daihatsu 6Dkm-26E (L) Diesel X 2 Units,"1,910kW x 750/276min-1 (MCR), 1,623.5kW x 710/261.4min-1 (NOR)"
NEWBURY,Crude Oil Carrier,,1410,31/08/2022,,15,LR,Bahamas,,44,21.8,,60100,112100,Hitachi Man B&W 6G60Me-C9.5 Diesel X 1 Unit,
SEAGUARDIAN,Crude Oil Carrier,"Sumitomo Heavy Industries Marine & Engineering Co., Ltd.",1405,28/05/2021,,15,ClassNK,Seaguardian Tanker Limited,,44,21.8,,60200,112000,Hitachi Man B&W 6G60Me Diesel,
THORNBURY,Crude Oil Carrier,"Sumitomo Heavy Industries Marine & Engineering Co., Ltd.",1408,26/01/2022,,15,LR,Lundquist Shipping Company Limited,,44,21.8,,60300,112100,Hitachi Man B&W 6G60Me Diesel,
ALFA BALTICA,Tanker,"Sumitomo Heavy Industries Marine & Engineering Co., Ltd.",1380,27/02/2015,,15,LR,,,42,21.45,,57312,106200,Mitsui Man B&W 6S60Me-C8 Diesel X 1 Unit,
GAMSUNORO,Tanker,"Sumitomo Heavy Industries Marine & Engineering Co., Ltd.",1378,24/06/2014,,15,LR,Pt Pertamina (Persero),,42,21.45,,57100,105600,Mitsui Man B&W 6S60Mc-C,
PRIMERO,Tanker,"Sumitomo Heavy Industries Marine & Engineering Co., Ltd.",1383,26/02/2016,,15,LR,Not Specified,,42,21.45,,57312,106200,Mitsui Man B&W 6S60Me-C8,
SWORD,Tanker,"Sumitomo Heavy Industries Marine & Engineering Co., Ltd.",1393,09/08/2018,,15,LR,Lundquist Shipping Company Limited,,42,21.45,,57300,106200,Mitsui Man B&W 6G60Me-C9.2 Diesel,
TONEGAWA,Malaccamax-Type Vlcc,"Kawasaki Kisen Kaisha, Ltd.",,12/07/2018,,14.95,ClassNK,,338.95,60,28.5,21.05,160057,312858,Man B&W 7G80Me-C9.5 X 1Set,
Peneda,Aframax Tanker,"Sumitomo Heavy Industries, Ltd.",1289,,,14.95,DNV,"Peneda Shipping Company Sociedade Portuguesa De Navios Tangues, S. A.",239,42,31,21.3,56255,105538,Du-Sulzer 6Rta58T Diesel,
FAIRCHEM ENDURANCE,Chemical Tanker,"Shin Kurushima Dockyard Co., Ltd.",S-6022,02/02/2020,,14.95,ClassNK,Panama,151.5,27.1,14.2,,16589,25986,Panamanian Owner,6S46ME-B8.5 diesel
HAKONE GALAXY,Chemical Tanker,"Shin Kurushima Dockyard Co., Ltd.",S-5972,13/09/2018,,14.95,ClassNK,Mol Chemical Tankers Pte. Ltd.,151.5,27.1,14.2,,16589,26196,B&W 6S46Me-B8.5 Diesel,
HODAKA GALAXY,Chemical Tanker,,Singapore,19/01/2018,,14.95,,Mol Chemical Tankers Pte. Ltd.,151.5,27.1,14.2,,16589,26198,6S46Me-B8.3 Diesel,
NORDIC COPENHAGEN,Chemical Tanker,"Shin Kurushima Dockyard Co., Ltd.",Panama,,,14.95,ClassNK,,151.5,27.1,14.2,,16572,6030,Panamanian Owner,B&W 6S46ME-B8.5 diesel
TSURUGI GALAXY,Chemical Tanker,"Shin Kurushima Hiroshima Dockyard Co., Ltd.",S-6058,06/04/2020,,14.95,ClassNK,Panama,151.5,27.1,14.2,,16589,26143,Panamanian Owner,Makita 6S46ME-B8.5 diesel x 1 unit
MARE ITALICUM,"110,000 Dwt Double Hull Tanker","Mitsui Engineering & Shipbuilding Co., Ltd. (Chiba Works)",1675,,"128,073M3",14.9,RINA,Fratelli D’Amico Armatori S.P.A.,245.5,42,21.5,14.95,59611,110295,Mitsui-Man B&W 7S60Mc Diesel X 1 Unit,"MCR: 14,280kW x 105rpm"
MARE ORIENS,"110,000Dwt Type Double Hull Crude Oil Tanker","Mitsui Engineering & Shipbuilding Co., Ltd. (Chiba Works)",1677,,"127,760M3",14.9,RINA,Fratelli D'Amico Armatori S.P.A.,245.5,42,21.5,14.95,59611,110295,Mitsui-Man B&W 7S60Mc Diesel X 1 Unit,"14,280kW x 105rpm"
Mare Salernum,"110,000Dwt Double Hull Tanker","Mitsui Engineering & Shipbuilding Co., Ltd. (Mes), Tamano Works",1567,,"128,000M3 (100%)",14.9,RINA,Fratelli D’Amico Armatori S.P.A. Of Italy,245.5,42,21.5,15,59700,110500,Mitsui-Man B&W 7S60Mc Diesel X 1 Unit,"14,280kW x 105rpm"
RICH QUEEN II,Tanker,"Sumitomo Heavy Industries Marine & Engineering Co., Ltd.",1332,,,14.9,LR,Spring Oil Carriers S.A.,239,42,23,21.3,56172,105572,Diesel United-Sulzer 6Rta58T Diesel X 1 Unit,"MCR: 12,000kW x 103rpm"
Champion,Tanker,"Sumitomo Heavy Industries Marine & Engineering Co., Ltd.",1293,10/06/2003,,14.9,,Aldan Finance Ltd.,239,42,21.3,14.85,56203,105200,Diesel United-Sulzer 6Rta58T Diesel X 1 Unit,
NEW ADVANCE,Double-Hull Aframax Tanker,"Sumitomo Heavy Industries Marine & Engineering Co., Ltd. (Shi-Me)",,,"122,330M3",14.9,LR,New Advance Shipping Inc.,239,42,21.3,12.19,56170,105500,Du-Sulzer 6Rta58T Diesel X 1 Unit,
SERIANA,Tanker,"Sumitomo Heavy Industries Marine & Engineering Co., Ltd.",,09/09/2015,,14.9,LR,Seriana Transportation Corp.,234.34,42,21.45,,109991,,Mitsui-Man B&W 6S60Me-C8 Diesel X 1 Unit,
CALYPSO,Crude Oil Carrier,"Sumitomo Heavy Industries Marine & Engineering Co., Ltd.",1406,14/07/2021,,14.9,LR,Murano Navigation S.A.,228.96,44,21.8,,60200,112000,Hitachi Man B&W 6G60Me Diesel X 1 Unit,
SAGA EXPLORER,General Cargo Carrier,"Oshima Shipbuilding Co., Ltd.",10471,,,14.9,DNV,Navire Shipping Company Limited,199.2,30.5,16.4,15,29900,46500,Diesel United Sulzer 7Rta52 Diesel,
SAGA PIONEER,General Cargo Carrier,"Oshima Shipbuilding Co., Ltd.",10486,,,14.9,DNV,Saga Shipholding (Norway) As,199.2,30.5,16.4,11.8,29758,46559,Du Sulzer 7Rta52 Diesel X 1 Unit,"12,930ps x 129.0rpm"
KOHZAN MARU V,Chemical/Product Tanker,"Shin Kurushima Dockyard Co., Ltd.",5401,,,14.9,ClassNK,Jsmc Panama S.A.,182.03,28.2,18.2,11.32,25184,37784,6Uec50Ls Ii Diesel X 1 Unit,
PACIFIC HORIZON,Chemical Tanker,"Shin Kurushima Dockyard Co., Ltd.",5495,,,14.9,ClassNK,Cameleer Shipping S.A.,182.03,28.2,18.2,18,25180,37981,6Uec50Lsii Diesel,
IKAN LUDING,Bulker,,678,02/10/2013,,14.9,,Asl Navigation S.A.,177.85,28.6,15,10.87,22852,37070,Akasaka Diesels 6Uec45Lse,
AYOE,Product/Chemical Tanker,"Onomichi Dockyard Co., Ltd.",762,06/11/2020,,14.9,ClassNK,"Lepta Shipping Co., Ltd.",175,32.2,19.05,13.1,29806,49861,Mitsui Man B&W 6S50Me-B9.5 Diesel,
BLUE BUTTERFLY,Product/Chemical Tanker,"Onomichi Dockyard Co., Ltd.",752,13/11/2019,,14.9,ClassNK,"Lepta Shipping Co., Ltd.",175,32.2,19.05,13.1,29668,49995,Mitsui Man B&W 6S50Me-B9.5 Diesel,
STELLATA,Tanker,,,10/02/2016,,14.9,LR,Stellata Transportation Corp.,,42,21.45,,57997,109991,Mitsui-Man B&W 6S60Me-C8,
SHIGE MARU,Coastal Tanker,"Niigata Shipbuilding & Repair, Inc.",,,"6,127M3",14.9,,"Eiyu Kaiun Co., Ltd.",,16,8.5,6.4,4289,4999,Wartsila 9L20,"1,650kW x 2 units"
KYOKUYO MARU,Passenger/Car Ferry,Naikai Zosen Corporation,,26/09/2019,,14.8,JG,"Ishizaki Kisen Co., Ltd.",62.63,13,3.9,2.8,875,356,Daihatsu-6Dem-23 Diesel Engines X 2 Units,"1,200kW x 750/235min-1/unit"
BM MIMOSA,Tanker,"Sumitomo Heavy Industries Marine & Engineering Co., Ltd.",1331,,,14.8,,Asian Cruiser S.A.,237.71,42,21.3,12.19,56172,105576,Du Sulzer 6Rta58T Diesel X 1 Unit,"12,000kW x 103rpm"
OKLAHOMA,Tanker,"Sumitomo Heavy Industries Marine & Engineering Co., Ltd.",1323,,,14.8,,Cygnus Transport Ltd.,237.71,42,21.3,15,56172,105400,Diesel United-Sulzer 6Rta58T Diesel X 1 Unit,"12,000kW x 103rpm"
RICH DUKE II,Tanker,"Sumitomo Heavy Industries Marine & Engineering Co., Ltd.",1367,,,14.8,LR,"Spring Navigation Ltd., S.A.",228.6,42,26,21.5,56000,105000,Mitsui Man B&W 6S60Mc-C Diesel X 1 Unit,
KALAMAS,Tanker,"Sumitomo Heavy Industries Marine & Engineering Co., Ltd.",1358,18/01/2011,,14.8,LR,Priscilla Enterprises Inc.,228.6,42,21.5,,56000,105000,Mitsui Man B&W 6S60Mc-C Diesel X 1 Unit,
NORDROSE,Tanker,"Sumitomo Heavy Industries Marine & Engineering Co., Ltd.",1365,18/05/2012,,14.8,LR,Nordrose Navigation Company Limited,228.6,42,21.5,,56000,105000,Mitsui Man B&W 6S60Mc-C Diesel X 1 Unit,
PAMISOS,Tanker,"Sumitomo Heavy Industries Marine & Engineering Co., Ltd.",1359,,,14.8,LR,Lorelle Shipping Inc.,228.6,42,21.5,21,56000,105000,Mitsui Man B&W 6S60Mc-C Diesel X 1 Unit,
PARAMACONI,Tanker,"Sumitomo Heavy Industries Marine & Engineering Co., Ltd.",1370,21/06/2011,,14.8,LR,Panavenflot Corp.,228.6,42,21.5,,56000,105000,Mitsui Man B&W 6S60Mc-C Diesel X 1 Unit,
RICH DUCHESS II,Tanker,"Sumitomo Heavy Industries Marine & Engineering Co., Ltd.",1368,,,14.8,LR,Inter Ocean Maritime S.A.,228.6,42,21.5,9,56000,105000,Mitsui Man B&W 6S60Mc-C Diesel,
SAMOS,Tanker,"Sumitomo Heavy Industries Marine & Engineering Co., Ltd.",1362,,,14.8,LR,Hibiya Maritime S.A.,228.6,42,21.5,2,56000,105000,Mitsui Man B&W 6S60Mc-C Diesel,
SAPPORO PRINCESS,Tanker,"Sumitomo Heavy Industries Marine & Engineering Co., Ltd.",1356,14/04/2010,,14.8,LR,Prosperity Faith S.A.,228.6,42,21.5,,55909,105354,Mitsui Man B&W 6S60Mc-C Diesel X 1 Unit,
TAMANACO,Tanker,"Sumitomo Heavy Industries Marine & Engineering Co., Ltd.",1374,03/04/2012,,14.8,LR,Panavenflot Corp.,228.6,42,21.5,,56000,105000,Mitsui Man B&W 6S60Mc-C Diesel,
TEREPAIMA,Tanker,"Sumitomo Heavy Industries Marine & Engineering Co., Ltd.",1373,,,14.8,LR,Panavenflot Corp.,228.6,42,21.5,19,56000,105000,Mitsui Man B&W 6S60Mc-C Diesel X 1 Unit,
URAGA PRINCESS,Tanker,"Sumitomo Heavy Industries Marine & Engineering Co., Ltd.",1360,02/07/2010,,14.8,LR,Prosperity Success S.A.,228.6,42,21.5,,55909,105344,Mitsui Man B&W 6S60Mc-C Diesel X 1 Unit,
Sea Confidence,Bulk Carrier,"Oshima Shipbuilding Co., Ltd.",10392,03/06/2005,,14.8,BV,"Greenfield Shipholding Co., S.A.",188.5,32.26,17.15,12.143,29377,52677,Kawasaki-Man B&W 6S50Mc-C (Derating),
Bow Santos,Chemical Tanker,"Shin Kurushima Dockyard Co., Ltd.",5315,,,14.8,ClassNK,Long Life Shipping S.A.,147.83,24.2,12.8,9.428,11986,19997,7Uec45La Diesel X 1 Unit,
Eagle Tacoma,Aframax Tanker,Imabari Shipbuilding,,,"122,912.227M3",14.75,ABS,,246.8,42,21.3,14.798,58166,107123,Mitsui-Man B&W 6S60Mc-C X 1 Unit,"13,530 kW x 105.0rpm"
Fortune Glory,Bulk Carrier,"Toyohashi Shipbuilding Co., Ltd.",3548,16/05/2003,,14.75,,Dynamic Hope Shipping S. A.,189.99,32.26,17,12.14,29862,53350,Mitsui-Man-B&W 6S50Mc (Mark 6) Diesel X 1 Unit,
Azul Challenge,Bulk Carrier,"Universal Shipbuilding Corporation (Usc), Ariake Shipyard",Jun-04,,,14.7,ClassNK,,300,50,24.1,17.88,200000,203277,Hitachi Zosen Man B&W 6S70Mc Mk6 Diesel X 1 Unit,
SPLENDIKS,Bulk Carrier,Universal Shipbuilding Corporation,,,,14.7,ClassNK,Lepta Shipping S. A.,300,50,24.1,17.88,101933,203233,Man B&W 6S70Mc Mk6 X 1 Unit,
AEGEAN CLOVER,Bulk Carrier,Japan Marine United Corporation,,04/10/2013,"221,478M³",14.7,,,299.99,50,25,,107051,209649,Man B&W 7S65Me-C8.2,
CSC CREATOR,"208,000Dwt Bulk Carrier",Japan Marine United Corporation,1 Unit,09/01/2020,,14.7,Cr/Nk,,299.99,50,25,18.4,106910,208815,Man-B&W 7S65Me-C8.2,
CSC LEADER,Bulk Carrier,Japan Marine United Corporation,5168,31/10/2019,,14.7,Cr/Nk,China Steel Express Corporation,299.99,50,25,18.4,106910,208826,Man-B&W 7S65Me-C8.2 X 1 Unit,
CSC PREEMINENCE,Bulk Carrier,Japan Marine United Corporation,5171,27/03/2020,,14.7,ABS,China Steel Express Corporation,299.99,50,25,18.4,106910,208801,Man-B&W 7S65Me-C8.2 Diesel,
FOMENTO FOUR,Bulk Carrier,Japan Marine United Corporation,,17/06/2019,,14.7,LR,,299.99,50,25,18.4,107148,209951,Man B&W 7S65Me-C8.2 Diesel X 1 Unit,
FPMC B MAJESTY,Bulk Carrier,Japan Marine United Corporation (Jmu),,24/03/2015,,14.7,ABS,,299.99,50,25,,107026,209956,Man B&W 7S65Me-C8.2,
FPMC B JUSTICE,Bulk Carrier,Universal Shipbuilding Corporation,,29/03/2012,"218,684M³",14.7,BV,Fpmc Justice Marine Corp.,299.7,50,25,18.2,106385,206649,Man B&W 7S65Me-C Diesel X 1 Unit,
HYUNDAI FRONTIER,Bulk Carrier,Universal Shipbuilding Corporation At The Tsu Shipyard,,25/05/2010,"218,790M³",14.7,ClassNK,,299.7,50,25,18.2,106367,207945,Man B&W 6S70Mc-C Diesel X 1 Unit,
KATSURA,Bulk Carrier,Universal Shipbuilding Corporation,,,"218,790M3",14.7,ClassNK,,299.7,50,25,18.2,106333,207791,Man B&W 6S70Mc-C Diesel X 1 Unit,
SHIN SUMA,Bulk Carrier,,,29/08/2012,"218,211M³",14.7,ClassNK,,299.7,50,25,,106360,206396,Man B&W 7S65Me-C Diesel X 1 Unit,
CAPE DOVER,Bulk Carrier,Kawasaki Shipbuilding Corporation,1582,,"205,722M3",14.7,ClassNK,“K” Line Bulk Shipping (Uk) Limited.,290,47,31,24.4,92993,185805,Kawasaki-Man B&W 6S70Mc Mkvi Diesel X 1 Unit,"MCR: 16,860kW x 91rpm"
CAPE PROGRESS,"185,000Dwt Bulk Carrier",Kawasaki Shipbuilding Corporation,1589,,"205,722M3",14.7,ClassNK,Ocean Transit Carrier S. A.,290,47,28,24.4,92993,185920,Kawasaki-Man B&W 6S70Mc (Mk 6) Diesel,"16,860kW x 91rpm"
Cape Riviera,Large Bulk Carrier,"Sakaide Works, Kawasaki Shipbuilding Corporation",1581,,"Cargo Hold Capacity: 205,722M3",14.7,ClassNK,“K” Line Bulk Shipping (Uk) Limited,290,47,24.4,17.95,93006,185875,Kawasaki Man B&W 6S70Mc Mk Vi Diesel X 1 Unit,"MCR: 16,860kW x 91rpm"
NSS Endeavor,Bulk Carrier,"Mitsui Engineering & Shipbuilding Co., Ltd. (Mes) Chiba Works",1542,,"205,630M3",14.7,ClassNK,Fgl Maritime Panama S. A. Of Panama,290,47,24.4,17.95,93199,184887,Mitsui Man B&W 6S70Mc Diesel X 1 Unit,"16,860kW x 91rpm"
Fucsia,Aframax Crude Oil Carrier,"Sanoyas Hishino Meisho Corp., Mizushima Works And Shipyard",1209,,"131,617M3",14.7,ABS,San Mark Shipping Corp.,249,44,21.2,14.825,61991,115482,Man B&W 6S60Mc-C Diesel X 1 Unit,"18,420ps"
JP AZURE,Coal Carrier,"Imabari Shipbuilding Co., Ltd.",1443,,"Abt 101,600M3",14.7,ClassNK,Oak Spring Maritima S. A.,229.93,38,19.9,13.801,48028,88111,Mitsui-Man B&W 6S60Mc (Mark Vi) X 1 Unit,"12,240kW x 105rpm"
TOHOKU MARU,Bulk Carrier,"Imabari Shipbuilding Co., Ltd.",1491,,"101,695M³",14.7,ClassNK,,229.93,38,19.9,13.801,48026,88159,Hitachi-Man B&W 6S60Mc Diesel,"12,240kW x 105rpm"
KING MILO,Bulk Carrier,"Oshima Shipbuilding Co., Ltd.",Panama,,,14.7,ClassNK,"Compania Flor De Vapores, S.A.",225,32.26,19.79,,10692,77198,Man B&W 5S60Mc-C Diesel X 1 Unit,
SUNDA,Product Tanker,"Onomichi Dockyard Co., Ltd.",753,02/07/2019,,14.7,ABS,Triton Navigation B.V.,219,38,19.5,12,44400,79902,Mitsui Man B&W 6S60Me-C8.5 Diesel X 1 Unit,
ARISTARCHOS,Product Tanker,,,,,14.7,,Dauntless Marine S.A.,212.92,38,19.5,,79905,,Mitsui Man B&W 6S60Me-C8.5 Diesel X 1 Unit,
Azzura,Future-52 Type Bulk Carrier,Ihi Marine United Inc.,3195,30/06/2004,,14.7,ClassNK,Cello Inc.,189.96,32.2,30,17.3,29407,52050,Du-Sulzer 6Rta48Tb Diesel X 1 Unit,"MCR: 8,100kW x 118.0rpm"
Nissos Kypros,Handymax Bulk Carrier,Sanoyas Hishino Meisho Corp.,1203,,"69,428M3 (Grain)",14.7,,Tramontana Shipping Company Ltd.,189.9,32.26,28,17.2,31169,55222,Man B&W 6S50Mc-C Diesel X 1 Unit,"12,870ps"
IS BARI-STAR,Bulk Carrier,"Imabari Shipbuilding Co., Ltd.",S-761,,"47,125 M³",14.7,ClassNK,I.M.S. Maritime S.A.,179.97,29.8,15,10.536,23264,38271,Makita-Mitsui-Man B&W 6S46Mc-C (Mk 7) Diesel X 1 Unit,"7,860kW"
OCEAN WEALTH,Double Hull Bulk Carrier,"Imabari Shipbuilding Co., Ltd.",794,17/01/2012,,14.7,ClassNK,Diamond Camellia S.A.,179.97,29.8,15,10.538,23264,38243,Makita-Mitsui-Man B&W 6S46Mc-C (Mk7) Diesel,"7,860kW x 129rpm"
WONDERFUL WORLD,Bulk Carrier,"Saiki Heavy Industries Co., Ltd./Onomichi Dockyard Co., Ltd.",764,10/07/2019,,14.7,ClassNK,Hawk Marine Corporation S.A.,179.9,30,15.1,10.5,23765,37367,Man B&W6S46Me-B8.5 Diesel X 1 Unit,
IKAN LEBAN,Super Box Shaped Bulker,"Onomichi Dockyard Co., Ltd.",668,06/06/2014,,14.7,ABS,Asl Shipping S.A.,177.85,28.6,15,10.85,22852,37059,Mitsubishi 6Uec45Lse Diesel X 1 Unit,
BASIC CHALLENGER,Super Box Shaped Bulker,"Saiki Heavy Industries Co., Ltd., Onomichi Dockyard Co., Ltd.",664,17/12/2014,,14.7,ClassNK,Panama,177.8,28.6,15,10.85,22866,36936,Mitsubishi 6Uec45Lse (Derating Type) Diesel X 1 Unit,
ANDALUCIAN ZEPHYR,Bulk Carrier,"Namura Shipbuilding Co., Ltd.",,12/03/2014,,14.7,ClassNK,Three Kings Shipping Corp. Inc.,174.54,30,14.05,9.8,21514,34436,Mitsubishi 6Uec45Lse-B2 Diesel X 1 Unit,"6,840kW"
IZUMO HERMES,Bulk Carrier,"Onomichi Dockyard Co., Ltd./Saiki Heavy Industries Co., Ltd.",726,27/02/2020,,14.7,ClassNK,Cedar Valley S.A.,174.44,30,15.1,10.5,23765,37301,Man B&W 6S46Me-B8.5 Diesel X 1 Unit,
Chemical tanker,Lng-Fueled Chemical Tanker,"Shin Kurushima Dockyard Co., Ltd. (Skdy)",,,,14.7,,Imo Type Ii & Iii,149.5,28.4,14.6,10.25,18900,26500,,
FOLEGANDROS,Suezmax Tanker,Japan Marine United Corporation (Jmu),,19/09/2018,,14.65,ABS,Omega Four Marine Corp. Of Okeanis Eco Tankers,274.3,48,23.15,,82648,159221,Man-B&W 7S65Me-C8.5 Diesel,
KIMOLOS,Suezmax Tanker,Jmu,Lrs,11/05/2018,,14.65,,Omega Three Marine Corp,274.3,48,23.15,,159159,82602,Man-B&W 7S65Me-C8.5 Diesel X 1 Unit,
CAPE HOPE,Bulk Carrier,La Darien Navegacion S.A.,,09/09/2014,,14.6,ClassNK,,299.94,50,24.7,,107229,206600,Hitachi-Man B&W 6S70Me-C8.2 Diesel,
CAPE HARVEST,Bulk Carrier,,,,,14.6,ClassNK,Catalina Shipping S.A.,299.9,50,24.7,,107229,206600,6S70Me-C8.2 Diesel X 1 Unit,
NSU TRUST,Bulk Carrier,,,,,14.6,ClassNK,,299.9,50,24.7,,207000,,Man B&W 6G70Me-C9.2 Diesel,
NSU ZENITH,Bulk Carrier,"Imabari Shipbuilding Co., Ltd.",,29/08/2019,,14.6,ClassNK,,299.9,50,24.7,,108000,207600,6G70Me-C9.5 Diesel X 1 Unit,
NORD VELA,Bulk Carrier,Sanoyas Hishino Meisho Corp.,1290,,"135,717M³ (Grain)",14.6,ClassNK,Sun Lanes Shipping S.A.,245,43,24,21.65,64647,119503,Man B&W 6S60Mc-C Diesel X 1 Unit,"13,560kW"
GLORIOSA LILY,Handy Cape Bulk Carrier,Sanoyas Shipbuilding Corporation,1305,05/04/2012,"135,717M³",14.6,ClassNK,"Golden Helm Shipping Co., S.A.",245,43,21.65,15.404,64642,119488,Man B&W 6S60Mc-C Diesel,"13,560kW"
JUBILANT TREASURE,120-Type Handy Cape Bulk Carrier,Sanoyas Shipbuilding Corp.,1306,23/05/2012,"135,717M³",14.6,ClassNK,"Ever Bright Shipping, S.A.",245,43,21.65,15.404,64647,119454,Man B&W 6S60Mc-C Diesel X 1 Unit,"13,560kW"
NORD CETUS,Handy Cape Bulk Carrier,Sanoyas Hishino Meisho Corp.,,19/07/2011,"135,717M³",14.6,ClassNK,"Southern Route Maritime, S.A.",245,43,21.65,15.404,64647,119473,Man B&W 6S60Mc-C Diesel X 1 Unit,"13,560 kW"
NAVIOS MARCO POLO,Panamax Bulk Carrier,Universal Shipbuilding Corporation,14.38M,,"95,980M³",14.6,ClassNK,,225,32.26,29,20,42711,80647,Man B&W 7S50Mc-C Diesel,
KEY FRONTIER,Panamax Bulk Carrier,Universal Shipbuilding Corporation,14.38M,,"95,980M³",14.6,ClassNK,,225,32.26,23,20,42709,80679,Man B&W 7S50Mc-C Diesel X 1 Unit,
KEY JOURNEY,Panamax Bulk Carrier,Universal Shipbuilding Corporation,,17/02/2012,"95,980M³",14.6,ClassNK,,225,32.26,20,14.38,42711,80591,Man B&W 7S50Mc-C Diesel X 1 Unit,
MIGHTY SKY,Bulk Carrier,Universal Shipbuilding Corporation,Lrs,28/06/2010,"96,030M³",14.6,,,225,32.26,20,14.38,42604,81502,Man B&W 7S50Mc-C Diesel X 1 Unit,
NORD VENUS,Panamax Bulk Carrier,Universal Shipbuilding Corporation,,29/06/2011,"95,980M³",14.6,ClassNK,,225,32.26,20,14.38,42711,80655,Man B&W 7S50Mc-C Diesel X 1 Unit,
CROSSANDRA,Woodchip Carrier,Sanoyas Hishino Meisho Corp.,1269,,"123,618M³ (4,365,558Ft3)",14.6,ClassNK,Cygnet Bulk Carriers S.A. (Panama),209.99,37,27,22.85,49720,64486,Man B&W 6S50Mc-C Diesel X 1 Unit,"9,480kw"
ALSTROEMERIA,Woodchip Carrier,Sanoyas Hishino Meisho Corp.,1267,02/06/2010,"123,618M³",14.6,ClassNK,Cygnet Bulk Carriers S.A.,209.99,37,22.85,12.029,49720,64500,Man B&W 6S50Mc-C Diesel X 1 Unit,
EAGLE SKY,Woodchip Carrier,Sanoyas Mizushima Shipyard,1317,30/01/2014,"121,605M³",14.6,ClassNK,"Ocean Woodland Shipping Co., Ltd.",209.99,37,22.85,11.929,49718,63328,Man B&W 6S50Mc-C8,"9,480kW"
SHEARWATER,4.35 Mil.Cubic Ft Chip Carrier,Sanoyas Hishino Meisho Corp. (Mizushima Works And Shipyard),1260,,"123,618M3 (4,365,558Ft3) (Grain)",14.6,ClassNK,Forester Shipping S.A.,209.99,37,22.85,12.029,49720,64533,Man B&W 6S50Mc-C Diesel X 1 Unit,"9,480kW"
MARITIME CHALLENGER,Multipurpose Vessel,"Oshima Shipbuilding Co., Ltd.",10811,14/07/2017,,14.6,ABS,Mercy Navigation Pte. Ltd.,199.99,36,18.54,13.059,39744,64794,Kawasaki-Man B&W 6G50Me-B9.3 Diesel X 1 Unit,
CHUETSU SPIRIT,Chip Carrier,Tsuneishi Shipbuilding Company / Tsuneishi Works,,,,14.6,ClassNK,,199.9,32.2,22.75,,,49350,Mitsui Man B&W 6S50Mc Diesel X 1 Unit,
NORD KANMON,Bulk Carrier,"Lepta Shipping Co., Ltd.",727,,,14.6,ClassNK,Singapore,199.9,32.26,18.6,13,34808,60236,Man B&W 6S50Me-B9.3 Diesel X 1 Unit,
CALYPSO COLOSSUS,Bulk Carrier,Kawasaki Shipbuilding Corporation,1610,,,14.6,ClassNK,"""K"" Line Pte. Ltd.",189.9,32.26,17.8,12.5,30811,55429,Kawasaki-Man B&W 6S50Mc-C Mk7 Diesel,"8,200kW x 110rpm"
Medi Chennai,Bulk Carrier,Kawasaki Shipbuilding Corporation,1560,,,14.6,ClassNK,K. T. M. Corporation S. A.,189.9,32.26,12.5,11,31000,55500,Kawasaki-Man B&W 6S50Mc-C Diesel X 1 Unit,"8,200kW x 110rpm"
Patagonian Mystic,Methanol Carrier,Naikai Zosen Corporation,690,15/07/2005,"58,495.528M3",14.6,ABS,New Seagull Shipping S. A.,186,32.2,18.4,11.6,29606,49414,Hitachi-Man B&W 6S50Mc-C Diesel X 1 Unit,"9,480 kW"
Akebono,Product Tanker,"Shin Kurushima Dockyard Co., Ltd.",12.022M,,,14.6,ClassNK,Solar Shipping And Trading S.A.,179.88,32.2,22,18.7,28099,46001,6S50Mc-C Diesel,
TWINLUCK SW,Bulk Carrier,"The Hakodate Dock Co., Ltd.",847,20/06/2012,,14.6,ClassNK,"Fortunate Maritime S.A., Panama",175.53,29.4,13.7,9.64,19817,31877,Mitsubishi-6Uec45Lse Diesel X 1 Unit,
OXALIS DAISY,Product Tanker,"Shin Kurushima Hashihama Dockyard Co., Ltd.",Singapore,30/05/2025,,14.6,ClassNK,Singaporean Shipowner,106.5,19.2,9.913,6,7999,,,
C.S. BRIGHT,Woodchip Carrier,Sanoyas Shipbuilding Corporation,1318,21/01/2016,,14.6,ClassNK,,,37,22.85,,,63291,Man B&W 6S50Mc-C8,"9,480kW"
UNITED ETERNITY,Dunkirkmax Capesize Bulker,"Namura Shipbuilding Co., Ltd.",Panama,11/12/2017,,14.55,,Hydrangea Line S.A.,291.99,45,24.6,18.2,93453,183026,Man B&W 6G70Me-C9.5 Diesel,"15,815kW x 70.5min-1"
Negishi Maru,Aframax Type Crude Oil Tanker,"Koyo Dockyard Co., Ltd.",Jul-05,,,14.55,ClassNK,Nippon Oil Tanker Corporation,246.8,42,21.3,14.798,58225,106650,Mitsui-Man B&W 6S60Mc-C,"13,530KW x 105.0rpm"
AVOCET ARROW,J-Open Type General Cargo Carrier,"Oshima Shipbuilding Co., Ltd.",,27/11/2015,"70,137M³",14.55,ClassNK,Gearbulk Shipowning Limited,199.98,32.26,19.22,13.47,62823,,Mitsui Man B&W 6S50Me-C8.2 Diesel X 1 Unit,"7,730kW at 108.0rpm (MCR)"
PUFFIN ARROW,J-Open Type General Cargo Carrier,"Oshima Shipbuilding Co., Ltd.",,22/07/2011,"70,312M³",14.55,ClassNK,Intersky Shipping Corp.,199.98,32.26,19.22,13.507,36925,62967,Kawasaki Man B&W 6S50Mc-C (Mk8) Diesel,"8,605kW x 110.0rpm"
HELIOS,"302,000Dwt Crude Oil Tanker",Japan Marine United Corporation,5198,25/11/2022,,14.5,ABS,Aureole Maritime Ltd.,330,60,29.35,21.58,156471,302093,Man B&W 7G80Me-C9.5 Diesel,
COSCO ANSTEEL,"300,000 Dwt Unimax Ore Carrier",Universal Shipbuilding Corporation,,,,14.5,ABS,Sinobright Shipping Ltd.,327,55,29.25,21.4,150971,297719,Hitachi Man-B&W 6S80Mc-C Diesel X 1 Unit,
He Li,Ore Carrier,Universal Shipbuilding Corporation,21.40M,,,14.5,ClassNK,,327,55,29.25,22,151161,297381,Hitachi Man-B&W 6S80Mc-C Diesel X 1 Unit,
OITA MARU,Ore Carrier,Universal Shipbuilding Corporation,,,,14.5,ClassNK,Kemp Maritime S. A.,327,55,29.25,21.4,151094,297736,Hitachi Man-B&W 6S80Me-C Diesel,
ORE SAO LUIS,Unimax Ore Carrier,Universal Shipbuilding Corporation,,22/03/2012,,14.5,ClassNK,Regulus Navigation Inc.,327,55,29.25,21.4,151105,297076,Man B&W 6S80Mc-C Diesel,
KYBELE HORIZON,Ore Carrier,Imabari Shipbuilding Co. Ltd.,,,,14.5,ClassNK,,320,55,24.3,,123000,,6G70Me-C9.5 Diesel,
SHINZAN MARU,Ore Carrier,"Imabari Shipbuilding Co., Ltd.",1 Unit,27/01/2017,,14.5,ClassNK,Carina Maritime Inc.,319.95,55,24.3,,122694,215790,6G70Me-C9.5 Diesel,
CHINA STEEL SUCCESS,Bulk Carrier,Japan Marine United Corporation (Jmu),,14/07/2015,,14.5,Nk/Cr,,299.99,50,25,,209988,,Man B&W 7S65Me-C8.2,
DREAM CLOVER,Newcastlemax Bulk Carrier Called J211Bc,Japan Marine United Corporation,,28/07/2021,,14.5,ClassNK,,299.99,50,25,18.4,108903,212078,Man B&W 7S65Me-C8.5-Hpscr Diesel X 1 Unit,
CSK ENTERPRISE,Bulk Carrier,,,26/04/2018,,14.5,ABS,,299.95,50,24.7,,107449,208660,Man B&W 6G70Me-C9.5 Diesel,
ASANAGI,Bulk Carrier,"Imabari Shipbuilding Co., Ltd./Tadotsu Shipyard Co., Ltd.",,17/02/2022,,14.5,ClassNK,,291.96,45,24.7,,93972,182162,6S70Me-C10.5 Diesel,
AESOP,Next-Generation Suezmax Tanker,Japan Marine United Corporation,Bahamas,,,14.5,DNV,,274.3,48,23.15,,83175,158930,,
IONIC SEMELI,Suezmax Tanker,Japan Marine United Corporation (Jmu),Jul-25,,,14.5,LR,Marshall Islands,274.3,48,23.15,,82909,159000,,
SIENA,Next-Generation Suezmax Tanker,Japan Marine United Corporation,Jun-25,,,14.5,DNV,Bahamas,274.3,48,23.15,,83175,158930,,
CAPE SOPHIA,Bulk Carrier,"Imabari Shipbuilding Co., Ltd.",1431,,,14.5,ClassNK,,249.94,43,18.7,12.89,55285,99047,Kawasaki-Man B&W 6S60Mc (Mark 6) Diesel X 1 Unit,"12,240kW x 105rpm"
DYNA GLOBE,Bulk Carrier (Ore Carrier),"Imabari Shipbuilding Co., Ltd.",1444,,"111,727M3",14.5,ClassNK,Dyna Future Steam Ship (Hk) Limited,249.94,43,18.7,15,55281,99347,Mitsui-Man B&W 6S60Mc (Mark Vi) X 1 Unit,"12,240kW x 105rpm"
SHINSEI MARU,Aframax Tanker,Japan Marine United Corporation (Jmu),Japan,26/10/2016,,14.5,ClassNK,,246.8,44.4,22,15.4,119932,,Du-Wartsila 6Rta58T-D Diesel,
BRILLIANT JUPITER,Bulk Carrier,Sanoyas Hishino Meisho Corp.,1286,23/07/2010,"135,717M³",14.5,ClassNK,Golden Sunlight S.A.,245,43,21.65,15.404,64642,119480,Man B&W 6S60Mc-C Diesel X 1 Unit,"13,560kW"
SPRING SAMCHEONPO,Handy-Cape Bulk Carrier,Sanoyas Hishino Meisho Corporation,1285,14/07/2009,"135,684M³ (Grain)",14.5,ClassNK,Primavera Montana S.A. Of Panama,245,43,21.65,15.404,64618,119597,Man B&W 6S60Mc-C Diesel X 1 Unit,"13,560kW"
CIELO D' ITALIA,Handy Cape Bulk Carrier,Sanoyas Shipbuilding Corporation,1315,03/02/2015,"135,644M³",14.5,ABS,Republic Of Panama,245,43,21.6,15.626,63087,117438,Man B&W 6G60Me-C9.2 Diesel X 1 Unit,"11,010kw"
CIELO D'EUROPA,Handy Cape Bulk Carrier,Sanoyas Shipbuilding Corporation,Panama,17/03/2016,"135,644M³",14.5,ABS,Not Specified,245,43,21.6,15.626,63087,117378,Man B&W 6G60Me-C9.2,"11,010kW"
PACIFIC POWER,Handy Cape Bulker,Sanoyas Shipbuilding Corporation,1313,07/03/2014,"136,528M³",14.5,ClassNK,Power Shipping S.A.,245,43,21.6,15.625,64347,120397,Man B&W 6S60Mc-C8.2 Diesel X 1 Unit,"11,860kW"
OASIS RIVER,Crude Oil Tanker,"Sasebo Heavy Industries Co., Ltd.",S762,,,14.5,ABS,"""K"" Line Pte. Ltd.",243.8,42,21.5,15.64,59258,115126,Mitsui Man B&W 6S60Mc-C Diesel,
Shinsei Maru,Tanker,Nkk Corp.,,17/05/2002,,14.5,JG,"Nippon Oil Tanker Corp./ Showa Yusosen Co., Ltd.",243.04,42,20.7,14.73,106361,56212,Du-Sulzer 6Rta58T Diesel,
NORD HERCULES,Bulk Carrier,"Mitsui Engineering & Shipbuilding Co., Ltd. (Mes)",1817,,,14.5,ClassNK,Clio Marine Inc.,240,43,21,20.7,60997,110944,Mitsui-Man B&W Diesel Engine 6S60Mc-C Diesel X 1 Unit,"13,560kW"
JUBILANT SUCCESS,Bulk Carrier,"Mitsui Engineering & Shipbuilding Co., Ltd. (Mes)",1818,17/01/2012,,14.5,ClassNK,"Clio Marine Inc., Liberia",240,43,20.7,,60997,110909,"Mitsui-Man B&W 6S60Mc-C Diesel Engine, Which Is Compact And High-Powered","13,560kW"
EROTOKRITOS,Aframax Tanker,"Sumitomo Heavy Industries Marine & Engineering Co., Ltd.",1416,12/09/2024,,14.5,LR,Bahamas,239.67,44,21.55,,60177,114763,Mitsui Man B&W 6G60Me-C10.5 Diesel X 1 Unit,
ESTEEM COWBOY,Crude Oil Carrier,"Sumitomo Heavy Industries Marine & Engineering Co., Ltd.",1414,11/01/2024,,14.5,LR,Panama,239.67,44,21.55,,60300,115000,Mitsui Man 6G60Me-C10.5 Diesel X 1 Unit,
HARVEST FROST,Bulk Carrier,"Oshima Shipbuilding Co., Ltd.",10719,29/10/2014,,14.5,ClassNK,Hfr Shipping Company Ltd.,237,40,19.8,13.729,54486,95263,Mitsubishi 6Uec60Lse-Eco-A2 Diesel,
CORONA WISDOM,Bulk Carrier,,Japan,,,14.5,ClassNK,,229.9,38,19.9,,88000,,"Kawasaki Kisen Kaisha, Ltd.",6S60ME-C8.5 diesel x 1 unit
MIZUNAGI MARU,Bulk Carrier,Tsuneishi Holdings Corporation,1351,,,14.5,ClassNK,Bluemountains Shipping S. A.,229,32.26,25,20.03,43143,82619,Mitsui Man-B&W 7S50Mc-C Diesel,"9,800kW x 113rpm"
BTG APO,Bulk Carrier,Japan Marine United Corporation,Dnvgl,15/01/2021,,14.5,,,229,32.26,20.2,14.55,44249,82442,Man B&W 6S60Me-C8.5-Egrbp Diesel,
BTG ULRIKEN,Bulk Carrier,Japan Marine United Corporation,Dnvgl,,,14.5,,Bahamas,229,32.26,20.2,14.55,44249,82456,Man B&W 6S60Me-C8.5-Egrbp Diesel,
GOLDEN KIKU,Bulk Carrier,Japan Marine United Corporation,,,25 Crew,14.5,ClassNK,Benefit Transport S.A.,229,32.26,20.2,14.55,44318,82459,Man-B&W 6S60Me-C8.5-Egrbp Diesel,
NORD AQUARIUS,Bulk Carrier,Japan Marine United Corporation,,,,14.5,ClassNK,,229,32.26,20.2,14.55,44618,82375,Man-B&W 6S60Me-C8.5-Egrbp Diesel X 1 Unit,
RUBINA,Bulk Carrier,Japan Marine United Corporation,,07/04/2022,,14.5,ClassNK,,229,32.26,20.2,14.55,44618,82384,Man B&W 6S60Me-C8.5-Egrbp Diesel X 1 Unit,
SAKIZAYA STAR,Bulk Carrier,Japan Marine United Corporation,,27/03/2020,,14.5,ClassNK,,229,32.26,20.2,14.55,44314,82516,Man B&W 6S60Me-C8.5-Egrbp Diesel X 1 Unit,
AQUABEAUTY,Bulk Carrier,Sanoyas Shipbuilding Corporation,1363,19/05/2020,"96,597M³ (Grain)",14.5,ClassNK,,229,32.24,20.2,14.668,43376,82023,,
CEPHEUS OCEAN,,Sanoyas Shipbuilding Corporation,1332,15/01/2015,"96,597M³",14.5,ABS,Diamond Star Shipping Pte. Ltd.,229,32.24,20.2,14.668,43318,82072,Man B&W 6S60Me-C8.2,"8,740kW"
CRYSTAL STAR,Panamax Bulk Carrier,Sanoyas Shipbuilding Corporation At Mizushima Shipyard,1326,10/06/2014,"96,597M³ (Grain)",14.5,ClassNK,"Southern Route Maritime, S.A.",229,32.24,20.2,14.668,43432,82172,Man B&W 6S60Me-C8.2,"8,740kW"
IBIS WIND,Panamax Bulker,Sanoyas Shipbuilding Corporation,Panama,22/11/2013,"95,892M³ (Grain)",14.5,ClassNK,Sangria Pioneer Five S.A.,229,32.24,20.2,14.648,43656,82937,Man B&W 6S60Mc-C8.2 Diesel,"9,750kW"
LORD STAR,Panamax Bulk Carrier,Sanoyas Shipbuilding Corporation,1325,04/09/2013,"95,892M³",14.5,,Green Spanker Shipping S.A.,229,32.24,20.2,14.648,43656,82938,Man B&W 6S60Mc-C8.2,
LOWLANDS NELLO,Panamax Bulk Carrier,Sanoyas Shipbuilding Corporation,,26/06/2015,"96,597M³",14.5,ClassNK,Republic Of Malta,229,32.24,20.2,14.668,1337,82014,Man B&W 6S60Me-C8.2,
MEDI FUJI,Panamax Bulk Carrier,Sanoyas Shipbuilding Corporation,1367,19/02/2020,"96,597M³ (Grain)",14.5,ClassNK,,229,32.24,20.2,14.668,43496,81791,,
NAVIOS SKY,Panamax Bulk Carrier,Sanoyas Shipbuilding Corporation,1336,21/04/2015,"96,597M³ (Grain)",14.5,ClassNK,,229,32.24,20.2,14.668,43439,82056,Man B&W 6S60Me-C8.2 Diesel X 1 Unit,"8,740kW"
ORMOS,Panamax Bulk Carrier,Sanoyas Shipbuilding Corporation,1357,10/01/2019,"96,597M³",14.5,ClassNK,Hikari Navigation Co.,229,32.24,20.2,14.668,43380,81944,Man B&W 6S60Me-C8.2 Diesel X 1 Unit,
ROYAL LAUREL,Panamax Bulk Carrier,Sanoyas Shipbuilding Corporation,1365,18/12/2019,"96,597M³",14.5,ClassNK,"Leo Ocean, S.A.",229,32.24,20.2,14.668,43380,81962,,
SANTA REGINA,Panamax Bulker,Sanoyas Shipbuilding Corporation,1329,23/10/2014,"96,597M³ (Grain)",14.5,ABS,"Compania Flor De Vapores, S.A.",229,32.24,20.2,14.668,43314,82063,Man B&W 6S60Me-C8.2 Diesel,"8,740kW"
SEAGULL WIND,Panamax Bulk Carrier,Sangria Pioneer Four S.A.,1330,24/04/2013,"95,892M³ (Grain)",14.5,ClassNK,Panama,229,32.24,20.2,14.648,43656,82908,Man B&W 6S60Mc-C8.2 Diesel,"9,750kW"
SPRING PROGRESS,Panamax Bulker,Sanoyas Shipbuilding Corporation,,,"96,597M³ (Grain)",14.5,,,229,32.24,20.2,14.668,82055,,Man B&W 6S60Me-C8.2 Diesel,
AUDACITY,Bulk Carrier,"Tsuneishi Shipbuilding Co., Ltd.",Liberia,19/09/2018,,14.5,LR,Audacity Marine Inc.,229,32.26,20,,1572,,Man B&W 6S60Me-C8.2 Diesel,
BABITONGA,Bulk Carrier,"Tsuneishi Shipbuilding Co., Ltd.",1589,25/10/2019,,14.5,ClassNK,"Great Homes Maritime, S.A.",229,32.26,20,,43400,81600,Man B&W 6S60Mec-8.2 Diesel X 1 Unit,
ELSA S,G-Series Panamax Bulk Carrier,Japan Marine United Corporation,,27/08/2015,,14.5,ClassNK,,229,32.26,20,14.45,43291,80800,Man B&W 6S60Me-C Diesel X 1 Unit,
ENERGY SUNRISE,Bulk Carrier,"Tsuneishi Shipbuilding Co., Ltd.",1497,26/06/2014,,14.5,ClassNK,Panama,229,32.26,20,14.4,43024,81793,Man-B&W 6S60Mc-C7 Diesel X 1 Unit,
FJ BIANCA,Bulk Carrier,"Tsuneishi Shipbuilding Co., Ltd.",S1594,15/06/2020,,14.5,LR,Panama,229,32.26,20,,43400,81600,Man-B&W 6S60Me-C8.2 Diesel X 1 Unit,
IKAN BILIS,Bulk Carrier,"Tsuneishi Shipbuilding Co., Ltd.",1592,16/04/2020,,14.5,ClassNK,Bright Carrier S.A.,229,32.26,20,,43400,81600,Man B&W 6S60Mec-8.2 Diesel,
INDIGO ACE,Bulk Carrier,,Panama,,,14.5,,,229,32.26,20,,1549,81786,Man-B&W 6S60Me-C8.2 Diesel,
KEY OPUS,"81,600Mt Type Bulk Carrier","Tsuneishi Shipbuilding Co., Ltd.",1507,17/03/2015,,14.5,ClassNK,Panama,229,32.26,20,14.429,42999,81600,Man B&W 6S60Me-C8.1,
LAURENCE FRANCOISE,Bulk Carrier,"Tsuneishi Shipbuilding Co., Ltd.",Unit,01/02/2019,,14.5,ClassNK,,229,32.26,20,,81600,,Isle Of Man,MAN B&W 6S60ME-C8.2 diesel
MACHERAS,2,Japan Marine United Corporation,Lrs,15/01/2015,,14.5,,,229,32.26,20,14.45,43229,81000,Man B&W 6S60Me-C,
MARTHA,Kamsarmax Bulk Carrier,,Panama,19/09/2014,,14.5,ClassNK,,229,32.26,20,,42995,81879,Man-B&W 6S60Me-C8.2 Diesel,
MEDI MATSUURA,Kamsarmax Bulker,"Tsuneishi Shipbuilding Co., Ltd.",,24/08/2015,,14.5,ClassNK,,229,32.26,20,,81788,,Man B&W 6S60Mcme-C8.2 Diesel X 1 Unit,
MEDI SYDNEY,Kamsarmax Bulk Carrier,"Tsuneishi Factory, Tsuneishi Shipbuilding Co., Ltd.",,14/09/2015,,14.5,ClassNK,,229,32.26,20,,81788,,Man B&W 6S60Me-C8.2 Diesel X 1 Unit,
NICOLE,Panamax Bulk Carrier,Japan Marine United Corporation,,08/10/2013,,14.5,BV,Augustea Pacific Pte. Ltd.,229,32.26,20,14.45,43291,81120,Wartsila 6Rt-Flex58Td Diesel,
PEDHOULAS CEDRUS,Bulk Carrier,Pinewood Shipping Corporation,Cyprus,,,14.5,LR,,229,32.26,20,,1552,,Man B&W 6S60Me-C8.2 Diesel X 1 Unit,
PRIMROSE ATLANTIC,Bulk Carrier,,,28/01/2016,,14.5,,"""K"" Line Bulk Shipping (Uk) Limited",229,32.26,20,14.29,42995,81879,Man-B&W 6S60Me-C8.1,
RB JAKE,Bulk Carrier,Japan Marine United Corporation,1 Unit,03/06/2016,,14.5,BV,Rb Shipping Ltd,229,32.26,20,14.45,43278,81039,Man B&W 6S50Me-C Diesel,
SELINA H,Panamax Bulk Carrier,Japan Marine United Corporation,Jmu,13/03/2019,,14.5,DNV,Unit,229,32.26,20,14.45,80716,,Man B&W 6S60Me-C8.2 Diesel,
UNITED LIBERTY,Bulk Carrier,,1535,,,14.5,ClassNK,,229,32.26,20,14.29,43089,81837,Man-B&W 6S60Mc-C (Mark 7) Diesel X 1 Unit,
UNITED PRESTIGE,Kamsarmax Bulk Carrier,"Tsuneishi Shipbuilding Co., Ltd.",Panama,14/11/2014,,14.5,ClassNK,United Ocean Group,229,32.26,20,,43089,81918,Man-B&W 6S60Mc-C (Mark 7) Diesel,
VENATOR,Bulk Carrier,"Tsuneishi Shipbuilding Co., Ltd.",Liberia,12/06/2019,,14.5,ClassNK,Edo Marine Inc.,229,32.26,20,,1564,,Man B&W 6S60Mec-8.2 Diesel X 1 Unit,
XING SHUN HAI,Bulk Carrier,,Hong Kong,29/01/2018,,14.5,,"Minsheng Financial Leasing Co., Ltd.",229,32.26,20,,43017,81824,Man B&W 6S60Me-C8.2 Diesel,
Alam Penting,Bulk Carrier,Ihi Marine United Inc. (Ihimu),3185,,,14.5,,Eminence Bulk Carriers Pte. Ltd.,229,36.5,19.9,19,47000,87000,Du-Sulzer 6Rta 58T Diesel X 1 Unit,"10,300kW"
Pegasus Island,Coal Carrier,"Mitsui Engineering & Shipbuilding Co., Ltd.",1543,18/07/2002,"93,011.4M3",14.5,ClassNK,Friend Shine Shipping S. A.,229,36.5,18.5,12.8,43321,77830,Mitsui-Man B&W 5S60Mc Diesel X 1 Unit,
VIJAYANAGAR,Kamsarmax Bulk Carrier,Tsuneishi Holdings Corporation,1521,,,14.5,ClassNK,,228.99,32.26,26,20.05,43012,82167,Cayman Island,Mitsui MAN-B&W 6S60MC-C diesel
ETERNAL BLISS,Bulk Carrier,Tsuneishi Holdings Corporation,1447,,,14.5,ClassNK,Singapore,228.99,32.26,20.05,15,43024,82071,Kawasaki Man-B&W 6S60Mc-C (Mk 7) Diesel X 1 Unit,
HANJIN PORT KAMSAR,Bulk Carrier,,1462,11/09/2012,,14.5,,Panama,228.99,32.26,20.05,,43004,82518,Mitsui Man B&W 6S60Mc-C (Mark 7) Diesel X 1 Unit,
HANJIN ROSARIO,Bulk Carrier,"Tsuneishi Shipbuilding Co., Ltd.",Kr,,,14.5,,,228.99,32.26,20.05,14.4,43004,82158,Mitsui Man B&W 6S60Mc-C (Mark 7) Diesel,
OCEAN LORD,Bulk Carrier,"Tsuneishi Shipbuilding Co., Ltd.",1529,28/02/2014,,14.5,ClassNK,Panama,228.99,32.26,20.05,14.429,43005,82134,Mitsui Man B&W 6S6Mc-C (Mark 7),
RISING WIND,Bulk Carrier,"Tsuneishi Shipbuilding Co., Ltd.",1511,,,14.5,ClassNK,Bond Line S.A.,228.99,32.26,20.05,14.4,43013,82151,Mitsui Man B&W 6S60Mc-C (Mark 7) Diesel X 1 Unit,
UNITED WORLD,Bulk Carrier,"Tsuneishi Shipbuilding Co., Ltd.",1533,,,14.5,ClassNK,United Ocean S.A.,228.99,32.26,20.05,14.429,43005,82026,Mitsui Man B&W 6S6Mc-C (Mark 7) Diesel,
WANGARATTA,Bulk Carrier,"Tsuneishi Shipbuilding Co., Ltd.",1442,,,14.5,ClassNK,Oshima Shipping S.A.,228.99,32.26,20.05,14.429,43012,82206,Mitsui Man B&W 6S60Mc-C (Mk 7) Diesel X 1 Unit,
UNITED JOURNEY,Bulk Carrier,Tsuneishi Holdings Corporation,1413,,,14.5,ClassNK,,228.99,32.26,20.03,14.429,43152,82580,Mitsui Man B&W 7S50Mc-C Diesel X 1 Unit,
OCEAN GOLD,Bulk Carrier,"Mitsui E&S Shipbuilding Co., Ltd.",1988,16/11/2020,,14.5,ClassNK,"Ocean Gold Pte. Ltd., Republic Of Singapore",228.99,36.94,19.95,,48245,87635,Mitsui-Man B&W 6S60Me-C10.5-Hpscr Diesel X 1 Unit,
OCEAN JADE,Bulk Carrier,"Mitsui E&S Shipbuilding Co., Ltd. (Mes-S)",1989,18/01/2021,,14.5,ClassNK,"Ocean Jade Pte. Ltd., Singapore",228.99,36.94,19.95,,48245,87670,Mitsui-Man B&W 6S60Me-C10.5-Hpscr Diesel,
SBI SAMBA,Bulk Carrier,"Imabari Shipbuilding Co., Ltd.",,23/01/2015,,14.5,ClassNK,,228.95,35,19.9,,45200,84867,"Mitsui-Man B&W 6S60Me-C7.1, 2-Cycle Diesel X 1 Unit",
MG EARTH,Bulk Carrier,"Imabari Shipbuilding Co., Ltd.",1 Unit,17/06/2016,,14.5,ClassNK,Cardinal Maritime S.A.,228.95,35,14.45,,45252,66593,6S60Me-C7.1 Diesel,
SAKIZAYA ORCHID,Bulk Carrier,"Imabari Shipbuilding Co., Ltd./Shin Kasado Dockyard Co., Ltd.",,24/10/2017,,14.5,ClassNK,Sakizaya Orchid S.A.,228.9,32.24,20,,43700,81588,Man B&W 6S60Me-C8.2 Diesel X 1 Unit,
JAL KAMADHENU,Bulk Carrier,"Imabari Shipbuilding Co., Ltd.",1 Unit,24/01/2020,,14.5,ClassNK,,228.9,35,19.9,,45500,84000,6S60Me-C7.1 Diesel,
INCA,Product Oil Carrier,"Imabari Shipbuilding Co., Ltd.",2161,,"81,691M3",14.5,,Imabari Group,228.54,32.2,19.5,13.2,39085,68467,Mitsui-Man B&W 6560Mc Mark Vi Diesel X 1 Unit,"10,002kW x 93.0rpm"
Medi Genova,Bulk Carrier,Sanoyas Hishino Meisho Corp.,1221,,,14.5,ClassNK,"Leo Ocean, S.A.",225,32.26,28,19.3,38855,75767,Man B&W 7S50Mc-C Diesel,
Peppino D’Amato,Bulk Carrier,Sanoyas Hishino Meisho Corp.,1229,,"Cargo Hold Capacity: 89,201M3",14.5,ClassNK,Takanawa Line Inc.,225,32.26,28,19.3,38849,75698,Man B&W 7S50Mc-C Diesel,"12,200ps"
SAKIZAYA WISDOM,Bulk Carrier,"Oshima Shipbuilding Co., Ltd.",10560,,,14.5,BV,Sakizaya Wisdom S.A.,225,32.26,27,19.39,40034,76457,Kawasaki Man B&W 5S60Mc-C7 Diesel X 1 Unit,
Maritime Sirinant,Bulk Carrier,"The Hakodate Dockyard Co., Ltd.",792,,"89,250M3",14.5,ClassNK,Silver Star Ship Line S. A.,225,32.26,26,19.3,38871,75730,Man B&W 7S50Mc-C Diesel,
Ocean Lyra,Bulk Carrier,Sanoyas Hishino Meisho Corporation,1230,,"89,201M3 (Grain)",14.5,ClassNK,"Sealift Maritime, S. A.",225,32.26,26,19.3,38877,75656,Man B&W 7S50Mc-C Diesel X 1 Unit,"12,200ps"
PACIFIC STAR,Bulk Carrier,Universal Shipbuilding Corporation,19.15M,,,14.5,ClassNK,"Lepta Shipping Co., Ltd.",225,32.2,26,26,39643,75250,Man B&W 6S60Mc (Mk 6) Diesel X 1 Unit,
Atlantic Breeze,Panamax Bulk Carrier,"Sumitomo Heavy Industries Marine & Engineering Co., Ltd. (Shi-Me), Yokosuka Shipyard",14.00M,,"Cargo Capacity: 90,600M3",14.5,ABS,Alice Shipping Uk Limited,225,32.26,25,19.3,39800,76200,Mitsui Man B&W 7S50Mc-C,
CORAL GARNET,Bulk Carrier,Sanoyas Hishino Meisho Corp.,1251,,"89,201M3 (Grain)",14.5,ClassNK,Lua Line S.A.,225,32.26,25,19.3,38893,75674,Man B&W 7S50Mc-C Diesel X 1 Unit,"12,200ps"
Opal Stream,Bulk Carrier,"Oshima Shipbuilding Co., Ltd.",10344,,,14.5,ClassNK,Opal Stream Shipping S. A.,225,32.26,24,19.39,39000,76500,Kawasaki Man B&W 5S60Mc-C,
SUNSHINE BLISS,Bulk Carrier,"Oshima Shipbuilding Co., Ltd.",10534,,,14.5,ClassNK,"""K"" Line Pte Ltd",225,32.26,23,19.39,40070,76441,Kawasaki Man B&W 5S60Mc-C Diesel,
KAVO ALKYON,"75,409Dwt Panamax Bulk Carrier",Sanoyas Hishino Meisho Corp.,1231,,"89,250M3 (Grain)",14.5,ABS,Falcon Ventures S. A.,225,32.26,22,19.3,38845,75409,Man B&W 7S50Mc-C Diesel X 1 Unit,"12,200ps"
LAKE DAHLIA,Bulk Carrier,Sanoyas Hishino Meisho Corp.,1274,,"91,188M³ (Grain)",14.5,ClassNK,Triton Navigation B.V.,225,32.24,21,19.9,41662,78802,Man B&W 7S50Mc-C Diesel X 1 Unit,"9,560kW"
JIN CHAO,Bulk Carrier,"Sasebo Heavy Industries Co., Ltd.",S783,,,14.5,ClassNK,Xing Long Maritime S.A.,225,32.2,21,19.8,40339,75008,Mitsui Man B&W 7S50Mc-C Diesel X 1 Unit,
Loch Long,Panamax Bulk Carrier,"Sanoyas Hishino Meisho Corp., Mizushima Works And Shipyard",1216,,"89,250M3 (Grain)",14.5,ClassNK,Salivan Shipping S. A.,225,32.26,20,19.3,38871,75785,Man B&W 7S50Mc-C Diesel X 1 Unit,12.200ps (MCR)
JAPANAMAX,Bulk Carrier,"Oshima Shipbuilding Co., Ltd.",,,"Approx. 96,000M3",14.5,ClassNK,,225,32.26,19.99,14.44,43600,82000,Man B&W 5S60Mc-C Diesel X 1 Unit,"MCR: 12,750ps x 88.0rpm"
UNICORN OCEAN,Panamax Bulk Carrier,Sanoyas Hishino Meisho Corp.,1266,,"91,188M3 (Grain)",14.5,ClassNK,Takanawa Line Inc.,225,32.24,19.9,14.379,41662,78888,Man B&W 7S50Mc-C Diesel X 1 Unit,"9,560kW"
EISHO,Bulk Carrier,,,11/12/2012,,14.5,ABS,Mi-Das Line S.A.,225,32.26,19.8,,808,74930,B&W 7S50Mc-C8 Diesel,
Maritime Anita,Panamax Bulk Carrier,"Sasebo Heavy Industries Co., Ltd. (Ssk)",,,"90,911M3",14.5,ClassNK,Four Shrine Corporation,225,32.2,19.8,12.2,76737,,Man B&W 7S50Mc-C,"9,230kW"
SANKO FRONTIER,Bulk Carrier,"Sasebo Heavy Industries Co., Ltd.",S795,18/11/2011,,14.5,ABS,Frontier Bulkship Limited,225,32.2,19.8,14.136,40325,74962,Mitsui Man B&W 7S50Mc-C Diesel X 1 Unit,
SUMIHOU,Bulk Carrier,"Sasebo Heavy Industries Co., Ltd.",S801,,,14.5,ClassNK,Panama,225,32.2,19.8,14.136,40341,74940,Mitsui Man B&W 7S50Mc-C Diesel X 1 Unit,
ZOE,Bulk Carrier,,S814,25/07/2013,,14.5,,Glovertwo Shipping Corporation,225,32.2,19.8,14.149,40334,75005,Mitsui B&W 7S50Mc-C8.1,
Emerald Stream,Bulk Carrier,"Oshima Shipbuilding Co., Ltd.",10315,,,14.5,ClassNK,Wealth Line Inc.,225,32.26,19.39,16,39966,76858,Man B&W 5S6Omc-C Diesel X 1 Unit,
NORD JUPITER,Bulk Carrier,"Oshima Shipbuilding Co., Ltd.",10387,02/06/2006,,14.5,ClassNK,"Compania Flor De Vapores, A. S.",225,32.26,19.39,14.189,40017,77171,Man B&W 6S60Mc (Mk 6) (Derating) Diesel X 1 Unit,"9,326kW x 87.0rpm"
SANKO ODYSSEY,Ice Class Ice-1A Panamax Bulk Carrier,"Oshima Shipbuilding Co., Ltd.",14.089M,,"89,551M3",14.5,DNV,Odyssey Bulkship Limited,225,32.26,19.39,16,40142,75603,Kawasaki Man B&W 6S60Mc-C Diesel X 1Unit,"13,548kW x 105.0rpm"
Anthemis,Bulk Carrier,"Sumitomo Heavy Industries Marine & Engineering Co., Ltd.",1306,16/07/2004,,14.5,ABS,Blue Waters Shipping Ltd.,225,32.26,19.3,14,39818,76150,Man B&W 7S50Mc-C Diesel X 1 Unit,"MCR 9,210KW x 109.3rpm"
CMB SAKURA,Panamax Bulk Carrier,Sanoyas Hishino Meisho Corp.,1243,,"89,201M3 (Grain)",14.5,ClassNK,Ever Bright Shipping S. A.,225,32.26,19.3,15,38891,75765,Man B&W 7S50Mc-C Diesel X 1 Unit,"12,200ps"
CORAL EMERALD,Panamax Bulk Carrier,"Sanoyas Hishino Meisho Corp., Mizushima Works",13.995M,,"89,201M3 (Grain)",14.5,ClassNK,"Picer Marine, S. A.",225,32.26,19.3,14,1250,38893,Man B&W 7S50Mc-C Diesel X 1 Unit,"MCR: 12,200ps"
DANANN ISLAND,Bulk Carrier,Sanoyas Hishino Meisho Corp.,1238,17/05/2006,"89,201M3",14.5,ClassNK,"Kotobuki Shipping Corporation, S. A.",225,32.26,19.3,13.995,38891,75637,Man B&W 7S50Mc-C Diesel,"12,200ps"
Kavo Topaz,Bulk Carrier,Sanoyas Hishino Meisho Corp.,1218,25/06/2004,"89,250M3",14.5,ABS,United Ventures S. A.,225,32.26,19.3,13.997,38845,75499,Man B&W 7S50Mc-C Diesel X 1 Unit,
Loch Alyn,Panamax Bulk Carrier,"Mizushima Works And Shipyard, Sanoyas Hishino Meisho Corp.",1225,,"Cargo Hold Capacity: 89,201M3 (Grain)",14.5,ClassNK,"Orient Hakusan Shipping, S.A.",225,32.26,19.3,13.994,38877,75744,Man B&W 7S50Mc-C Diesel X 1 Unit,
Loch Lomond,Bulk Carrier,Sanoyas Hishino Meisho Corp. Mizushima Works And Shipyard,1201,,"89,250M3",14.5,,Wakoh Panama S.A.,225,32.26,19.3,13.994,38850,75845,Man B&W 7S50Mc-C Diesel X 1 Unit,"12,200ps"
Loch Maree,Panamax Bulk Carrier,Sanoyas Hishino Meisho Corp.,1220,,"89,201M3 (Grain)",14.5,ClassNK,"Legenda Maritime, S.A.",225,32.26,19.3,17,38871,75798,Man B&W 7S50Mc-C Diesel X 1 Unit,"MCR: 12,200ps"
Lotus Blossom,Bulk Carrier,Sanoyas Hishino Meisho Corp.,1227,22/06/2005,"89,201M3 (Grain)",14.5,ClassNK,Crest Ocean Traders S. A.,225,32.26,19.3,13.994,38871,75804,Man B&W 7S50Mc-C Diesel X 1 Unit,
Medi Vancouver,Panamax Bulk Carrier,"Sanoyas Hishino Meisho Corp., Mizushima Works And Shipyard",1219,,"89,201M3 (Grain)",14.5,ClassNK,Hexad Shipping S. A.,225,32.26,19.3,13.994,38877,75772,Man B&W 7S50Mc-C Diesel X 1 Unit,"MCR: 12,200ps"
Mykali,Panamax Bulk Carrier,"Sumitomo Heavy Industries Marine & Engineering Co., Ltd.",,17/06/2004,"Abt. 90,600M3",14.5,ABS,Rain Lily Inc.,225,32.26,19.3,14,39818,76400,Mitsui Man B&W 7S50Mc-C Diesel X 1 Unit,
Navios Hyperion,Panamax Bulk Carrier,"Sanoyas Hishino Meisho Corp., Mizushima Works And Shipyard",1208,,"Cargo Hold Capacity: 89,250M3 (Grain)",14.5,ClassNK,Mi-Das Line S. A. Of Panama,225,32.26,19.3,13.994,38871,75707,Man B&W 7S50Mc-C Diesel X 1 Unit,"MCR: 12,200ps"
OCEAN MINERVA,Bulk Carrier,Sanoyas Hishino Meisho Corporation,1249,,"89,201M3 (Grain)",14.5,ClassNK,S. S. Harmony Shipping S. A.,225,32.26,19.3,16,38887,75698,Man B&W 7S50Mc-C Diesel,"12,200ps"
Orange Tiara,Panamax Bulk Carrier,Sanoyas Hishino Meisho Corp.,1202,,"89,250M3 (Grain)",14.5,ClassNK,"Esmeralda Lines, S.A.",225,32.26,19.3,13.994,38871,75846,Man-B&W 7S50Mc-C Diesel,"12,200ps (MCR)"
Shinyo Brilliance,Bulk Carrier,Sanoyas Hishino Meisho Corp.,1215,,,14.5,ClassNK,Shinyo Brilliance Limited,225,32.26,19.3,15,38886,75707,Man B&W 7S50Mc-C Diesel X 1 Unit,
YASA UNITY,Bulk Carrier,Sanoyas Hishino Meisho Corp.,1234,,"89,201M3 (Grain)",14.5,ClassNK,Tiffany Navigation S. A.,225,32.26,19.3,13.995,38895,75580,Man B&W 7S50Mc-C Diesel X 1 Unit,"12,200ps"
RTM DHAMBUL,Bulk Carrier/Tanker For Caustic Soda,,10690,04/09/2013,,14.5,,Rio Tinto Shipping Limited,225,32.26,18.9,13.778,38617,70373,,
RTM DJULPAN,Bulk Carrier/Tanker For Caustic Soda,"Oshima Shipbuilding Co., Ltd.",10691,04/12/2013,,14.5,DNV,Rio Tinto Shipping Limited,225,32.26,18.9,13.778,38617,70373,,
Bungo Spirit,Bulk Carrier,"Kawasaki Shipbuilding Corporation, Kobe Works",1551,,,14.5,ClassNK,N. C. N. Corporation Of Panama,225,32.26,19.99,14.44,28200,50000,Panamanian,Kawasaki MAN B&W 6S5OMC-C diesel x 1 unit
METEOR,Japanamax Type Bulk Carrier,"Oshima Shipbuilding Co., Ltd.",10552,,,14.5,ClassNK,New Meteor Maritie Ltd.,224.99,32.26,20.05,14.526,42931,82589,Kawasaki Man B&W 5S60Mc-C Diesel X 1 Unit,"9,378 kW x 88.0 rpm"
UNITED SERENITY,Japanamax Type Bulk Carrier,"Oshima Shipbuilding Co., Ltd.",10530,31/07/2009,,14.5,ClassNK,Ocean Promise Pte. Ltd.,224.99,32.26,20.05,14.526,42931,82533,Kawasaki Man B&W 5S60Mc-C Diesel X 1 Unit,"9,378kW x 88.0rpm"
NORD HYDRA,Bulk Carrier,"Imabari Shipbuilding Co., Ltd.",,29/10/2014,,14.5,ClassNK,"Lepta Shipping Co., Ltd.",224.98,32.24,19.9,,40937,76450,Mitsui-Man B&W 2 Cycle Diesel Engine 6S60Me-C7.1,
CORAL AMBER,Bulk Carrier,"Shin Kurushima Dockyard Co., Ltd.",S-5645,11/04/2012,,14.5,ClassNK,Panama,224.98,32.26,19.85,14.328,42000,78000,B&W 6S60Mc-C (Mark 7) Diesel,
CORAL AMETHYST,Bulk Carrier,"Shin Kurushima Toyohashi Shipbuilding Co., Ltd.",5740,,,14.5,ClassNK,,224.98,32.26,19.85,14.328,41963,78092,B&W 6S60Mc-C Diesel,
ROBIN WIND,Bulk Carrier,"Shin Kurushima Toyohashi Shipbuilding Co., Ltd.",5767,,,14.5,ClassNK,Cassiopeia Marine S.A.,224.98,32.26,19.85,14.38,41960,78230,Mitsui Man B&W 6S60Mc-C7.1 Diesel,
CSK UNITY,Bulk Carrier,,,27/05/2015,,14.5,ClassNK,Sumitomo Corporation,224.9,32.24,19.9,,62124,,6S60Me-C7.1 Diesel,
AZUR,Japanamax Bulk Carrier,"Oshima Shipbuilding Co., Ltd.",,,"96,041M3",14.5,ClassNK,,224.86,32.26,20.05,14.4,42712,82282,Kawasaki Man B&W 5S60Mc-C Diesel,"10,959kw at 102.0rpm"
FLORENCE LILY,Bulk Carrier,"Oshima Shipbuilding Co., Ltd.",10482,,,14.5,ClassNK,Mi-Das Line S.A.,224.86,32.26,20.05,14.4,42647,82356,Kawasaki Man B&W 6S60Mc Diesel,"9,378kW x 88.0rpm"
Pythagoras,Bulk Carrier,Hitachi Zosen Corp.,Lrs,11/07/2002,,14.5,,Rising Sun Maritime S. A.,217,32.2,19.15,13.82,75162,39709,Hitachi Zosen-Man B&W 6S60Mc (Mk Vi) Diesel,
HOKUETSU IBIS,Wooden Chip Carrier,"Oshima Shipbuilding Co., Ltd.",,23/04/2008,"122,153M3 (4,313,796 Ft3)",14.5,ClassNK,,210,36.5,22.95,11.5,49166,60527,Kawasaki Man B&W 7S50Mc-C Diesel,"9,670kW at 125.0rpm"
LBC NATURE,Bulk Carrier,"Oshima Shipbuilding Co., Ltd.",10620,11/01/2012,,14.5,ClassNK,Sun Olive Line Corporation,210,36.5,20.2,12.824,42744,71066,,
RAVEN ARROW,Open-Hatch Type General Cargo Carrier,"Mitsui Engineering & Shipbuilding Co., Ltd.",1836,27/11/2012,"86,600M³",14.5,ClassNK,"Midas Line S.A., Panama",210,36,20.2,,46295,72871,Mitsui-Man B&W 5S60Me-C8 (Mark 8) Diesel,"9,450kW x 89rpm"
SISKIN ARROW,Open Hatch General Cargo Carrier,"Mitsui Engineering & Shipbuilding Co., Ltd. Chiba Works",1839,21/01/2014,"86,600M³",14.5,ClassNK,"Misuga S.A., Panama",210,36,20.2,,46295,72927,Mitsui-Man B&W 5S60Me-C8 (Mark 8),"9,450kW"
OG GINKGO,Chip Carrier,,Singapore,,,14.5,ClassNK,,209.97,37,22.8,11.553,49759,60683,Mitsui-Man B&W 6S50Me-C9.7-Egrbp Diesel,
GREEN YOKOHAMA,General Cargo Carrier,"Xin Yin Chuang Yuan 3 (Tianjin) Shipping Leasing Co., Ltd.",Panama,,,14.5,ClassNK,,206,36,19.54,,73674,11096,Mitsui Man B&W 5S60Me-C 10.5 Egrbp (Derating),
ECO-Ship 2020,Lng-Fueled Open Hatch Bulk Carrier (Ohbc),"Oshima Shipbuilding Co., Ltd.",,,"71,200M³ (Cargo Hold Volume), 2,700M³ (Lng Tank Net Volume)",14.5,,,200,36,19,12,2020,62000,,
Neo Supramax 66BC (Type),Bulk Carrier,"Mitsui Engineering & Shipbuilding Co., Ltd. (Mes)",,,,14.5,,European Major Operator,200,36,18.45,,66000,,,
WORLD RUBY,Bulk Carrier,"Oshima Shipbuilding Co., Ltd.",10976,31/08/2021,,14.5,DNV,Bw Dry Cargo Pte. Ltd.,199.995,32.24,18.4,13.348,34762,62496,Isle Of Man,Mitsui MAN B&W 6S50ME-C9.5 diesel x 1 unit
JAL KALPATARU,"66,000Dwt-Type Bulk Carrier","Mitsui E&S Shipbuilding Co., Ltd. (Mes-S)",1967,,,14.5,ClassNK,Panama,199.99,36,21,18.45,82600,66264,Mitsui-Man B&W 7S50Me-C9.7 Diesel X 1 Unit,
STAR GAIA,Bulk Carrier,"Mitsui E&S Shipbuilding Co., Ltd.",1950,27/11/2019,,14.5,ClassNK,Singapore,199.99,32.25,19.45,,36463,64057,Mitsui-Man B&W 6S50Me-B9.3 Diesel,
FEDERAL OAK,"60,000Dwt-Type Bulk Carrier","Mitsui E&S Shipbuilding Co., Ltd.",1965,11/06/2020,,14.5,ClassNK,Liberia,199.99,32.25,18.5,,34582,60385,Mitsui-Man B&W 6S50Me-B9.3 Diesel X 1 Unit,
FEDERAL OSAKA,Bulk Carrier,"Mitsui E&S Shipbuilding Co., Ltd. (Mes-S)",1963,07/04/2020,,14.5,ClassNK,Caperose Navigation S.A.,199.99,32.25,18.5,,34582,60467,Mitsui-Man B&W 6S50Me-B9.3 Diesel,
KOBAYASHI MARU,Bulk Carrier,"Mitsui E&S Shipbuilding Co., Ltd. (Mes-S)",1955,08/08/2019,,14.5,ClassNK,Dilemin Shipment Ltd.,199.99,32.25,18.5,,34552,60397,Mitsui-Man B&W 6S50Me-B9.3 Diesel X 1 Unit,
MEDI BRISBANE,Bulk Carrier,"Mitsui Engineering & Shipbuilding Co., Ltd. (Mes)",Panama,29/11/2016,,14.5,ClassNK,,199.99,32.25,18.5,,1917,60386,Mitsui-Man B&W 6S50Me-B9.3 Diesel,
MEDI NORFOLK,Bulk Carrier,"Mitsui E&S Shipbuilding Co., Ltd.",Panama,28/03/2019,,14.5,ClassNK,Seiun Shipping S.A.,199.99,32.25,18.5,,60384,,Mitsui-Man B&W 6S50Me-B9.3 Diesel,
SCARABÉ,Bulk Carrier (Neo 60Bc),,,03/06/2015,,14.5,ClassNK,Tundra Shipping Ltd.,199.99,32.25,18.5,,60435,,Mitsui-Man B&W 6S50Me-B9.3 Diesel,
ST. SOFIA,Bulk Carrier (Neo60Bc),,Malta,28/05/2018,,14.5,,Eastern Mediterranean Maritime Limited,199.99,32.25,18.5,,34094,1960,Mitsui-Man B&W 6S50Me-B9.3 Diesel X 1 Unit,
STH LONDON,Bulk Carrier (Neo 60Bc),"Mitsui Engineering & Shipbuilding Co., Ltd.",,27/10/2015,,14.5,ClassNK,Sea Trade Holdings Inc.,199.99,32.25,18.5,,60446,,Mitsui-Man B&W 6S50Me-B9.3 Diesel X 1 Unit,
VENEZIA,Bulk Carrier (Neo60Bc),,Malta,25/10/2017,,14.5,,Eastern Mediterranean Maritime Limited,199.99,32.25,18.5,,34094,60388,Mitsui-Man B&W 6S50Me-B9.3 Diesel,
AFRICAN BATELEUR,Bulker,"Mitsui Engineering & Shipbuilding Co., Ltd. (Mes)",1879,13/03/2015,,14.5,ClassNK,"Lepta Shipping Co., Ltd.",199.99,36,18.45,,38203,66643,Mitsui-Man B&W 7S50Me-B9.3,"8,470kW"
AFRICAN BATIS,Bulk Carrier,"Mitsui E&S Shipbuilding Co., Ltd. (Mes-S)",1945,17/01/2019,"82,800 M³",14.5,,Panama,199.99,36,18.45,,38238,66504,Mitsui-Man B&W 7S50Me-B9.3 Diesel X 1 Unit,
AFRICAN BLACKBIRD,Bulk Carrier (Neo 66Bc),,1880,,,14.5,ClassNK,"Lepta Shipping Co., Ltd.",199.99,36,18.45,,38203,66637,Mitsui-Man B&W 7S50Me-B9.3 Diesel X 1 Unit,
BULK AQUILA,"66,000Dwt Type Bulker","Mitsui Engineering & Shipbuilding Co., Ltd. (Mes)",1889,13/11/2014,,14.5,ClassNK,"Venus Ocean Navigation S.A., Panama",199.99,36,18.45,,82800,66613,Mitsui-Man B&W 7S50Me-B9.3 Diesel,"8,470kW"
BULK CASTOR,"66,000Dwt Type Bulk Carrier","Mitsui Engineering & Shipbuilding Co., Ltd. (Mes)",1891,15/01/2015,,14.5,ClassNK,Republic Of Panama,199.99,36,18.45,,82800,66624,Mitsui-Man B&W 7S50Me-B9.3 Diesel X 1 Unit,"8,470kW"
CHRISTINA,Bulk Carrier,,1919,15/03/2018,,14.5,ClassNK,Marshall Islands,199.99,36,18.45,,82800,66653,Mitsui-Man B&W 7S50Me-B9.3 Diesel,
CLIPPER EXCALIBUR,"66,000Dwt Type Bulker","Mitsui Engineering & Shipbuilding Co., Ltd. (Mes)",1858,06/11/2013,"82,800M³",14.5,ClassNK,"Clio Marine Inc., Liberia",199.99,36,18.45,,38203,66721,Mitsui-Man B&W 7S50Me-B9.3 Diesel,"8,470 kW"
CLIPPER EXCELSIOR,Type Bulker,"Mitsui Engineering & Shipbuilding Co., Ltd. (Mes)",1859,25/03/2014,,14.5,ClassNK,"Clio Marine Inc., Liberia",199.99,36,18.45,,38203,66684,Mitsui-Man B&W 7S50Me-B9.3 Diesel X 1 Unit,"8,470kW"
DRAFTZILLA,Neo66Bc,"Mitsui E&S Shipbuilding Co., Ltd. (Mes-S)",1948,24/06/2020,,14.5,ClassNK,Marshall Islands,199.99,36,18.45,,38222,66509,Mitsui-Man B&W 7S50Me-B9.3 Diesel X 1 Unit,
Federal Nakagawa,Bulk Carrier,"Oshima Shipbuilding Co., Ltd.",10377,,,14.5,DNV,"Michina Marina, S. A.",199.99,23.76,15,14.85,20661,36489,Kawasaki Man B&W 6S46Mc-C X 1 Unit,
U-SEA COLONSAY,Bulk Carrier,"Imabari Shipbuilding Co., Ltd.",13.01M,24/10/2011,,14.5,ClassNK,Pedregal Maritime S.A.,199.98,32.24,28,18.6,34778,61470,Mitsui-Man B&W 6S50Mc-C (Mark 8) Diesel X 1 Unit,"8,450kW x 108rpm"
IKAN SENYUR,Bulk Carrier,"Imabari Shipbuilding Co., Ltd.",13.01M,,,14.5,ClassNK,E.K.Line S.A.,199.98,32.24,21,18.6,34795,61494,Mitsui-Man B&W 6S50Mc-C (Mk 8) X 1 Unit,"8,450kW x 108 rpm"
ANDROMEDA,Bulk Carrier,"Oshima Shipbuilding Co., Ltd.",10537,,,14.5,DNV,Argus Shipping Ltd.,199.98,32.26,18.33,12.845,33997,61501,Kawasaki Man B&W 6S50Mc-C (Mk 7) Diesel X 1 Unit,
DUBAI SUN,Handymax Bulker,"Oshima Shipbuilding Co., Ltd.",12.82M,,"76,913M³",14.5,ClassNK,Sun Maritime Inc.,199.98,32.26,18.33,15,33988,61344,Kawasaki Man B&W 6S50Mc-C Diesel X 1 Unit,"8,201kW x 110.0rpm"
NORD PEAK,Bulk Carrier,"Oshima Shipbuilding Co., Ltd.",10548,,,14.5,DNV,Norden Shipping Pte. Ltd.,199.98,32.26,18.33,12.845,33990,61649,Kawasaki Man B&W 6S50Mc-C Diesel X 1 Unit,
TAI STEADINESS,Bulk Carrier,"Oshima Shipbuilding Co., Ltd.",11082,16/05/2024,,14.5,Lr/Cr,Liberia,199.95,32.26,19.28,13.542,36090,64589,Mitsui-Man B&W 6S50Me-C9.7-Egrbp Diesel,
TAI STRIDE,Bulk Carrier,"Oshima Shipbuilding Co., Ltd.",11005,17/05/2022,,14.5,BV,"Tai Shing Maritime Co., S.A.",199.95,32.26,19.28,13.542,36173,64539,Mitsui-Man B&W 6S50Me-C9.6-Egrbp Diesel X 1 Unit,
LOCH NESS,Bulk Carrier,"Shin Kurushima Toyohashi Shipbuilding Co., Ltd.",,31/05/2016,,14.5,,Not Specified,199.92,32.26,18.7,,61272,,B&W 6S50Me-B9.3 Diesel,
BELMAR,"64,000Dwt-Type Bulk Carrier","Tadotsu Shipyard Co.,Ltd./ Imari Shipbuilding Co., Ltd.",,16/09/2021,,14.5,ClassNK,,199.9,32.24,19.3,,36500,63500,6S50Me-C9.6 Diesel X 1 Unit,
CLARA INSIGNIA,Bulk Carrier,"Shin Kurushima Dockyard Co., Ltd.",S-6020,21/10/2019,,14.5,ClassNK,"Aono Marine Co., Ltd.",199.9,32.26,18.7,,35040,61300,6S50Me-B9.5 Diesel,
AFRICAN SPOONBILL,Bulk Carrier,"Onomichi Dockyard Co., Ltd.",707,23/02/2016,,14.5,ClassNK,Not Specified,199.9,32.26,18.6,13,34806,60033,Man B&W 6S50Me-B9.3,
AFRICAN TURAC,Bulk Carrier,,,08/01/2016,,14.5,,Cardinal Maritime S.A.,199.9,32.26,18.6,13,34806,60075,Man B&W 6S50Me-B9.3,
IVS BOSCH HOEK,Bulk Carrier,"Onomichi Dockyard Co., Ltd.",Singapore,28/10/2015,,14.5,ClassNK,Cardinal Maritime S.A.,199.9,32.26,18.6,13,60269,,B&W 6S50Me-B9.3 Diesel X 1 Unit,
IVS HIRONO,Bulk Carrier,,Singapore,,,14.5,ClassNK,Cardinal Maritime S.A.,199.9,32.26,18.6,13,34806,60280,B&W 6S50Me-B9.3 Diesel X 1 Unit,
MARIA TOPIĆ,Bulk Carrier,"Onomichi Dockyard Co., Ltd.",1 Unit,14/06/2016,,14.5,,Sumitomo Corporation,199.9,32.26,18.6,13,34905,60155,Mitsui-Man B&W 6S50Me-B9.3 Diesel,
NORD KITAN,Bulk Carrier,"Saiki Heavy Industries Co., Ltd., Onomichi Dockyard Co., Ltd.",675,17/01/2017,,14.5,ClassNK,"Lepta Shipping Co, Ltd.",199.9,32.26,18.6,13,34808,60195,B&W 6S50Me-B9.3 Diesel,
PAOLO TOPIĆ,Bulk Carrier,"Onomichi Dockyard Co., Ltd.",,13/05/2016,,14.5,,Not Specified,199.9,32.26,18.6,13,60155,,Mitsui-Man B&W 6S50Me-B9.3 Diesel,
SAND TOPIĆ,Bulk Carrier,"Onomichi Dockyard Co., Ltd.",720,20/02/2017,,14.5,LR,Sumitomo Corporation,199.9,32.26,18.6,13,34905,60155,Man B&W 6S50Me-B9.3 Diesel X 1 Unit,
AMAMI K,Bulk Carrier,"Kawasaki Heavy Industries, Ltd.",1690,28/02/2012,"73,614M³",14.5,ClassNK,Panama,197,32.26,18.1,12.65,33126,58613,Kawasaki-Man B&W 6S50Mc-C7 Diesel,"8,630kW x 116rpm"
DONAU K,Bulk Carrier,,1692,16/08/2012,"73,614M³",14.5,ClassNK,,197,32.26,18.1,,33126,58682,Kawasaki-Man B&W 6S50Mc-C7 Diesel X 1 Unit,"8,630kW x 116rpm"
EUROPA BAY,Bulk Carrier,"Kawasaki Heavy Industries, Ltd. Sakaide Works",1693,,"73,614M³",14.5,ClassNK,"""K"" Line Bulk Shipping (Uk) Limited",197,32.26,18.1,12.65,33126,58606,Kawasaki Man B&W 6S50Mc-C7,"8,683kW"
NEUTRINO,Bulk Carrier,"Kawasaki Heavy Industries, Ltd.",1697,12/10/2012,"73,614M³",14.5,ClassNK,Southern Pacific Holding Corporation,197,32.26,18.1,12.65,33084,58612,Kawasaki-Man B&W 6S50Mc-C7 Diesel,"8,630kW x 116rpm"
STENIA COLOSSUS,Bulk Carrier,"Kawasaki Heavy Industries, Ltd.",1677,,"73,614M³",14.5,ClassNK,"""K"" Line Pte. Ltd.",197,32.26,18.1,16,33096,58731,Kawasaki-Man B&W 6S50Mc-C7 Diesel X 1 Unit,"8,630kW x 116rpm"
OCEAN RUBY,Bulk Carrier,,11079,,,14.5,ClassNK,Singapore,196.8,32.26,21,19.28,36106,64742,Mitsui-Man B&W 6S50Me-C9.7-Egrbp,
CYMONA EAGLE,Bulk Carrier,"Oshima Shipbuilding Co., Ltd.",11111,30/07/2024,,14.5,ClassNK,Platres Shipping Corp.,196.8,32.26,19.28,,36137,64711,Mitsui-Man B&W 6S50Me-C9.7-Egrbp Diesel X 1 Unit,
FJ STAR,Bulk Carrier,,Panama,,,14.5,,,196.5,32.26,18.7,11.4,61225,,Mitsui-Man B&W 6S50Me-B9.5 Diesel,
IVS OKUDOGO,Bulk Carrier,"Shin Kurushima Toyohashi Shipbuilding Co., Ltd.",Singapore,08/08/2019,,14.5,ClassNK,,196.5,32.26,18.7,,35061,61331,6S50Me-B9.5 Diesel X 1 Unit,
MELODY FAIR,Bulk Carrier,,722,,,14.5,,Liberia,195,32.26,18.6,13,34808,60280,Man B&W 6S50Me-B9.3 Diesel,
SANKO KING,Bulk Carrier,Ihi Marine United Inc.,3235,,,14.5,ClassNK,King Bulkship Limited,190,32.26,23,18.1,31532,56678,Du-Wartsila 6Rt-Flex50 Diesel X 1 Unit,"8,890kW at 116.0 rpm"
Ultra Handymax Bulker,Bulk Carrier,"Oshima Shipbuilding Co., Ltd.",,,"74,600M3",14.5,ClassNK,,190,32.26,18.55,13.04,33600,60000,Man B&W 6S50Mc-C,"MCR: 11,400ps x 113.0rpm"
CF DIAMOND,Bulk Carrier,"Tsuneishi Shipbuilding Co., Ltd.",,30/06/2016,,14.5,,Not Specified,190,32.26,18,12.28,57610,,Man B&W 6S50Me-C8.2 Diesel,
Maroudio,"56,000Dwt Bulk Carrier","Mitsui Engineering & Shipbuilding Co., Ltd. (Mes), Tamano Works",1573,,"About 70,800M3",14.5,LR,Appleton Shipping Ltd. Of Liberia,189.99,32.26,23,17.9,31269,56020,Mitsui-Man B&W 6S50Mcc Diesel X 1 Unit,"9,480KW x 127.0rpm"
KEN WAVE,Bulk Carrier,"Mitsui Engineering & Shipbuilding Co., Ltd.",1764,,"Over 70,000M³",14.5,ClassNK,"Norden Shipping (Singapore) Pte. Ltd., Singapore",189.99,32.25,19,18.1,31759,56104,Mitsui-Man B&W 6S50Mc-C Diesel X 1 Unit,"9,070kW x 125.0rpm"
AM BREMEN,Bulk Carrier,,1830,06/09/2012,,14.5,ClassNK,"Clio Marine Inc., Liberia",189.99,32.25,18.1,,31753,56155,Mitsui-Man B&W 6S50Mc-C Diesel X 1 Set,"9,480kW x 127.0rpm"
MEDI OKINAWA,Bulker,"Mitsui Engineering & Shipbuilding Co., Ltd., (Mes)",1786,07/12/2011,,14.5,ClassNK,"T&M Maritime S.A., Panama",189.99,32.25,18.1,,31754,56118,Mitsui-Man B&W 6S50Mc-C Diesel X 1 Unit,"9,480kW x 127.0rpm"
NORD PROGRESS,"56,000Dwt Type Bulk Carrier","Mitsui Engineering & Shipbuilding Co., Ltd. (Mes)",1782,,,14.5,ClassNK,"Norden Shipping (Singapore) Pte. Ltd., Singapore",189.99,32.25,18.1,16,70000,56119,Mitsui-Man B&W 6S50Mc-C Diesel X 1 Unit,"9,070kW x 125.0rpm"
OCEAN SPLENDOR,Type Bulk Carrier,"Mitsui Engineering & Shipbuilding Co., Ltd. (Mes)",Panama,17/01/2013,"Over 70,000M³",14.5,,,189.99,32.25,18.1,,1841,56000,Mitsui-Man B&W Diesel 6S50Mc-C,"9,480kW x 127.0rpm"
YASA KAPTAN ERBIL,Bulk Carrier,"Mitsui Engineering & Shipbuilding Co., Ltd. (Mes)",Hn: 1774,,"Over 70,000M³",14.5,ClassNK,"Yasa Denizcilik Sanayi Ve Ticaret A.S., Turkey",189.99,32.25,18.1,3,31756,56169,Mitsui-Man B&W 6S50Mc-C Diesel X 1 Unit,"9,070kW x 125.0rpm"
TENWA MARU,Bulk Carrier,"Tsuneishi Shipbuilding Co., Ltd.",1575,27/01/2017,,14.5,DNV,Marshall Islands,189.99,32.26,18,,32431,57763,Man-B&W 6S50Me-C 8.2 Diesel X 1 Unit,
DARYA LAKSHMI,Bulk Carrier,"Mitsui Engineering & Shipbuilding Co., Ltd.",1754,31/07/2009,"Over 70,000M³",14.5,LR,,189.99,32.26,17.9,12.55,31284,55469,Lakshmi Navigation Limited Of Hong Kong Managed By Chellaram Shipping (Hong Kong) Ltd.,Mitsui-MAN B&W 6S50MC-C diesel x 1 unit
IKAN SERONG,Bulk Carrier,"Mitsui Engineering & Shipbuilding Co., Ltd.",1614,28/06/2006,,14.5,ClassNK,"Ever Rock Navigation, S. A.",189.99,32.26,17.9,12.55,31247,56023,Mitsui-Man B&W 6S50Mc-C Diesel,"9,480KW x 127.0rpm"
MAPLE ISLAND,Bulk Carrier,"Mitsui Engineering & Shipbuilding Co., Ltd.",1738,,,14.5,ClassNK,Soyo Shipping Inc.,189.99,32.26,17.9,12.7,31243,55610,Mitsui-Man B&W 6S50Mc-C Diesel X 1 Unit,"9,480kW x 127.0rpm"
NIPPON MARU,"56,000Dwt Type Bulk Carrier","Mitsui Engineering & Shipbuilding Co., Ltd. (Mes)",1740,12/05/2011,"More Than 70,000M³",14.5,ClassNK,"Princess Line S.A., Panama",189.99,32.26,17.9,,31244,55581,Mitsui-Man B&W 6S50Mc-C Diesel X 1 Unit,"9,480kW x 127.0rpm"
Nordhval,Bulk Carrier,"Mitsui Engineering & Shipbuilding Co., Ltd. (Mes)",1565,,"70,800M3",14.5,LR,D/S Norden A/S,189.99,32.26,17.9,12.55,31260,56060,Mitsui-Man B&W 6S50Mcc Diesel X 1 Unit,"9,480KW x 127.0rpm"
THERESE SELMER,Bulk Carrier,"Mitsui Engineering & Shipbuilding Co., Ltd.",1632,,"Over 70,000 M3",14.5,DNV,Marshall Islands,189.99,32.26,17.9,12.55,31222,55682,"Oskar Wehr Kg Gmbh & Co., Germany",MITSUI-MAN B&W 6S50MC-C diesel
TOKIWA GLORY,Bulk Carrier,"Mitsui Engineering & Shipbuilding Co., Ltd.",1609,,,14.5,ClassNK,"I. M. A. Lines Co., S. A.",189.99,32.26,17.9,12.55,31279,55742,Mitsui Man B&W 6S50Mc-C Diesel X 1 Unit,"MCR: 9,480kW x 127.0rpm"
TORENIA,Bulk Carrier,"Mitsui Engineering & Shipbuilding Co., Ltd.",1648,12/07/2007,,14.5,ClassNK,"Lepta Shipping Co., Ltd.",189.99,32.26,17.9,12.55,31236,56049,Mitsui-Man B&W 6S50Mcc Diesel X 1 Unit,"9,480kW x 127.0rpm"
WINDSOR ADVENTURE,Bulk Carrier,"Mitsui Engineering & Shipbuilding Co., Ltd.",1666,26/03/2008,,14.5,ClassNK,"Keymax Maritime Co., Ltd./ Fairmont Shipping (H.K.) Ltd.",189.99,32.26,17.9,12.55,31247,55975,Mitsui-Man B&W Diesel Engine 6S50Mcc Diesel X 1 Unit,"9,480kW x 127.0rpm"
PACIFIC INFINITY,Bulk Carrier,"Oshima Shipbuilding Co., Ltd.",10653,18/04/2012,,14.5,ClassNK,Primavera Montana S.A.,189.99,32.26,17.87,12.568,31804,56104,Kawasaki Man B&W 6S50Mc-C (Mark 7) Diesel,
STOVE OCEAN,Bulk Carrier,Stove Rederi As,10641,21/05/2013,,14.5,ClassNK,Panama,189.99,32.26,17.87,12.568,31864,55861,Kawasaki Man B&W 6S50Mc-C Mark7 Diesel,
TAWA ARROW,Bulk Carrier,"Oshima Shipbuilding Co., Ltd.",10519,11/06/2008,,14.5,ClassNK,Glory Ocean Shipping S.A.,189.99,32.26,17.62,12.425,30983,54274,Kawasaki-Man B&W 6S50Mc-C Diesel X 1 Unit,"8,208 kW x 110.0rpm"
THOR FORTUNE,Bulk Carrier,"Oshima Shipbuilding Co., Ltd.",10608,15/06/2011,,14.5,ClassNK,Thor Fortune Shipping Pte. Ltd.,189.99,32.26,17.62,12.444,31487,54123,Kawasaki Man B&W 6S50Mc-C (Mk7) Diesel X 1 Unit,
Doric Samurai,Bulk Carrier,"Toyohashi Shipbuilding Co., Ltd.",3546,,"68,258M3 (Grain)",14.5,ClassNK,Katuura Naviera S.A.,189.99,32.26,17,12,29862,52587,Mitsui Man-B&W 6S50Mc (Mark Vi),"7,796 kW x 116 min-1"
Balder,"Self-Unloading, Double-Hull Bulk Carrier","Oshima Shipbuilding Co., Ltd.",10302,13/05/2002,,14.5,DNV,Klaveness Shipping As,189.99,32.26,16.67,11.724,48184,30739,Kawasaki Man B&W 6S50Mc-C Diesel,
TRANS OCEANIC,Bulk Carrier,"Tsuneishi Shipbuilding Co., Ltd.",1532,06/06/2012,,14.5,ClassNK,Panama,189.99,32.26,18,12.8,32309,58168,Mitsui Man B&W 6S50Mc-C Diesel X 1 Unit,
Vega Eternity,Bulk Carrier,Sanoyas Hishino Meisho Corp.,1200,,,14.5,ClassNK,Venus Ocean Navigation S. A.,189.9,32.26,17.1,12.041,29369,52524,Man B&W 6S50Mc-C Diesel X 1 Unit,
Vega Pioneer,Bulk Carrier,Sanoyas Hishino Meisho Corp.,,28/06/2002,"66,597M³ (Grain)",14.5,ClassNK,Vegabulk Shipholding S. A.,189.9,32.26,17.1,12.041,29369,52466,Man B&W 6S50Mc-C Diesel,
Aventurero Dos,Bulk Carrier,"Mitsui Engineering & Shipbuilding Co., Ltd.",,02/07/2002,,14.5,ClassNK,Aventurero Dos Navigation Ltd.,189.8,32.26,16.9,11.9,27993,50206,Mitsui-Man B&W 6S50Mcc Diesel,
Global Galaxy,Bulk Carrier,"Oshima Shipbuilding Co., Ltd.",10351,,,14.5,ClassNK,Global Bulkship S. A.,189,32.26,24,17.15,29353,53020,,
Sibulk Tradition,Bulk Carrier,"Oshima Shipbuilding Co., Ltd.",10357,16/07/2004,,14.5,DNV,Sibulk Tradition A/S,189,32.26,17.67,12.46,30645,55362,Kawasaki Man B&W 6S50Mc-C X 1 Unit,
Belpareil,Bulk Carrier,"Oshima Shipbuilding Co., Ltd.",10323,,,14.5,ClassNK,"Ysh Shipping Co., Ltd.",188.5,32.26,17.15,17,29410,52960,Kawasaki B&W 6S50Mc-C X 1 Unit,
Hiryu,Bulk Carrier,"Oshima Shipbuilding Co., Ltd.",10343,18/06/2003,,14.5,ClassNK,Olamar Navegacion S. A.,188.5,32.26,17.15,12.14,29413,52982,Kawasaki-Man B&W 6S50Mc-C Diesel X 1 Unit,
BUNGO CROWN,Chemical/Product Oil Carrier,"Imabari Shipbuilding Co., Ltd./Minaminippon Shipbuilding Co., Ltd.",,05/10/2022,,14.5,ClassNK,,184.94,32.2,19.1,,30560,49994,6S50Me-C9.6 Diesel,
NAVE OHANA,"52,000 Dwt Type Product Tanker","Minaminippon Shipbuilding Co., Ltd., (Imabari Shipbuilding Group)",Cyprus,25/09/2025,,14.5,ClassNK,,184.94,32.2,19.1,6,30591,49994,,
NORD MINAMI,Chemical/Product Oil Carrier,"Minaminippon Shipbuilding Co., Ltd./Imabari Shipbuilding Co., Ltd.",,28/10/2020,,14.5,ClassNK,,184.94,32.2,19.1,,30560,52825,6S50Me-C9.6 Diesel X 1 Unit,
ANCASH QUEEN,Bulk Carrier,"Imabari Shipbuilding Co., Ltd.",,17/06/2014,,14.5,ClassNK,Ultramarine Ocean S.A.,182.98,32.26,17.45,,30700,50800,Mitsui-Man B&W 6S50Me-C8.2 Diesel X 1 Unit,
ATACAMA QUEEN,Open Hatch Bulk Carrier,"Imabari Shipyard Of Imabari Shipbuilding Co., Ltd.",,,"59,675M³",14.5,ClassNK,Kaleidoscope Shipping S.A.,182.98,32.26,17.45,12.331,30655,51213,Mitsui-Man B&W 6S50Mc-C (Mk 7) Diesel X 1 Unit,"7,700kW x 104rpm"
EARTH OCEAN,Bulk Carrier,"Oshima Shipbuilding Co., Ltd.",10648,,,14.5,ClassNK,Mi-Das Line S.A.,182.98,32.26,17.15,12.12,29182,50409,Mitsui Man B&W 6S50Mc-C Diesel,
TTM SUCCESS,Bulk Carrier,"Oshima Shipbuilding Co., Ltd.",10647,14/03/2014,,14.5,ClassNK,New Success Maritime S.A.,182.98,32.26,17.15,12.151,29207,50428,Mitsui Man B&W 6S50Mc-C (Mk7),
ZEBRA WIND,Bulk Carrier,"Oshima Shipbuilding Co., Ltd.",10517,27/05/2009,,14.5,ClassNK,Eastern Cross Shipping S.A.,182.98,32.26,17.15,12.149,29105,50820,Mitsui Man B&W 6S50Mc-C Diesel X 1 Unit,"7,760kW"
ANDES QUEEN,Bulk Carrier,"Shin Kurushima Dockyard Co., Ltd.",5782,,,14.5,ClassNK,Aries Marine S.A.,182.93,32.26,17.6,12.42,30220,52330,Mitsui Man B&W 6S50Mc-C8.1 Diesel,
ASTRA,Handymax Bulk Carrier (Future 48),Ihi Marine United Inc. (Ihi Mu) At The Yokohama Shipyard,,,,14.5,ClassNK,Am Nomikos Transworld Maritime,181,32.2,16.5,10.7,28171,48821,Du-Sulzer 6Rta48T Diesel X 1 Unit,
BAMBOO STAR,Bulk Carrier,"Minaminippon Shipbuilding Co., Ltd./Imabari Shipbuilding Co.,Ltd.",,06/12/2019,,14.5,ClassNK,,179.97,29.8,15,,23300,37800,6S50Me-C8.2 Diesel X 1 Unit,
JULES GARNIER II,Open Bulk Carrier,,5698,19/09/2012,"20,955.7M³",14.5,ClassNK,Sunny Durban Maritime S.A.,160.8,26,14,,16715,27454,Hitachi Man B&W 6S42Mc7 Diesel X 1 Unit,"6,480kw x 136min⁻¹"
ARIADNE,Aframax Tanker,"Sumitomo Heavy Industries Marine & Engineering Co., Ltd.",1415,14/05/2024,,14.5,LR,Bahamas,,44,21.55,,60177,114905,Mitsui Man B&W 6G60Me-C10.5 Diesel,
PENELOPE,Crude Oil Carrier,"Sumitomo Heavy Industries Marine & Engineering Co., Ltd.",1412,10/05/2023,,14.5,LR,Ikaria Shipowners S.A.,,44,21.55,,60000,114760,Mitsui-Man 6G60Me Diesel,
CHEMROAD JUPITER,Chemical Tanker,,S-6132,13/10/2022,,14.5,ClassNK,Panama,,28.2,17.2,,23464,35722,Je/6Uec50Lsh-Eco-C3-Egr Diesel X 1 Unit,
AYANA SMILE,Tween Deck Cargo Vessel,"Onomichi Dockyard Co., Ltd.",780,18/10/2022,,14.5,ClassNK,,,23.6,15.85,,13263,17670,Manila,J-ENG 6UEC35LSE-B2 diesel
TAHAROA PROVIDENCE,Ore Carrier,"Namura Shipbuilding Co., Ltd.",,19/11/2015,,14.45,ClassNK,Nepal Shipholding S.A.,290.4,45,24.7,18.29,175238,,Man B&W 6S70Me-C8.2 Diesel X 1 Unit,
DIAMOND FAITH,Aframax Tanker,"Namura Shipbuilding Co., Ltd.",,22/01/2016,,14.45,,,249.97,44,21.2,14.8,63538,114737,Man B&W 6G60Me-C9.2,
FALMOUTH BAY,Bulk Carrier,"Kawasaki Heavy Industries, Ltd. At Sakaide Works",1694,23/04/2014,"73,614M³",14.45,ClassNK,"""K"" Line Bulk Shipping (Uk) Limited",197,32.26,18.1,12.65,33126,58616,Kawasaki-Man B&W 6S50Mc-C7,"8,630kW"
KOUYOU,Bulker,Venus Ocean Navigation S.A.,1699,07/06/2013,"73,614M³",14.45,ClassNK,Panama,197,32.26,18.1,12.65,33126,58595,Kawasaki-Man B&W 6S50Mc-C7 Diesel,"8,630kW"
KT ALBATROSS,Bulk Carrier,"Kawasaki Heavy Industries, Ltd.",1675,,"73,614M³",14.45,ClassNK,Zenith Maritime S.A.,197,32.26,18.1,12.65,33096,58743,Kawasaki-Man B&W 6S50Mc-C7 Diesel,"8,630kW"
MEDI HAKΑΤΑ,Bulk Carrier,"Shin Kurushima Toyohashi Shipbuilding Co., Ltd.",S-3673,,,14.45,ClassNK,,189.93,32.26,18.4,12.95,32700,58000,B&W 6S50Me-B9.3 Diesel X 1 Unit,
RYUTO MARU,Tugboat/Disaster Prevention Ship,"Niigata Shipbuilding & Repair, Inc.",,04/07/2014,,14.44,,"Nihonkai Eisen Co., Ltd.",196,34.55,9.7,,,,"4,000Ps (2,000Ps X 2 Units)",
LUCKY QUEEN,Bulk Carrier,Japan Marine United Corporation,5300,22/08/2024,,14.4,ClassNK,Panama,292,45,24.55,18.234,93691,182354,Man B&W 7S60Me-C10.6-Hpcsr Diesel X 1 Unit,
PROMETHEUS,Dunkirkmax-Type Bulk Carrier,Japan Marine United Corporation (Jmu),,10/01/2024,,14.4,ClassNK,,292,45,24.55,18.234,93367,182384,Man B&W 7S60Me-C10.6-Hpscr Diesel X 1 Unit,
SPRING HARMONY,Dunkirkmax-Type Bulk Carrier,Japan Marine United Corporation (Jmu),,13/03/2024,,14.4,ClassNK,,292,45,24.55,18.2,93367,182498,Man B&W 7S60Me-C10.6-Hpscr,
CSK VANGUARD,Aframax Tanker,"Namura Shipbuilding Co., Ltd.",Singapore,04/11/2016,,14.4,ABS,,249.97,44,21.2,14.8,114667,,Man B&W 6G60Me-C9.2 Diesel,
IONIC ANASSA,Aframax Tanker,"Namura Shipbuilding Co., Ltd.",1 Unit,30/06/2016,,14.4,,Laurel World Maritime S.A.,249.97,44,21.2,14.8,63502,114718,Man B&W 6G60Me-C9.2 Diesel,
SPERCHIOS,Aframax Tanker,,,09/02/2018,,14.4,ABS,Republic Of Liberia,249.97,44,21.2,14.8,63487,114516,Man B&W 6G60Me-C9.5 Diesel,
FJ CAMELIA,"J-Series 82,400Dwt Bulk Carrier",Japan Marine United Corporation,,12/11/2021,,14.4,ClassNK,,229,32.26,20.2,14.55,44318,82501,Man B&W 6S60Me-C8.5-Egrbp Diesel X 1 Unit,
AROUZU,Bulk Carrier,"Tsuneishi Shipbuilding Co., Ltd.",1526,27/03/2012,,14.4,ClassNK,Panama,228.99,32.26,20.05,14.5,43013,82250,Mitsui Man B&W 6S60Mc-C (Mark 7) Diesel,
KYPROS UNITY,Bulk Carrier,"Sasebo Heavy Industries Co., Ltd.",821,26/09/2014,,14.4,BV,Gloverthree Shipping Corporation,225,32.2,20,14.429,41759,78056,Man B&W 6S60Me-C8.2 Diesel,
OCEAN LEGEND,Bulk Carrier,"Sasebo Heavy Industries Co., Ltd.",S860,19/02/2020,,14.4,ClassNK,Ocean Legend Maritime Inc.,225,32.2,20,14.4,41766,78208,Man B&W 6S60Me-C8.5 Diesel X 1 Unit,
SASEBO ECO,Bulk Carrier,"Sasebo Heavy Industries Co., Ltd.",S815,11/06/2014,,14.4,ClassNK,Ionion Shipholding Company Limited,225,32.2,20,14.429,41773,77888,Man B&W 6S60Me-C8.2,
YARRA,Bulk Carrier,"Sasebo Heavy Industries Co., Ltd.",825,13/05/2015,,14.4,,"Lucretia Shipping, S.A.",225,32.2,20,14.429,41650,78184,Man B&W 6S60Me-C8.2,
Bantry,Caustic Soda/Bulk Carrier (Cabu),"Oshima Shipbuilding Co., Ltd.",10415,,,14.4,DNV,"Cabu V Investment, Inc.",225,32.26,18.9,13.922,38883,72562,Kawasaki Man B&W 7S50Mc-C X 1 Unit,
GROVE ISLAND,"3,600,000Cf Wood Chip Carrier","Oshima Shipbuilding Co., Ltd.","41,838",11/06/2020,,14.4,ClassNK,"Ambitious Line, S.A.",199.99,32.26,22.98,11.51,,49999,J-Eng 6Uec50Lsh-Eco-C2 Diesel X 1 Unit,"7,210kW at 99.0rpm"
Federal Kushiro,Bulk Carrier,"Onishi Works Of Shin Kurushima Dockyard Co., Ltd. (Skd)",6Uec52La,,,14.4,ABS,Wealth Line Inc. Of Panama,190.43,23.6,15.2,10.65,19223,32762,"Mcr: 7,080 Kw X 133Min-1",
DESERT OSPREY,Bulk Carrier,"Mitsui Engineering & Shipbuilding Co., Ltd.",1862,31/03/2015,,14.4,ABS,Lazio Shipping And Investment Limited,189.99,32.25,18.1,,31848,55837,Mitsui-Man B&W 6S50Me-B9.3,
NORD TREASURE,"Eco-Ship ""Neo56Bc""","Mitsui Engineering & Shipbuilding Co., Ltd. (Chiba Works)",1828,31/07/2014,,14.4,ClassNK,"Clio Marine Inc., Liberia",189.99,32.25,18.1,,31882,55888,Mitsui-Man B&W Diesel 6S50Me-B9.3 X1 Unit,"7,390kW"
DAIWAN LEADER,Bulk Carrier,,906,,,14.4,ClassNK,Daiwan Leader S.A.,179.97,30,14.05,9.822,21574,34442,Man B&W 6S46Me-B8.5 Diesel X 1 Unit,
MARATHA PARAMOUNT,Bulk Carrier,"The Hakodate Dock Co., Ltd.",852,,,14.4,ClassNK,Sea King Llc,175.53,29.4,27,13.7,19785,32081,Mitsubishi 6Uec45Lse Diesel X 1 Unit,
ELVIRA BULKER,Bulk Carrier,"The Hakodate Dock Co., Ltd.",843,,,14.4,ClassNK,Lb Ship Owner Ii A/S,175.53,29.4,22,13.7,19812,31858,Mitsubishi-6Uec45Lse Diesel,
OCEAN HOPE,Bulk Carrier,"The Hakodate Dock Co., Ltd.",836,,,14.4,ClassNK,Global Grace S.A.,175.53,29.4,22,13.7,19801,31889,Mitsubishi 6Uec45Lse Diesel X 1 Unit,
CACTUS K,Bulk Carrier,"The Hakodate Dock Co., Ltd.",841,17/06/2011,,14.4,ClassNK,Queen Flower S.A.,175.53,29.4,13.7,9.64,19817,31893,Mitsubishi 6Uec45Lse Diesel X 1 Unit,
CORAL OCEAN,Bulk Carrier,,849,17/08/2012,,14.4,ClassNK,Enju Ship Holding S.A.,175.53,29.4,13.7,,19815,31989,Mitsubishi-6Uec45Lse Diesel X 1 Unit,
CORETALENT OL,Bulk Carrier,"The Hakodate Dock Co., Ltd.",862,20/02/2014,,14.4,Nk/Cr,"Coretalent Maritime S.A., Panama",175.53,29.4,13.7,9.64,19816,31669,,
HOKKAIDO BULKER,Bulk Carrier,,854,02/10/2013,,14.4,,Otamay Shipping Inc.,175.53,29.4,13.7,9.64,19812,31868,,
ORIENT HOPE,Log/Bulk Carrier,"The Hakodate Dock Co., Ltd.",829,,,14.4,ClassNK,"Black Ship Line, S.A.",175.53,29.4,13.7,13,19828,32165,Mitsubishi 6Uec45Lse Diesel X 1 Unit,"6,840kW (9,300 PS)x129rpm"
PLUTO,Bulk Carrier,"The Hakodate Dock Co., Ltd.",840,,,14.4,ClassNK,Lamda Shipholding Ltd.,175.53,29.4,13.7,9.64,19785,32092,Mitsubishi 6Uec45Lse Diesel X 1 Unit,
CLIPPER HOPE,Bulk Carrier,"The Hakodate Dock Co., Ltd.",832,,,14.4,ABS,Bulk Shipinvest I Ltd.,175.5,29.4,13.7,9.64,19831,31883,Mitsubishi-6Uec45Lse Diesel X 1 Unit,
GLOBAL PEACE,Bulk Carrier,"The Hakodate Dock Co., Ltd.",842,,,14.4,ClassNK,Global Breeze S. A.,175.5,29.4,13.7,9.62,19801,31742,Mitsubishi 6Uec45Lse Diesel X 1 Unit,
MARATHA PRUDENCE,Bulk Carrier,,,27/11/2012,,14.4,ClassNK,Sea Link Llc,175.5,29.4,13.7,9.6,855,32070,Mitsubishi 6Uec45Lse Diesel,
Young Spirit,Bulk Carrier,"The Hakodate Dock Co., Ltd.",803,,,14.4,ClassNK,"Stevens Line Co., Ltd.",,31,29.4,13.7,19781,31894,Mitsubishi 6Uec52La Diesel X 1 Unit,
African Robin,Bulk Carrier,"The Hakodate Dock Co., Ltd.",802,,,14.4,ClassNK,Handbell Shipping S.A.,,30,29.4,13.7,19783,31982,Mitsubishi 6Uec52La Diesel,
CHARLOTTE BULKER,Bulk Carrier,"The Hakodate Dock Co., Ltd.",814,,,14.4,,White Cosmos Shipping S.A.,,29.4,26,13.7,19831,32132,Mitsubishi 6Uec52La Diesel X 1 Unit,
KEN REI,Bulk Carrier,"The Hakodate Dock Co., Ltd.",808,,,14.4,ClassNK,Delica Shipping S.A.,,29.4,22,13.7,19781,31866,Mitsubishi 6Uec52La Diesel X 1 Unit,
Lodestar Princess,Bulk Carrier,"The Hakodate Dock Co., Ltd.",799,,,14.4,ClassNK,Global Dream S. A.,,29.4,22,13.7,19789,31901,Mitsubishi 6Uec52La Diesel X 1 Unit,
Port Star,Bulk Carrier,"The Hakodate Dock Co., Ltd.",800,,,14.4,ClassNK,Sun Olive Line Corp.,,29.4,20,13.7,19802,31921,Mitsubishi 6Uec52La Diesel X 1 Unit,
POLLUX,Bulk Carrier,"The Hakodate Dock Co., Ltd.",811,,,14.4,ClassNK,Format Shipping Company Limited,,29.4,17,13.7,19846,32017,Mitsubishi 6Uec52La Diesel X 1 Unit,
POS JADE,Bulk Carrier,"The Hakodate Dock Co., Ltd.",805,,,14.4,ClassNK,White Crocus Shipping S. A.,,29.4,17,13.7,19796,31886,Mitsubishi 6Uec52La Diesel X 1 Unit,
DIAMOND OCEAN,Bulk Carrier,"The Hakodate Dock Co., Ltd.",813,31/07/2007,,14.4,ClassNK,"Star Bulk Carrier Co., S.A.",,29.4,13.7,9.64,19816,31931,Mitsubishi 6Uec52La Diesel X 1 Unit,
GLOBAL WISDOM,Bulk Carrier,"The Hakodate Dock Co., Ltd.",804,,,14.4,ClassNK,Global Eagle S. A.,,29.4,13.7,11,19789,31896,Mitsubishi-6Uec52La Diesel X 1 Unit,
Lodestar Forest,Bulk Carrier,"The Hakodate Dock Co., Ltd.",798,,,14.4,ClassNK,"I. M. A. Lines Co., S. A.",,29.4,13.7,9.55,19789,31923,Mitsubishi 6Uec52La Diesel,
POS LEADER,Bulk Carrier,"The Hakodate Dock Co., Ltd.",807,03/07/2006,,14.4,,White Orchid Marine S. A.,,29.4,13.7,9.56,19796,31907,Mitsubishi 6Uec52La Diesel,
PANTERA ROSA,Bulk Carrier,Sanoyas Hishino Meisho Corp.,1280,,"91,188M     (Grain)",14.379,ClassNK,Tateyama Naviera S.A.,225,32.24,23,19.9,41662,78844,Man B&W 7S50Mc-C Diesel X 1 Unit,"MCR: 9,560kW"
GLORIOUS ROSE,"3,600,000 C.F. Type Chip Carrier","Imabari Shipbuilding Co., Ltd./Iwagi Zosen Co.,Ltd.",,12/12/2022,,14.35,ClassNK,Gloverthree Shipping Corporation,199.96,32.24,20.2,,41273,49513,6Uec50Lsh Diesel X 1 Unit,
LOWLANDS OBERLIN,Bulk Carrier,"Oshima Shipbuilding Co., Ltd.",11087,15/01/2025,,14.35,DNV,Singapore,196.8,32.26,19.28,,36137,64323,Mitsui-Man B&W 6S50Me-C9.7-Egrbp,
FAIRCHEM TRIUMPH,Chemical Tanker,"Shin Kurushima Dockyard Co., Ltd.",S-5927,24/01/2017,,14.35,,Tradewind Navigation S.A.,149.93,24.6,13.2,,13120,22354,6Uec45Lse-1 Diesel,
GRANDE PROGRESSO,"300,000Dwt Type Ore Carrier",Universal Shipbuilding Corporation,,30/05/2008,,14.3,ClassNK,,327,55,29.25,21.4,151137,297351,Kawasaki Kisen’S 100% Owned Foreign Subsidiary,Hitachi MAN B&W 6S80MC-C diesel x 1 unit
AZALEA ISLAND,Bulk Carrier,"Oshima Shipbuilding Co., Ltd.",10430,,,14.3,ClassNK,Ambitious Line S.A.,255.22,43,19.39,15,58107,106445,Man B&W 6S60Mc X 1 Unit,
KUMANO MARU,Bulker,"Oshima Shipbuilding Co., Ltd.",10488,,"130,648M3",14.3,ClassNK,"Golden Helm Shipping Co., S.A.",254.62,43,19.39,13.44,58138,106507,Kawasaki Man B&W 6S60Mc Diesel X 1 Unit,"16,680 PS at 105.0 rpm"
SHOFU MARU,"99,000Dwt Box Shaped Bulk Carrier","Oshima Shipbuilding Co., Ltd.","58,209",07/10/2022,,14.3,ClassNK,,235,43,20.05,13.91,115304,100422,"Mitsui O.S.K. Lines, Ltd.",Mitsui-MAN B&W 6S60ME-C10.5-EGRBP diesel
CEMTEX EXCELLENCE,Bulk Carrier,"Oshima Shipbuilding Co., Ltd.",11001,14/03/2022,,14.3,ClassNK,U-Ming Marine Transport Corporation,235,40,20,14.441,54244,99990,Mitsui Man B&W 6G60Me-C10.5 Diesel X 1 Unit,
FENGTUN FEI,Bulk Carrier,"Oshima Shipbuilding Co., Ltd.",10491,16/01/2008,,14.3,ClassNK,Erica Navigation S.A.,235,43,18.55,12.904,50464,91486,Mitsubishi 6Uec60Lsii Diesel X 1 Unit,"11,910kW x 105rpm"
NOSHIRO MARU,Bulk Carrier,"Oshima Shipbuilding Co., Ltd.",,28/09/2016,"109,210M³",14.3,ClassNK,,235,43,18.55,13.073,90794,,Mitsubishi 7Uec60Lse-Eco-A2 Diesel,"10,890kW at 86.0rpm"
SHIN SANYO MARU,Coal Carrier,"Oshima Shipbuilding Co., Ltd. (Osy)",,28/02/2007,"108,929M3",14.3,ClassNK,Antlers Maritima S. A.,235,43,18.55,12.9,50464,,Mitsubishi 6Uec60Lsii Diesel X 1 Unit,"MCR: 16,200ps x 105.0rpm"
SHIN SEKIYO,Bulk Carrier,"Oshima Shipbuilding Co., Ltd.",,13/01/2016,"109,210M³",14.3,ClassNK,,235,43,18.55,13.044,50794,90781,"10,335Kw",
KAGURA,Bulk Carrier,"Oshima Shipbuilding Co., Ltd.",Liberian,09/03/2023,,14.3,ClassNK,,234.996,43,20.05,13.853,57646,99990,Mitsui-Man B&W 6S60Me-C10.5-Egrbp,
CORONA YOUTHFUL,Bulk Carrier,"Oshima Shipbuilding Co., Ltd.",,01/02/2019,"110,327M³",14.3,ClassNK,Fgl Mast Panama S.A.,234.99,43,18.4,12.885,91861,,Kawasaki Man B&W 6S60Me-C8.5 Diesel,"9,120kW x 84.0rpm"
KIMIMACHI,Bulk Carrier,"Oshima Shipbuilding Co., Ltd.",,08/01/2020,"110,321M³",14.3,ClassNK,Pansy Line S.A.,234.99,43,18.4,12.884,52400,91296,Kawasaki Man B&W 6S60Me-C8.5,"10,800kW at 86.0rpm"
LOWLANDS HORIZON,Bulk Carrier,"Oshima Shipbuilding Co., Ltd.",10884,26/09/2018,,14.3,DNV,Cldn Cobelfret Pte. Ltd.,234.98,38,19.5,14.24,49565,93478,Kawasaki-Man B&W 6S60Me-C8.5 Diesel,
TAIYO,Bulk Carrier,Erica Navigation S.A.,,05/09/2014,,14.3,ClassNK,Republic Of Liberia,234.88,38,20,14.2,50927,92389,Man B&W 6S60Mc-C (Mark 7) Diesel,"11,040kW x 97.7rpm"
LEMESSOS QUEEN,Bulk Carrier,"Tsuneishi Shipbuilding Co., Ltd.",Panama,,,14.3,BV,,229,32.26,20.15,,44000,82400,Man-B&W 7G50Me-C9.6-Egrbp Diesel,
OWUSU MARU,Bulk Carrier,"Tsuneishi Shipbuilding Co., Ltd.",1603,27/11/2020,,14.3,LR,Fast Shipping S.A.,229,32.26,20.15,,44000,82286,Man B&W 6S60Me-C10.5 Diesel,
PRISCILLA,Bulk Carrier,"Tsuneishi Shipbuilding Co., Ltd.",1596,24/09/2020,,14.3,LR,Chijin Shipping S.A.,229,32.26,20.15,,44000,82300,Man B&W 6S60Me-C10.5 Diesel X 1 Unit,
SANKO HAWKING,Bulk Carrier,"Tsuneishi Shipbuilding Co., Ltd.",1601,08/01/2021,,14.3,ClassNK,Hawking Ownership Limited,229,32.26,20.15,,44000,82167,Man B&W 6S60Me-C10.5 Diesel X 1 Unit,
ADA,Bulk Carrier,"Oshima Shipbuilding Co., Ltd.",10778,09/02/2016,,14.3,DNV,Not Specified,228.99,32.26,20.01,14.486,43729,81841,Kawasaki-Man B&W 6S60Me-C8.2,
NORD BELUGA,Bulk Carrier (Ice-1C),,10743,,,14.3,DNV,"Nord Summit Pte, Ltd.",228.99,32.26,20.01,12.23,43729,81841,Kawasaki-Man B&W 6S60Me-C8.2 Diesel X 1 Unit,
CLIMATE ETHICS,Bulk Carrier,"Oshima Shipbuilding Co., Ltd.",11042,20/01/2023,,14.3,DNV,Cyprus,228.41,36.5,20.39,14.348,48233,87285,Mitsui-Man B&W 5S60Me-C10.5-Egrbp Diesel X 1 Unit,
CLIMATE RESPECT,Bulk Carrier,"Oshima Shipbuilding Co., Ltd.",11013,29/07/2022,,14.3,ClassNK,Lofou Shipping Corporation,228.41,36.5,20.39,14.348,48233,87290,Mitsui-Man B&W 5S60Me-C10.5-Egrbp Diesel X 1 Unit,
KAWA NAPRANUM,Bulk Carrier,"Oshima Shipbuilding Co., Ltd.",11047,28/11/2023,,14.3,ClassNK,"Lucretia Shipping, S.A.",228.41,36.5,20.39,14.348,48105,87396,Mitsui-Man B&W 5S60Me-C10.5-Egrbp Diesel X 1 Unit,
C.S. SUNSHINE,Bulk Carrier,,10684,24/08/2012,,14.3,,"Caribstar Shipping, S.A.",228.41,36.5,19.89,,46700,85561,Man B&W 5S60Mc-C7 Diesel X 1 Unit,
EN MAY,Bulk Carrier,,Monrovia,22/09/2017,,14.3,,En May Maritime Llc,228.41,36.5,19.89,13.972,46990,85001,Mitsui-Man B&W 6S60Me-C8.2 Diesel,
KANG MAY,Bulk Carrier,"Oshima Shipbuilding Co., Ltd.",10783,01/09/2016,,14.3,BV,Kang May Maritime Llc,228.41,19.89,13.944,13.944,85001,46990,Mitsui-Man B&W 6S60Me-C8.2,
LOWLANDS LIGHT,Bulk Carrier,"Oshima Shipbuilding Co., Ltd.",10821,13/01/2017,,14.3,DNV,Cldn Bulk S.A.,228.36,36.5,20.39,14.343,48172,87605,Kawasaki-Man B&W 6S60Me-C8.2 Diesel X 1 Unit,
LEGENDARY DIVA,Bulk Carrier,"Oshima Shipbuilding Co., Ltd.",Liberian,23/05/2025,,14.3,ClassNK,Azuma Bulk Limited,225.5,32.26,19.98,,82189,,Mitsui-Man B&W 5S60Me-C10.5-Egrbp,
PAX SILVA,Wood Chip Carrier,Sanoyas Hishino Meisho Corp.,1252,,"102,040M3 (Grain)",14.3,ClassNK,"Kotobuki Shipping Corporation, S.A.",199.99,32.2,29,22.75,39802,46900,Man B&W 6S 50 Mc-C Diesel X 1 Unit,"10,800ps"
PM HAYABUSA II,Ultramax Bulk Carrier,"Shin Kurushima Sanoyas Shipbuilding Co., Ltd.",1379,18/03/2022,"81,490M³ (Grain)",14.3,ClassNK,,199.99,32.24,19.22,13.52,36298,63883,,
BASIC PORTLAND,Supramax Bulk Carrier,Sanoyas Shipbuilding Corporation,Panama,28/09/2016,"77,067M³",14.3,ABS,,199.99,32.24,18.38,12.868,1341,60513,Man B&W 6G50Me-B9.3 Diesel,"7,740kW"
FERMITA,Supramax Bulk Carrier,Sanoyas Shipbuilding Corporation,1366,25/06/2020,"77,067M³ (Grain)",14.3,ABS,,199.99,32.24,18.38,12.868,34164,60480,,
INDIGO HERITAGE,Supramax Bulk Carrier,Sanoyas Shipbuilding Corporation,1359,05/09/2019,"77,067M³",14.3,ABS,Liberia,199.99,32.24,18.38,12.868,34178,60515,Cleveland Shipmanagement S.A.,MAN B&W 6G50ME-B9.3 diesel x 1 unit
IVS SWINLEY FOREST,Bulk Carrier,Sanoyas Shipbuilding Corp.,1345,10/01/2017,"77,067M³ (Grain)",14.3,,,199.99,32.24,18.38,12.868,34157,60492,Man B&W 6G50Me-B9.3 Diesel,"7,740kW"
MEDI PERTH,Bulk Carrier,Sanoyas Shipbuilding Corporation,1340,,"77,067M³",14.3,,Panama,199.99,32.24,18.38,12.868,34164,60466,Man B&W 6G50Me-B9.3 Diesel,"7,740kW"
NORD CHESAPEAKE,Supramax Bulker,Sanoyas Shipbuilding Corporation,1 Unit,12/07/2016,"77,067M³",14.3,,Sanoyas Shipbuilding Corporation,199.99,32.24,18.38,12.868,34164,60447,Man B&W 6G50Me-B9.3 Diesel,
TAI SUMMIT,Bulk Carrier,"Oshima Shipbuilding Co., Ltd.",,18/04/2016,,14.3,,Not Specified,199.98,32.26,18.33,12.85,60618,,Mitsui-Man B&W 6S50Me-B9.3 Diesel,
CASABLANCA TIGER,Bulk Carrier,"Oshima Shipbuilding Co., Ltd.",11073,28/02/2024,,14.3,ClassNK,Liberia,189.99,32.26,18.54,13.062,32680,58506,Mitsui-Man B&W 6S50Me-C9.7-Egrbp,
AMSTEL EAGLE,Bulk Carrier,Triton Navigation B.V.,10579,16/07/2014,,14.3,ClassNK,Panama,189.99,32.26,17.87,12.569,31543,56108,Kawasaki Man B&W 6S50Me-C8.2 Diesel,
FEDERAL TAKASE,Handymax Bulker,"Oshima Shipbuilding Co., Ltd.",1 Unit,14/04/2016,"71,177M³",14.3,ClassNK,Federal Trident Ltd.,189.99,32.26,17.87,12.578,31584,55178,Kawasaki Man B&W 6S50Me-B9.3 Diesel,
FEDERAL TYNE,Bulk Carrier,"Oshima Shipbuilding Co., Ltd.",10698,,,14.3,DNV,Baffin Investments Limited,189.99,32.26,17.87,12.578,31590,55317,Diesel United-Wartsila 6Rt-Flex50-D Diesel X 1 Unit,
ORCHID TIGER,Box Shaped Bulk Carrier,"Oshima Shipbuilding Co., Ltd.",,29/09/2020,"64,354M³",14.3,ClassNK,Maclin Spring Maritime S.A.,189.99,32.26,17.87,12.569,32045,55578,Mitsui-Man B&W 6S50Me-C9.6 Diesel X 1 Unit,"7,260kW at 99.0rpm"
NICOLINE BULKER,General Cargo Ship,Naikai Zosen Corporation,9.55M,,"47,235.9M³ (Grain)",14.3,ClassNK,Lauritzen Bulkers A/S,184.75,30.6,20,14.5,23950,38191,Hitachi-B&W 6S46Mc-C (Mark 7) Diesel X 1 Unit,"6,780kW"
GLORIOUS KAURI,General Cargo Ship,Naikai Zosen Corporation,Panama,16/03/2012,"46,315.5M³",14.3,ClassNK,Peony Shipholding S.A.,184.75,30.6,14.5,9.55,23857,38200,Hitachi-B&W 6S46Mc-C8 Diesel,"6,100kW x 107.2min⁻¹"
SANTA SERENA,General Cargo Ship,Naikai Zosen Corporation,Panama,29/08/2011,"47,235.9M³",14.3,ClassNK,Ansei Bulk Carrier S.A.,184.75,30.6,14.5,9.55,23857,38238,Hitachi-B&W 6S46Mc-C (Mark7) Diesel,"6,100kW x 107.2 min-¹ (D.C.S.O.)"
AFRICAN TEIST,Bulk Carrier,"Shin Kurushima Dockyard Co., Ltd.",5765,,,14.3,ClassNK,Cassiopeia Marine S.A.,179.99,28.2,14.3,10.1,21100,32800,,
ATLANTIC CLOVER,Bulk Carrier,"Shin Kurushima Dockyard Co., Ltd.",S-5688,,,14.3,ClassNK,Sun Advance Shipping S.A.,179.99,28.2,14.3,10.1,21192,33671,6Uec45Lse Diesel X 1 Unit,
KING COTTON,Bulk Carrier,"Shin Kurushima Dockyard Co., Ltd.",S-5686,28/10/2011,,14.3,ClassNK,Sun Advance Shipping S.A.,179.99,28.2,14.3,10.101,21205,33622,Mitsubishi 6Uec45Lse Diesel X 1 Unit,
GLOBAL HEART,Bulk Carrier,"The Hakodate Dock Co., Ltd.",846,,,14.3,ClassNK,Global Odyssey S.A.,178.41,29.4,13.9,13,20254,32964,Mitsubishi 6Uec45Lse Diesel X 1 Unit,
GLOBAL MERMAID,Log/Bulk Carrier,"Shin Kurushima Dockyard Co., Ltd.",5588,,,14.3,ClassNK,Global Moon S.A.,176.83,28.8,14.2,12,21100,33738,6Uec52La Diesel X 1 Unit,
LOCH MELFORT,Log Bulk Carrier,Sun Fortune Shipping S.A.,S-5775,18/04/2013,,14.3,ClassNK,Panama,176.83,28.8,14.2,9.826,21160,33300,6Uec45Lse-1 Diesel,
Port Alice,Bulk Carrier,"The Hakodate Dock Co., Ltd.",801,,,14.3,ClassNK,"Citrus Maritime, S. A.",,29.4,28,13.7,19791,31871,Mitsubishi-6Uec52La Diesel X 1 Unit,
DARYA RUCHI,Bulk Carrier,"Tsuneishi Shipbuilding Co., Ltd.",1613,15/03/2022,,14.3,ClassNK,Ruchi Shipping Limited,,32.26,20.15,,43672,82557,Man B&W 6S60Me-C10.5 Diesel X 1 Unit,
LOWLANDS SAGE,Bulk Carrier,"Tsuneishi Shipbuilding Co., Ltd.",1608,18/11/2021,,14.3,ClassNK,Cldn Cobelfret Pte. Ltd.,,32.26,20.15,,44000,82300,Man B&W 6S60Mec-10.5 Diesel X 1 Unit,
PRESTIGE DIVA,Bulk Carrier,"Tsuneishi Shipbuilding Co., Ltd.",1612,27/01/2022,,14.3,ClassNK,"Comerge Shipping Co., Ltd.",,32.26,20.15,,44000,82300,Man B&W 6S60Me-C10.5 Diesel,
Cook Strait,Bulk Carrier,"The Hakodate Dock Co., Ltd.",797,,,14.3,ClassNK,Good Future International Holdings Limited,,29.4,13.7,9.56,19779,31894,Mitsubishi 6Uec52La Diesel X 1 Unit,
Timaru Star,Bulk Carrier,"The Hakodate Dock Co., Ltd.",794,28/05/2004,,14.3,ClassNK,,,29.4,13.7,9.56,19779,31893,Thompson Shipping (Bvi) Limited,Mitsubishi 6UEC52LA diesel x 1 unit
CAPE ACE,"101,314Dwt Bulk Carrier","Namura Shipbuilding Co., Ltd.",Panama,07/12/2020,"97,034M³",14.2,ClassNK,,249.94,43,12.9,,60133,101314,"Kawasaki Kisen Kaisha, Ltd. (""K"" Line)",MAN B&W 6S60ME-C8.5 diesel x 1 unit
STAR OF EMIRATES,"83,000Mt-Type Panamax Bulker",Sanoyas Hishino Meisho Corp.,1272,01/07/2008,"96,110M3 (Grain)",14.2,ABS,Sun Cordia Marine S.A.,229,32.24,20.2,14.551,44251,83610,Man B&W 6S60Mc-C Diesel X 1 Unit,"11,640kW"
STAR OF RBD,Bulk Carrier,Sanoyas Hishino Meisho Corporation,1273,,,14.2,ABS,Sun Cordia Marine S.A.,229,32.24,20.2,14.551,44251,83617,Man B6W 6S60Mc-C Diesel X 1 Unit,"11,640kW"
BRILLIANT SAKURA,Panamax Bulk Carrier,Sanoyas Shipbuilding Corporation,1370,08/10/2020,"97,034M³",14.2,ClassNK,Low-Speed & Long-Stroke Electronically Controlled Main Engine,229,32.24,20.15,14.594,43509,81800,,
ETG HAYATE,Panamax Bulk Carrier,"Shin Kurushima Sanoyas Shipbuilding Co., Ltd.",1380,26/01/2022,"97,034M³ Cargo",14.2,ABS,,229,32.24,20.15,14.594,43474,81957,,
EVER MAJESTY,Panamax Bulk Carrier,Shin Kurushima Sanoyas,1377,22/09/2021,"97,019M

³ (Grain)",14.2,ClassNK,,229,32.24,20.15,14.594,43453,81936,,
EVER RADIANCE,Panamax Bulker,"Shin Kurushima Sanoyas Shipbuilding Co., Ltd.",1382,09/09/2022,"97,019M³ (Grain)",14.2,ClassNK,Not Specified,229,32.24,20.15,14.594,43453,81951,,
EVER ZENITH,Panamax Bulk Carrier,"Shin Kurushima Sanoyas Shipbuilding Co., Ltd.",1378,12/11/2021,"97,019M³",14.2,ClassNK,,229,32.24,20.15,14.594,43453,81987,,
PEDHOULAS TRADER,Panamax Bulk Carrier,"Shin Kurushima Sanoyas Shipbuilding Co., Ltd.",,21/09/2023,"97,034M³ (Grain)",14.2,ClassNK,,229,32.24,20.15,14.594,43429,81950,,
VASSOS,Bulk Carrier,"Shin Kurushima Sanoyas Shipbuilding Co., Ltd.",1381,12/05/2022,"97,034M³ (Grain)",14.2,ClassNK,,229,32.24,20.15,14.594,43429,82018,,
YM PIONEER,"82,000Dwt Class Panamax Bulk Carrier","Shin Kurushima Sanoyas Shipbuilding Co.,Ltd.",1372,10/03/2021,"97,034M³",14.2,ClassNK,Low-Speed & Long-Stroke Electronically Controlled Main Engine,229,32.24,20.15,14.594,43424,81898,,
SOUTHERN TREASURE,Wood Chip Carrier,"Oshima Shipbuilding Co., Ltd.","49,702",31/10/2019,,14.2,ClassNK,Olamar Navegacion S.A.,210,37,22.8,11.523,,60281,J-Eng 6Uec50Lsh-Eco-C2 Diesel X 1 Unit,"7,430kW at 92.0rpm"
VANGUARDIA,"4,300,000 Cubic Feet Type Woodchip Carrier","Oshima Shipbuilding Co., Ltd.","49,903",05/08/2021,,14.2,ClassNK,"Esteem Maritime Japan Co., Ltd.",209.96,37,22.8,11.523,,60306,Mitsui-Man 6S50Me-C9.6-Egrbp Diesel X 1 Unit,"7,430kW at 92.0rpm"
Ivs Nightjar,General Cargoship,Naikai Shipbuilding Corporation (Setoda Works),691,,"42,166.9M3 (Grain)",14.2,ClassNK,Diamond Island Maritime S. A.,172.9,29.4,29,14,20283,32316,Hitachi B&W 6S46Mc-C Diesel,"6,400kW x 111min-1"
SOUTHERN RESONANCE,Aframax Tanker,Sumitomo Heavy Industries Marine & Engineering,Panama,19/09/2025,,14.15,ClassNK,,239.67,44,21.55,,114945.3,,Mitsui Man B&W 6G60Me-C10.5,
SOUTHERN RESPECT,Aframax Tanker,"Sumitomo Heavy Industries Marine & Engineering Co., Ltd.",1417,,,14.15,ClassNK,Panama,239.67,44,21.55,,60177,114957,Mitsui Man B&W 6G60Me-C10.5,
FEDERAL THUNDER BAY,Bulk Carrier,"Oshima Shipbuilding Co., Ltd.",11051,27/10/2023,,14.15,DNV,Marshall Islands,199.98,23.762,14.85,10.886,21043,34763,Mitsui-Man B&W 5S50Me-C9.7-Hpscr Diesel X 1 Unit,
FEDERAL NEW YORK,Bulk Carrier,Federal Trident Ltd.,1 Unit,22/10/2024,,14.15,DNV,,196.48,23.762,14.85,,21043,34763,Mitsui-Man B&W 5S50Me-C9.7-Hpscr Diesel,
NBA REMBRANDT,Bulk Carrier,,,19/12/2012,,14.1,ClassNK,Nyk Bulkship (Atlantic) Nv,254.99,43,19.39,13.599,10701,107236,Mitsubishi 6Uec60Lsii Diesel,
SHINRYO MARU,Bulk Carrier,,Okinawa,09/03/2018,,14.1,ClassNK,,234.99,43,18.4,12.882,52156,92049,Kawasaki-Man B&W 6S60Me-C8.5 Diesel,
BASIC STAR,Panamax Bulk Carrier,"Shin Kurushima Sanoyas Shipbuilding Co., Ltd.",,28/06/2024,"97,034M³ (Grain)",14.1,ClassNK,,229,32.24,20.15,14.594,43455,81947,,
BASIC SUN,Panamax Bulk Carrier,"Shin Kurushima Sanoyas Shipbuilding Co., Ltd.",1401,30/08/2024,"97,034M3 (Grain)",14.1,ClassNK,,229,32.24,20.15,14.594,43509,81913,,
LOWLANDS IYO,Panamax Bulk Carrier,"Shin Kurushima Sanoyas Shipbuilding Co., Ltd.",,13/03/2024,"97,034M³(Grain)",14.1,ClassNK,,229,32.24,20.15,14.594,43455,82019,,
NORA SCHULTE,"Kamsarmax Bulk Carrier, 82,000Dwt-Type","Shin Kurushima Sanoyas Shipbuilding Co., Ltd.",1390,09/06/2023,"97,034M³ (Grain)",14.1,ClassNK,,229,32.24,20.15,14.594,43442,81957,,
ORCHID ISLAND,Panamax Bulk Carrier,"Shin Kurushima Sanoyas Shipbuilding Co., Ltd.",1396,24/01/2024,"Cargo Hold Capacity: 97,034M³ (Grain)",14.1,ClassNK,,229,32.24,20.15,14.594,43455,81996,,
ASAHI MARU,Bulk Carrier,"Sasebo Heavy Industries Co., Ltd.","46,982",17/03/2017,,14.1,,"Asahi Shipping Co., Ltd.",229,38,19.1,13.49,85009,85009,Man B&W 6S60Me-C8.2 Diesel,
DOUKATO,Bulk Carrier,"Sasebo Heavy Industries Co., Ltd.",S856,18/10/2019,,14.1,ABS,Ginza Shipping S.A.,229,38,19.1,13.49,46993,85123,Man B&W 6S60Me-C8.2 Diesel X 1 Unit,
Q KENNEDY,Bulk Carrier,"Sasebo Heavy Industries Co., Ltd.",,30/07/2015,,14.1,ABS,Q Kennedy Shipping Ltd.,229,38,19.1,,84978,,Man B&W 6S60Me-C8.2 Diesel X 1 Unit,
CORATO,Bulk Carrier,"Namura Shipbuilding Co., Ltd.",,05/04/2016,,14.1,,Not Specified,228.99,32.26,20.1,14.5,81677,,Man B&W 6S60Me-C8.2 Diesel,
ENERGY PYXIS,Panamax Bulk Carrier,"Namura Shipbuilding Co., Ltd. (Imari Shipyard & Works)",14.04M,,,14.1,ClassNK,"Morning Daedalus Navigation, S.A.",224.99,32.26,20,19.5,40690,77008,Man B&W 6S60Mc (Mark 6) X 1 Unit,"9,930kW x 105rpm"
NEVER ON SUNDAY,Ultramax Bulk Carrier,"Shin Kurushima Sanoyas Shipbuilding Co., Ltd.",1387,22/02/2023,"81,490M³ (Grain)",14.1,ClassNK,,199.99,32.24,19.22,13.52,36298,63986,,
THERESA GLORY,Ultramax Bulker,"Shin Kurushima Sanoyas Shipbuilding Co., Ltd.",1386,15/12/2022,"81,490M³ (Grain)",14.1,ClassNK,,199.99,32.24,19.22,13.52,36298,63921,,
AFRICAN GROUSE,General Cargo Ship,Naikai Zosen Corporation,Bahamas,15/10/2015,"47,125.3M³ (Grain)",14.1,ABS,African Grouse Shipping Co. Ltd.,183,30.6,14.5,10,37700,,Hitachi-Man B&W 6S46Me-B8.3 Diesel X 1 Unit,"5,690kW x 107.0min-1 (D.C.S.O.)"
AFRICAN JAY,Cargo Ship,,Bahamas,10/07/2015,"47,125.3M³",14.1,ABS,"African Jay Shipping Co., Ltd.",183,30.6,14.5,10,37705,,Hitachi-Man B&W 6S46Me-B8.3 Diesel,
AFRICAN RAVEN,General Cargo Ship,Naikai Zosen Corporation (Innoshima Works),Panama,17/07/2014,"47,125.3M³",14.1,ClassNK,,183,30.6,14.5,10,23753,37700,Hitachi-Man B&W 6S46Mc-C8.3 Diesel X 1 Unit,"6,695kW x 113.0min-1 / 5,690kW x 107.0min-1"
AFRICAN ROOK,"37,700Dwt General Cargo Ship",Naikai Zosen Corporation,Panama,16/02/2015,"47,125.3M³ (Grain)",14.1,ABS,,183,30.6,14.5,10,23750,37700,Hitachi-Man B&W 6S46Me-B8.3 Diesel X 1 Unit,"5,690kW"
BERGE HALLASAN,General Cargo Ship,Naikai Zosen Corporation,,30/05/2016,"47,125.3M³ (Grain)",14.1,,Ambitious Line S.A.,183,30.6,14.5,10,37600,,Hitachi-Man B&W 6S46Me-B8.3 Diesel,
GLOBAL DISCOVERY,General Cargo Ship,Naikai Zosen Corporation,,30/04/2015,"47,125.3M³ (Grain)",14.1,ClassNK,,183,30.6,14.5,10,23749,37810,Hitachi-Man B&W 6S46Me-B8.3 Diesel X 1 Unit,"5,690kW"
HIGH ADVENTURER,Product/Chemical Tanker,,Panama,06/11/2017,,14.1,,Indigo Marine Shipping S.A.,182.5,32.2,19.05,13.1,29513,49997,Mitsui Man B&W 6S50Me-B9.5 Diesel,
SUSANOO HARMONY,Log Bulker,"Onomichi Dockyard Co., Ltd./ Saiki Heavy Industries Co., Ltd.",738,30/10/2020,,14.1,ClassNK,Rishiri Marine S.A.,174.44,30,15.1,10.5,23770,37140,Man B&W 6S46Me-B8.5 Diesel X 1 Unit,
CAPE SUN,Dunkirkmax Bulk Carrier,Japan Marine United Corporation (Jmu),,19/04/2023,,14.05,ClassNK,,292,45,24.55,18.234,93343,182436,Man B&W 7S65Me-C8.5-Hpscr,
BERGE MAUNA KEA,Bulk Carrier,"Imabari Shipbuilding Co., Ltd.",,15/03/2024,,14,ClassNK,,299.99,50,25,,108956,211599,7S60Me-C10.6 Diesel X 1 Unit,
SG DAWN,Lng Fueled Bulk Carrier,"Imabari Shipbuilding Co., Ltd.",,07/08/2025,,14,ClassNK,,299.99,50,25,7,210125,,,
SG OCEAN,Bulk Carrier,Japan Marine United Corporation,5280,30/01/2024,,14,ClassNK,Japan,299.99,50,25,18.436,110334,210933,Du-Wingd 7X62Df-2.1 Diesel X 1 Unit,
SG TWILIGHT,Lng Dual Fuel Cape Size Bulk Carrier,Japan Marine United Corporation (Jmu),,14/02/2025,,14,ClassNK,,299.99,50,25,18.436,110334,210933,,
VERDE HERALDO,"Lng Fueled 209,000 Dwt Type Bulk Carrier","Imabari Shipbuilding Co., Ltd.",,18/04/2025,,14,ClassNK,,299.99,50,25,7,110708,210321,,
CSK ZEPHYR,Bulk Carrier,"Namura Shipbuilding Co., Ltd.",Singapore,22/11/2018,,14,ABS,Gulf Bulk Carriers Pte. Ltd.,299.95,50,25,18.3,108362,207805,Man B&W 6G70Me-C9.5 Diesel,"15,770kW"
LIN MIARAK,"100,000Dwt Type Bulk Carrier","Tadotsu Shipyard Co., Ltd./ Imabari Shipbulding Co., Ltd.",,18/11/2021,,14,ClassNK,,249.99,43,18.7,,57963,100987,6S60Me-C10.5 Diesel X 1 Unit,
ISUZU MARU,Bulk Carrier,,10795,,,14,,Marshall Island,249.98,43,18.5,12.863,56825,100165,Japan Engine 7Uec60Lse-Eco-A2 Diesel,
TENRYU MARU,Bulker,"Oshima Shipbuilding Co., Ltd.",,25/09/2015,,14,ClassNK,,249.98,43,18.5,12.833,56893,100172,Mitsubishi 7Uec60Lse-Eco-A2 Diesel X 1 Unit,
TONQUIPEARL,Bulk Carrier,"Oshima Shipbuilding Co., Ltd.",10900,25/03/2021,,14,ClassNK,Nippon Yusen Kabushiki Kaisha,249.98,43,18.5,12.869,56844,99893,J-Eng Ue 7Uec60Lse-Eco-A2-Egr Diesel,
OI MARU,Bulk Carrier,"Namura Shipbuilding Co., Ltd.",Liberia,14/06/2018,,14,ClassNK,Erica Navigation S.A.,249.97,43,18.7,12.7,59880,100325,Man B&W 6S60Me-C8.2 Diesel,"10,450kW"
SHIN YAHAGI MARU,Bulker,"Namura Shipbuilding Co., Ltd.",,22/01/2015,,14,ClassNK,Erica Navigation S.A.,249.97,43,18.7,12.6,59842,99323,Man B&W 6S60Me-C8.2,"10,450kW"
BM BONANZA,Tanker,"Sumitomo Heavy Industries Marine & Engineering Co., Ltd.",1330,19/07/2007,,14,,Mi-Das Line S. A.,237.71,42,14.85,12.19,56172,105400,Du-Sulzer 6Rta58T Diesel X 1 Unit,"12,000kW x 103rpm"
SHOYO,Lng Dual-Fueled Coal Carrier,"Oshima Shipbuilding Co., Ltd.",,02/10/2023,,14,ClassNK,,234.98,38,20.16,14.35,54633,95233,"9,400Kw At 81.0Rpm",
DIETRICH OLDENDORFF,Bulk Carrier,"Oshima Shipbuilding Co., Ltd.",,13/03/2020,"115,356M³",14,ClassNK,Oldendorff Drybulk Gmbh & Co. Kg,234.96,38,20.62,15.04,53219,100449,Mitsui Man B&W 6G60Me-C9.5 Diesel X 1 Unit,"9,000kW at 72.0rpm"
KUROTAKISAN MARU III,Bulk Carrier,"Oshima Shipbuilding Co., Ltd.",10989,02/12/2021,,14,ClassNK,"Caribstar Shipping, S.A.",234.96,38,20.05,13.765,51793,89999,J-Eng 6Uec60Lse Eco-A2-Egr Diesel X 1 Unit,
RTM DIAS,Post-Panamax Bulk Carrier,"Namura Shipbuilding Co., Ltd.",,11/01/2013,,14,,United Kingdom,234.87,38,20,13.9,89892,,Mitsubishi 6Uec60Lsii-Eco Diesel,"9,480kW"
GOLDEN SPRING,Panamax Bulk Carrier,Sanoyas Hishino Meisho Corp.,1259,,"96,152M3 (Grain)",14,ClassNK,Golden Spring Maritime S.A.,229,32.24,31,20.2,44146,83730,Man B&W 6S60Mc-C Diesel,"14,600ps"
IKAN BAGAT,Panamax Bulk Carrier,Sanoyas Hishino Meisho Corp.,1294,,"96,121M³",14,ClassNK,Kashima Naviera S.A. Of Panama,229,32.24,25,20.2,44349,83476,Man B&W 6S60Mc-C Diesel,"10,740kW"
ATLANTIC LEGEND,Panamax Bulk Carrier,Sanoyas Hishino Meisho Corporation,1282,,"96,152M³ (Grain)",14,ABS,Solar Oceania Corporation Of Liberia,229,32.24,20.2,14.555,44146,83685,Man B&W 6S60Mc-C Diesel,"10,740kW"
ERICA,Bulk Carrier,Sanoyas Hishino Meisho Corp.,1276,28/05/2009,"96,152M³",14,ABS,Nikolson B. V.,229,32.24,20.2,14.551,44213,83690,Man B&W 6S60Mc-C Diesel X 1 Unit,"10,740kW"
FISKARDO,Panamax Bulk Carrier,Sanoyas Hishino Meisho Corp.,1284,,"96,121M3",14,ClassNK,Panama,229,32.24,20.2,16,44348,83448,Manu Victory Maritime S.A.,MAN B&W 6S60MC-C diesel x 1 unit
FORTE DE SAO FELIPE,Bulk Carrier,Sanoyas Shipbuilding Corp.,Panama,,"96,121M³ (Grain)",14,ClassNK,"Empresa De Navegacao Elcano, S. A.",229,32.24,20.2,,1304,83486,Man B&W 6S60Mc-C Diesel X 1 Unit,"10,740kW"
GLOBAL STAR,Panamax Bulk Carrier,Sanoyas Hishino Meisho Corp.,Hn: 1281,,"96,152M³",14,ClassNK,"Southern Route Maritime, S.A.",229,32.24,20.2,20,44146,83601,Man B&W 6S60Mc-C Diesel X 1 Unit,"10,740kW"
HANJIN HIROSE,Panamax Bulk Carrier,Sanoyas Mizushima Works And Shipyard,1300,25/10/2011,"96,121M³ (Grain)",14,ClassNK,Cedar Valley S.A.,229,32.24,20.2,14.598,44372,83494,Man B&W 6S60Mc-C Diesel X 1 Unit,"10,740kW"
KEY INTEGRITY,Bulk Carrier,Sanoyas Hishino Meisho Corp.,1289,02/06/2011,"96,121M³ (Grain)",14,ABS,James Cook Seatrade B.V.,229,32.24,20.2,14.598,44428,83375,Man B&W 6S60Mc-C Diesel X 1 Unit,"10,740kW"
KM TOKYO,Panamax Bulk Carrier,Sanoyas Hishino Meisho Corp.,1302,19/03/2010,"96,121M
 (Grain)",14,ClassNK,"Southern Route Maritime, S.A.",229,32.24,20.2,14.598,44349,83483,Man B&W 6S60Mc-C Diesel,"10,740kW"
KM YOKOHAMA,Panamax Bulk Carrier,Sanoyas Hishino Meisho Corp.,Panama,,"96,121M³",14,ClassNK,Mi-Das Line S.A.,229,32.24,20.2,16,44366,83480,Man B&W 6S60Mc-C Diesel X 1 Unit,"10,740kW"
SPRING AEOLIAN,Panamax Bulk Carrier,Sanoyas Shipbuilding Corporation,1321,11/01/2012,"96,078M³ (Grain)",14,ClassNK,Primavera Monatana S.A.,229,32.24,20.2,14.598,44366,83478,Man B&W 6S60Mc-C Diesel X 1 Unit,"10,740kW"
TORM SALTHOLM,Bulk Carrier,Sanoyas Hishino Meisho Corporation,1271,28/05/2008,"96,152M3 (Grain)",14,ClassNK,Solar Oceania Corp.,229,32.24,20.2,14.555,44146,83685,Man B&W 6S60Mc-C Diesel,"10,740kW"
YASA H.MULLA,Panamax Bulk Carrier,Sanoyas Hishino Meisho Corp.,Turkey,05/10/2011,"96,121M³ (Grain)",14,ClassNK,Ya-Sa Shipping Industry And Trading S.A.,229,32.24,20.2,14.598,44367,83482,Man B&W 6S60Mc-C Diesel,"10,740kW"
DEFENDER,Bulk Carrier,"Tsuneishi Shipbuilding Co., Ltd.",,29/05/2023,,14,ClassNK,Marshall Islands,229,32.26,20.15,,44000,82400,Man B&W 7G50Me-C9.6-Egrbp,
"KAMSARMAX 82,400DWT Bulk Carrier",Bulk Carrier,"Tsuneishi Shipbuilding Co., Ltd.",1625,20/10/2023,,14,ClassNK,Marshall Islands,229,32.26,20.15,,44000,82400,Man B&W 7G50Me-C9.6-Egrbp Diesel X 1 Unit,
Q SUE,Bulk Carrier,"Sasebo Heavy Industries Co., Ltd.",,,,14,ABS,Quintana Shipping Ltd. Of Greece,229,38,19.1,13.49,47003,84943,Mitsui B&W 6S60Me-C8.2 Diesel,
CEMTEX HUNTER,Bulk Carrier,"Oshima Shipbuilding Co., Ltd.",10753,31/10/2014,,14,Cr/Nk,Republic Of China,228.41,36.5,19.89,12.028,46935,85066,Mitsui-Man B&W 6S60Me-C8.2 Diesel X 1 Unit,
SOUTHERN ACE,"4,300,000 Cubic Feet-Type Woodchip Carrier","Oshima Shipbuilding Co., Ltd.","49,877",25/02/2021,,14,ClassNK,Fj Corporation,209.96,37,22.8,11.523,,60222,Ihi Du-Wingd 6Rt-Flex50-D Diesel X 1 Unit,"7,480kW at 95.0rpm"
FEDERAL YUKINA,Bulk Carrier,"Oshima Shipbuilding Co., Ltd.",10581,,,14,DNV,"Salter Shipping, S.A.",199.98,28,23.762,14.85,20465,35868,Kawasaki Man B&W 6S46Mc-C Diesel,
AFRICAN LORIKEET,Bulk Carrier,"Imabari Shipbuilding Co., Ltd.",,12/06/2024,,14,ClassNK,,199.98,32.24,19.3,,36278,63425,6S50Me-C9.7 Diesel,
ASIAN MAJESTY,Bulk Carrier,"Oshima Shipbuilding Co., Ltd.",10804,28/11/2016,,14,,U-Ming Marine Transport (Singapore) Private Limited,199.98,32.26,19,13.359,35336,62466,Mitsui-Man B&W 6S50Me-B9.5 Diesel,
FEDERAL BEAUFORT,Box Laker,"Oshima Shipbuilding Co., Ltd.",,04/06/2015,"41,651M³",14,DNV,,199.98,23.762,14.85,10.83,34564,,Kawasaki Man B&W 5S50Me-B9.3,
FEDERAL SATSUKI,Bulk Carrier,"Oshima Shipbuilding Co., Ltd.",10582,24/05/2012,,14,DNV,Federal Oceans Ltd.,199.98,23.762,14.85,10.849,20465,35885,Kawasaki Man B&W 6S46Mc-C7 Diesel X 1 Unit,
IVS NARUO,Ultramax Bulk Carrier,Japan Marine United Corporation (Jmu),,01/12/2014,,14,ClassNK,Sun Harbor S.A.,198,32.26,18.6,12.9,34349,60317,Wartsila 6Rt-Flex50-D,
STH NEW YORK,Ultramax Bulk Carrier,Japan Marine United Corporation (Jmu),,23/10/2015,,14,ClassNK,,198,32.26,18.6,12.9,60000,,Wartsila 6Rt-Flex50-D Diesel X 1 Unit,
ABILITY,Bulk Carrier,"Shin Kurushima Dockyard Co., Ltd.",S-6111,15/07/2021,,14,ClassNK,Sun Advance Shiping S.A.,196.5,32.26,19.4,,36757,64523,Mitsui-Man B&W 6S50Me-C9.6-Egrbp Diesel X 1 Unit,
ARIES KARIN,Bulk Carrier,"Shin Kurushima Dockyard Co., Ltd.",S-6082,16/02/2021,,14,ClassNK,Panama,196.5,32.26,19.4,,36762,64229,Panamanian Owner,Mitsui-MAN B&W 6S50ME-C9.6-EGRBP diesel x 1 unit
PAVO BRAVE,Bulk Carrier,"Shin Kurushima Dockyard Co., Ltd.",S-6085,25/03/2021,,14,ClassNK,Panama,196.5,32.26,19.4,,36762,64247,Panamanian Owner,Mitsui-MAN B&W 6S50ME-C9.6-EGRBP diesel
FEDERAL POWER,Bulk Carrier,,11012,22/09/2022,,14,ClassNK,Malta,182.998,32.26,15,10.542,25831,42692,Mitsui-Man B&W 5S50Me-C9.7-Egrbp Diesel X 1 Unit,
FEDERAL PRIDE,Bulk Carrier,"Oshima Shipbuilding Co., Ltd.",11018,21/04/2023,,14,ClassNK,"Ambitious Line, S.A.",182.998,32.26,15,10.542,25863,42686,Mitsui-Man B&W 5S50Me-C9.7-Egrbp Diesel,
CAPE SPENCER,Bulk Carrier,"Imabari Shipbuilding Co., Ltd.",,06/11/2023,,14,ClassNK,,182.93,31,15,,25006,35187,96Uec42Lsh-Eco-D3 Diesel X 1 Unit,
KEN CITRUS,Bulk Carrier,,1 Unit,17/01/2025,,14,ClassNK,"Imabari Shipbuilding Co., Ltd.",182.93,31,15,,40087,25253,6Uec42Lsh-Eco-D3 Diesel,
DARYA GOMTI,"40,000Dwt Type Log/Bulk Carrier","The Hakodate Dock Co., Ltd.",908,25/02/2022,,14,ClassNK,Marshall Islands,182.9,31.6,14.8,10.37,24472,40037,Man B&W 6S46Me-B8.5-Hpscr Diesel X 1 Unit,
DARYA RAPTI,Log/Bulk Carrier,"The Hakodate Dock Co., Ltd.",910,27/05/2022,,14,ClassNK,Marshall Islands,182.9,31.6,14.8,10.37,24472,40058,Man B&W 6S46Me-B8.5-Hpscr Diesel X 1 Unit,
ARIES SAKURA,Bulk Carrier,"Shin Kurushima Toyohashi Shipbuilding Co., Ltd.",Panama,30/06/2020,,14,ClassNK,,182.87,31,14.7,,25012,39870,Panamanian Owner,Makita 6S46ME-B8.5-HPSCR diesel x 1 unit
ASTORIA HARMONY,Bulk Carrier,,Panama,,,14,ClassNK,,182.87,31,14.5,,24300,38500,6S46Me-B8.5 Diesel X 1 Unit,
SOFIA,Bulk Carrier,"Toyohashi Shipbuilding Co., Ltd.",,27/03/2025,,14,ClassNK,Marshall Islands,180,32.2,15.03,,41521,25837,Makita 6C45Me-C9.7-Hpscr,
KANSU,Bulk Carrier,"Oshima Shipbuilding Co., Ltd.",10898,19/02/2021,,14,DNV,The China Navigation Company Pte. Ltd.,179.99,30,14.63,10.34,22360,37440,Mitsui-Man B&W 5S50Me-C8.5 Diesel X 1 Unit,
ULTRA VILLARRICA,Bulk Carrier,"Oshima Shipbuilding Co., Ltd.",10741,05/06/2014,,14,ClassNK,Ultrabulk Shipholding (Singapore) Pte. Ltd.,179.99,30,14.63,10.329,22469,37429,Kawasaki Man B&W 5S50Me-C8.2 Diesel X 1 Unit,
UNI HORIZON,Bulk Carrier,"Oshima Shipbuilding Co., Ltd.",10878,28/06/2018,,14,ClassNK,Yamasa Shipholding Victoria S.A.,179.99,30,14.63,10.339,22734,36861,Kawasaki-Man B&W 5S50Me-C8.5 Diesel,
UNI SUNSHINE,Bulk Carrier,,Hong Kong,24/04/2018,,14,,Yamasa Shipholding Unicorn S.A.,179.99,30,14.63,10.339,22734,10877,Kawasaki-Man B&W 5S50Me-C8.5 Diesel X 1 Unit,
ATLANTIC HALO,Bulk Carrier,"Oshima Shipbuilding Co., Ltd.",11026,26/04/2024,,14,ClassNK,"Osaka Shipping Co., Ltd./ Golden Helm Shipping Co., S.A.",179.98,32.26,15.2,10.734,25704,42070,Mitsui-Man B&W 5S50Me-C9.7-Egrbp Diesel,
BENJAMIN CONFIDENCE,Bulk Carrier,,877,,,14,,,179.97,30,14.05,9.822,21502,34898,Man B&W 6S46Me-B8.3 Diesel,
BERGE SHARI,Bulk Carrier,"The Hakodate Dock Co., Ltd.",,16/09/2016,,14,DNV,Berge Shari Company Inc.,179.97,30,14.05,9.8,874,34534,Isle Of Man,
SINLAU BULKER,Bulk Carrier,Admiral Logistics Corporation,902,,,14,ClassNK,,179.97,30,14.05,9.822,21574,34485,Man B&W 6S46Me-B8.5 Diesel X 1 Unit,
FIORA TOPIC,General Cargo Ship,,Lrs,08/07/2015,,14,,Albro Navigation Company Inc.,179.96,30,14.05,9.8,34356,,Man B&W 6S46Me-B8.3 Diesel,
XING NING HAI,Bulk Carrier,,,,,14,ClassNK,Xingning Shipping Limited,179.96,30,14.05,9.8,21532,34443,Man B&W 6S46Me-B8.3 Diesel X 1 Unit,
YOCHOW,High Bulk 34E Type Bulk Carrier,"Namura Shipbuilding Co., Ltd.",,28/04/2015,,14,ClassNK,Grand Famous Shipping Limited,179.96,30,14.05,9.8,21538,34398,Man B&W 6S46Me-B8.3 Diesel X 1 Unit,
REGINA ISLAND,Open Hatch Bulk Carrier,"Shin Kurushima Toyohashi Shipbuilding Co., Ltd.",Panama,27/04/2022,,14,ClassNK,,179.95,31,14.7,,25012,39940,Mitsui 6S46Me-B8.5-Hpscr Diesel X 1 Unit,
AFRICAN KESTREL,Log & Cargo Ship,,Bahamas,17/01/2018,,14,ClassNK,,179.9,30,15,10.527,23224,37787,6Uec45Lse-Eco-B2 Diesel,
KANDA LOGGER,Log/Bulk Carrier,"Kanda Shipbuilding Co., Ltd.",,28/04/2016,,14,,Not Specified,179.9,30,15,10.772,37613,,6Uec45Lse-Eco-B2 Diesel,
SEASTAR HAWK,Bulk Carrier,"The Hakodate Dock Co., Ltd.",911,19/08/2022,,14,ClassNK,Panama,179.9,31.6,14.8,10.37,24439,40355,Man B&W 6S46Me-B8.5-Hpscr Diesel X 1 Unit,
"LNG fueled 49,000DWT-type chemical tanker design",Imo Type 2&3 Chemical Tanker,"Shin Kurushima Dockyard Co., Ltd.",,,,14,,,179.4,32.26,19.5,13.3,33100,49000,,
NEW ACACIA,Bulk Carrier,"Oshima Shipbuilding Co., Ltd.",11091,30/07/2024,,14,ABS,"New Acacia Marine Co., Ltd.",175.6,30,15.33,,23774,39415,Japan Engine 6Uec42Lsh-Eco-D4-Egr Diesel (Derating) X 1 Unit,
ENSEMBLE,Chemical Tanker,,Panama,,,14,,Mol Chemical Tankers Pte. Ltd.,172,27.4,16.3,,35058,,B&W6S46Me-B8.3 Diesel X 1 Unit,
KING RICE,Bulk Carrier,"I-S Shipyard Co., Ltd.",,29/10/2012,,14,,,169.5,27.2,13.6,9.8,17070,28000,Hitachi-Man B&W 6S42Mc (Mark 6) Diesel,"5,850kW x 129rpm"
Patriarch,Bulk Carrier,"The Hakodate Dock Co., Ltd.",785,,,14,ClassNK,Crusade Shipping Ltd.,168,29.4,13.5,10,19795,31842,Mitsubishi 6Uec52La Diesel X 1 Unit,
HALCON TRADER,Oils/Chemical Tanker,,,15/01/2016,,14,BV,"Ratu Shipping Co., S.A.",149.93,24.6,13.2,10.167,13061,22421,,
MTM PENANG,Chemical Tanker,"Shin Kurushima Dockyard Co., Ltd.",5822,20/02/2015,,14,ClassNK,Singapore,143.02,24.6,13.2,10.1,13122,22413,Kobe Diesel 6Uec45Lse-1 Diesel X 1 Unit,
KAHYASI,Lpg Tanker,,Singapore,10/06/2015,,14,BV,Kahyasi Shipping Pte. Ltd.,119.92,20.6,9.6,6.815,8130,,Hitachi Man B&W 6S35Me-B9.3C Diesel,
PACIFIC LEADER,Platform Supply Vessel (Psv),Maizuru Shipyard,,25/04/2014,,14,DNV,Swire Pacific Offshore Operation (Pte) Ltd,97.29,20,9,,5179,5258,Man 6L27/38,"1,980kW"
LOYAL UNION,Bulk Carrier,"The Hakodate Dock Co., Ltd.",11.655M,,,14,ClassNK,Sarpen Maritime Co.,,32,20,16.55,830,27729,Mitsubishi 6Uec50Lse Diesel X 1 Unit,
Parat,Bulk Carrier,"The Hakodate Dock Co., Ltd.",786,,,14,ClassNK,Crusade Shipping Ltd.,,29.4,20,13.5,19795,31829,Mitsubishi 6Uec52La Diesel X 1 Unit,
MAPLE HARVEST,Bulk Carrier,Shin Kurushima Dockyard,S-6113,30/11/2021,,14,ClassNK,Panama,,32.26,19.4,,36757,64282,Panamanian Owner,Mitsu-MAN B&W 6S50ME-C9.6-EGRBP diesel x 1 unit
PAVO BREEZE,Bulk Carrier,Shin Kurushima Dockyard,S-6168,19/05/2023,,14,ClassNK,Panama,,32.26,19.4,,36760,64263,Panamanian Owner,Mitsui-MAN B&W 6S50ME-C9.6-EGRBP diesel
DANAE,Open Hatch Bulk Carrier,"Shin Kurusima Kochijyuko Co., Ltd.",Panama,08/09/2022,,14,ClassNK,,,31,14.7,,25012,40015,Makita-Mitsui-Man B&W 6S46Me-B8.5-Hpscr Diesel X 1 Unit,
OCEAN CLIO,Bulk Carrier,"Shinkurushima Toyohashi Shipbuilding Co., Ltd.",S-3745,26/01/2022,,14,ClassNK,Panama,,31,14.7,,25010,39996,Panamanian Owner,Mitsu-MAN B&W 6S46ME-B8.5-HPSCR diesel
Clipper Horizon,Bulk Carrier,"The Hakodate Dock Co., Ltd.",796,12/03/2004,,14,ABS,Colas Horizon Ltd.,,29.4,13.5,9.56,19730,32040,Mitsubishi 6Uec52La Diesel X 1 Unit,
YASA TEAM,Bulk Carrier,Sanoyas Hishino Meisho Corp.,1233,,"89,201M3",13.995,ClassNK,Clyde Maritime S. A.,225,32.26,19.3,14.5,38895,75621,Man B&W 7S50Mc-C Diesel X 1 Unit,"MCR: 12,200ps"
ATTIKI SB,Bulk Carrier,,Cyprus,12/06/2015,,13.95,ClassNK,Young Attiki Shipping Limited,198,32.26,18.6,,60900,,Du-Wartsila 6Rt-Flex50-D Diesel,
FJ DALIA,Bulk Carriers,"Shin Kurushima Dockyard Co., Ltd.",S6173,16/03/2023,,13.9,ClassNK,F.J. Lines Inc.,196.5,32.26,19.4,,36762,64273,Mitsui Man B&W 6S-50Me-C9.6-Egrbp Diesel X 1 Unit,
TASCO AMARIT,Asphalt Carrier,,5698,27/07/2012,,13.9,,Thai,104.98,19.6,11,,6106,7532,Makita-Man B&W6L35Mc6.1 Diesel X 1 Unit,"3,510kW x 203min⁻¹"
HSL HONOLULU,Bulk Carrier,"Shin Kurushima Dockyard Co., Ltd.",S6172,18/01/2023,,13.9,ClassNK,Wealth Line Inc.,,32.26,19.4,,36762,64241,Mitsui Man B&W 6S50Me-C9.6-Egrbp Diesel,
SAKIGAKE,Ammonia-Fueled Tugboat,"Keihin Dock Co., Ltd.",,23/08/2024,,13.8,,,278,37.2,10.2,4.4,,,"Ihi Power Systems Co., Ltd.'S 4,400-Horsepower Niigata Diesel 6L28Adf",
MEDI KYOTO,Post-Panamax Bulk Carrier,Sanoyas Shipbuilding Corporation,1351,21/09/2018,"105,486M³",13.8,ClassNK,Panama,235,38,19.4,13.527,49401,89499,Manb&W 6S60Me-C8.2 Diesel,
NORD AMAZON,"64,000Dwt Type Bulk Carrier","Oshima Shipbuilding Co., Ltd.","36,256",22/07/2020,,13.8,ClassNK,,199.95,32.26,19.28,13.542,81238,64499,Dampskibsselskabet Norden A/S,Mitsui-MAN B&W 6S50ME-C9.6 x 1 unit
CAPE HAYATE,"Lng Dual-Fuel 210,000Dwt Bulk Carrier",Japan Marine United Corporation (Jmu),,30/05/2024,,13.7,ClassNK,,299.9,50,25,18.436,110439,210870,"Kawasaki Kisen Kaisha, Ltd.",WinGD 7X62DF-2.1 diesel
C.S. COSMOS,Bulk Carrier,"Caribstar Shipping, S.A.",1 Unit,19/11/2024,,13.7,ClassNK,,174,32,14.8,,25200,40000,J-Eng 6Uec42Lsh-Eco-D4-Egr Diesel,
Kirana Tritya,Product Tanker,Naikai Zosen Corporation,682,,"24,568.4M3",13.7,ClassNK,Kirana Tanker Pte. Ltd.,160,27.9,11.2,7,13203,18774,Hitachi Zosen B&W 7S35Mc (Mk6) Diesel X 1 Unit,"4,900kw x 170-1"
CAPE GANNET,Bulk Carrier,"Imabari Shipbuilding Co., Ltd.",,11/10/2024,,13.65,ClassNK,,291.96,45,24.7,,94321,182027,7S60Me-C10.6 Diesel X 1 Unit,
BELLE CONFIDENCE,Bulk Carrier,,Portugal,,,13.6,ClassNK,"The Hakodate Dock Co., Ltd.",182.94,31.6,14.8,,40381,922,J-Eng 6Uec42Lsh-Eco-D3-Egr,
BUNUN VICTORY,"40,000Dwt Type Bulk Carrier","The Hakodate Dock Co., Ltd.",915,,,13.6,ClassNK,Panama,182.94,31.6,14.8,10.37,24472,40074,J-Eng 6Uec42Lsh-Eco-D3-Egr Engine X 1 Unit,
CATHERINE,"40,000Dwt-Type Bulk Carrier","The Hakodate Dock Co., Ltd.",921,23/04/2024,,13.6,ClassNK,Marshall Islands,182.94,31.6,14.8,10.37,24427,40544,J-Eng 6Uec42Lsh-Eco-D3-Egr,
CENTURION BUYO,Bulk Carrier,"The Hakodate Dock Co., Ltd.",S920,10/12/2024,,13.6,ClassNK,Liberia,182.94,31.6,14.8,10.37,24441,40503,J-Eng 6Uec42Lsh-Eco-D3-Egr,
CENTURION GORYO,Bulk Carrier,"The Hakodate Dock Co., Ltd.",919,,,13.6,ClassNK,Liberia,182.94,31.6,14.8,,40541,40000,J-Eng 6Uec42Lsh-Eco-D3-Egr,
DEJIMA CONFIDENCE,"40,000 Dwt Type Bulk Carrier","The Hakodate Dock Co., Ltd.",Portugal,15/05/2025,,13.6,ClassNK,,182.94,31.6,14.8,10.37,40426,,J-Eng 6Uec42Lsh-Eco-D3-Egr,
FRANBO BRAVE,Bulk Carrier,"Hakodate Dock Co., Ltd.",917,28/06/2024,,13.6,ClassNK,Marshall Islands,182.94,31.6,14.8,10.37,24496,40090,J-Eng 6Uec42Lsh-Eco-D3-Egr Diesel,
FRANBO BRAVO,"40,000Dwt-Type Bulk Carrier",,1 Unit,27/09/2024,,13.6,ClassNK,"The Hakodate Dock Co., Ltd.",182.94,31.6,14.8,10.37,24496,40099,J-Eng 6Uec42Lsh-Eco-D3-Egr Diesel,
TSUNOMINE BULKER,"40,000 Dwt Type Bulk Carrier","The Hakodate Dock Co., Ltd.",924,18/07/2025,,13.6,ClassNK,Panama,182.94,31.6,14.8,10.37,24440,40550,J-Eng 6Uec42Lsh-Eco-D3-Egr,
TAHO OCEANIA,Cement Carrier,"Shin Kurushima Dockyard Co., Ltd.",S-6018,05/09/2019,,13.6,ClassNK,Ta-Ho Maritime Corporation,157,26,14.8,,16572,23547,B&W6S40Me-B9.5 Diesel X 1 Unit,
NANASHIMA,Passenger/Car Ferry,,2.90M,28/02/2018,494 Passengers,13.5,JG,,55.13,13,9.1,2.9,765,346,Daihatsu 6Dem-23 Diesel X 2 Units,"1,235kW x 750/235min-1"
UMIAK I,Ice-Breaking Bulk Carrier,Universal Shipbuilding Corporation,10003,,,13.5,DNV,Fednav Limited,188.8,26.6,18,15.7,22462,31992,Man B&W 7S70Me-C Diesel,
AMBORELLA,Ore Carrier,Naikai Zosen Corporation,Panama,08/09/2017,,13.5,ClassNK,Nissho Shipping Panama Inc.,160.8,26,14,9.88,16774,27402,Hitachi Man B&W 6S42Mc7.1 Diesel X 1 Unit,
ARAUcaria,"27,000Dwt Open Bulker",,Panama,08/06/2018,"20,800M³",13.5,,Naikai Zosen Corporation,160.8,26,14,9.88,16774,,Hitachi Man B&W 6S42Mc-7.1 Diesel X 1 Unit,"4,165kW"
KIRANA QUARTTA,Tanker (Product Carrier),Naikai Zosen Corporation,701,,"24,400M3",13.5,ClassNK,Kirana Tanker Pte. Ltd.,160,31,27.9,11.2,13202,19000,Hitachi Man B&W 7S35Mc (Mk Vi) Diesel X 1 Unit,
KIRANA SANTYA,Black And White Petroleum Product Tanker,Naikai Zosen Corporation,Panama,28/02/2013,"About 23,900M³",13.5,,,160,27.9,11.2,7.124,19000,,Hitachi-Man B&W 7S35Mc7.1 Diesel,"4,900kW x 170min-1"
KIRANA SAPTA,Oil Product Tanker,Naikai Zosen Corporation,,21/01/2016,"23,900M³",13.5,,,160,27.9,11.2,7.13,13222,19000,Hitachi-Man B&W 7S35Mc7.1,"4,900kW"
KIRANA HASTA,Product Tanker,Naikai Zosen Corporation,Singapore,26/12/2018,"23,265M³",13.5,ClassNK,Apricot Maritime S.A.,157.98,27.9,11.2,7.2,18890,,Hitachi Man B&W 7S35Mc7.1 Diesel X 1 Unit,
NiigataMax,Chemical Tanker,"Niigata Shipbuilding & Repair, Inc.",2008,,,13.5,ABS,,119.2,20,11.65,,7350,11500,Makita-Mitsui Man B&W 7L35Mc Diesel,"4,550kW"
EPIC BALUAN,Lpg Carrier,"Sasaki Shipbuilding Co., Ltd.",694,10/01/2017,"7,521M³ Lpg",13.5,,Epic Baluan Pte. Ltd.,113.08,19,9.1,6.8,6200,7182,Hitachi Man B&W 6S35Mc-6.1 Diesel,
EPIC BONAIRE,Lpg Carrier,,Singapore,,,13.5,,,113.08,19,9.1,6.8,693,7182,Hitachi Man B&W 5L35Mc-6.1 Diesel,
EPIC BORINQUEN,Lpg Carrier,"Sasaki Shipbuilding Co., Ltd.",691,29/02/2016,,13.5,BV,Not Specified,113.08,19,9.1,6.8,6220,7182,Hitachi Man B&W 5L35Mc Mk6.1,"2,750kW"
TASCO NIRAND,Asphalt Carrier,"Alpha Maritime Co., Ltd.",,06/08/2014,,13.5,ClassNK,"Bangkok, Thai",104.22,17,8.8,5.773,4225,4485,Makita B&W 4L35Mc6.1 Diesel,"2,450kW"
Seiryu Maru,Trailing Suction Hopper Dredger/Oil Recovery Vessel,"Mitsubishi Heavy Industries, Ltd. (Mhi)",,,"Hopper Capacity: 1,700M3, Recovered Oil Storage Tank: 1,500M3",13.5,,"Ministry Of Land, Infrastructure And Transport (Mlit)",104,17.4,7.5,5.6,4792,,Two Diesel Engines,
BBC MERCURY,Bulk Carrier,"Onomichi Dockyard Co., Ltd./Saiki Heavy Industries Co., Ltd.",790,07/09/2023,,13.5,ClassNK,Briese Schiffahrts Gmbh & Co. Kg,,32,14.8,,24748,39500,Man B&W 6G45Me-C9.7-Hpscr Diesel X 1 Unit,
STELLA,"5,000M³-Type Lpg Carrier",,1622,31/07/2024,,13.5,ClassNK,Marshall Islands,,17.6,8,,4800,4600,Man B&W 6S30Me-B9.5-Hpscr Diesel,
KIRANA NAWA,Black Product Tanker,Naikai Zosen Corporation,Singapore,,,13.4,ClassNK,Regulus Leasing Pte. Ltd.,157.98,27.9,11.2,7.26,13136,,Hitachi-Man B&W 7S35Mc7.1 Diesel,"4,900kW"
SOC GLORY,Bulk Carrier,,Panama,26/03/2018,,13.4,ClassNK,,137.03,23,11.4,,9995,16201,Man B&W 6S35Mc7.1 Diesel,
ECO INVICTUS,Lpg Carrier,"Sasaki Shipbuilding Co., Ltd.",S686,22/09/2014,,13.4,BV,Kaizen Industries Ltd.,99.98,17.2,7.8,6.1,4294,4923,Kawasaki-Man B&W 5L35Mc6 Diesel,
MORNING EMMA,Lpg Carrier,,703,,,13.4,BV,"Trio Happiness, S.A.",99.98,17.2,7.8,6.1,4301,4983,Makita-Mitsui-Man B&W 5L35Mc6 Diesel X 1 Unit,
MORNING HOPE,Lpg Carrier,"Sasaki Shipbuilding Co., Ltd.",712,31/05/2021,,13.4,ClassNK,"Trio Happiness, S.A.",99.98,17.2,7.8,6.1,4301,4978,Makita-Man B&W 5L35Mc6 Diesel X 1 Unit,"2,750kW at 178rpm"
PLUMERIA CORAL,Lpg Carrier,"Sasaki Shipbuilding Co., Ltd.",1 Unit,30/04/2016,,13.4,,Coral Canal S.A.,99.98,17.2,7.8,6.1,4289,5016,Hanshin Diesel Man B&W 5L35Mc Diesel,
MORNING KATE,Pressurised-Type Lpg Carrier,,720,,,13.4,BV,Panama,,17.7,7.8,,4551,5274,Makita-Mitsui Man B&W 5L35Mc6 X 1 Unit,"2,200kW x 178 min⁻¹"
PEARL NAOMI,Bunker Tanker,"Niigata Shipbuilding & Repair, Inc.",,,,13.33,,Consort Bunkers Pte. Ltd.,119.02,21,10.1,7.5,7120,11652.09,Niigata Diesel Engines X 2 Units,
SUNNY DREAM,Chemical Tanker,"Shin Kurushima Dockyard Co., Ltd. (Skd)",5572,,,13.3,ClassNK,"Asahi Tanker Co., Ltd. And Solar Shipping And Trading S.A.",124.03,19.6,11.5,8.278,7771,12222,B&W 6L35Mc (Mark6) Diesel X 1 Unit,
WINDS 3,General Cargo Ship,"Shin Kurushima Dockyard Co., Ltd.",S-5935,25/08/2016,,13.3,ClassNK,"Trio Happiness, S.A./Toda Ship Co., Ltd.",120.93,19.6,10.8,,11759,7341,Man B&W 6L35Mc6.1,
NORTH PIONEER,"Pressure Build-Up Type 2,500M3 Lng Carrier",Kawasaki Shipbuilding Corporation,1571,,"2,513 M3",13.3,ClassNK,"The Japan Railway Construction, Transport And Technology Agency And Japan Liquefied Gas Transport Co., Ltd.",89.2,15.3,7.2,4.3,2006,3056,Akasaka A38S Marine Diesel,"2,206kW x 250rpm (MCR)"
YAMATAI,Module Carrier,"Mitsubishi Heavy Industries, Ltd. (Mhi)",,,"3,000 Tons X 2 Units",13.25,ClassNK,"Nyk-Hinode Line, Ltd.",162,38,9,,14538,,,
CRYSTAL LAVENDER,Lpg Carrier,"Sasaki Shipbuilding Co., Ltd.",705,30/08/2019,,13.2,BV,Kumiai Navigation (Pte) Ltd.,99.98,17.2,7.8,6.1,4324,4920,Daihatsu 6Dcm-32El Diesel X 1 Unit,"2,750kW x 750min⁻¹"
CRYSTAL VALERIAN,Lpg Carrier,"Sasaki Shipbuilding Co., Ltd.",707,28/02/2020,,13.2,BV,Kumiai Navigation (Pte) Ltd.,99.98,17.2,7.8,6.1,4324,4920,Daihatsu Diesel 6Dcm-32El,"2,750kW"
DONIAMBO,Open Bulk Carrier,"Naikai Zosen Corporation, Setoda Works",9.00M,,"30,321M3",13,ClassNK,Santa Gloria Navigation S. A.,161,28,26,14,702,28428,Hitachi Man B&W 7S35Mc (Mark7) Diesel X 1 Unit,"NCR: 4,410kW x 164min-1"
VALENTE VENUS,Open Bulk Carrier,Naikai Zosen Corporation,714,,"About 30,200M3",13,ClassNK,Floral Shipping Navigation S.A.,161,26,14,9,16992,28401,Hitachi Man B&W 7S35Mc (Mark 7) Diesel,"4,410 kW (5,985ps)"
SPAS TIGA,White Product Tanker,P.T. Scorpa Pranedya,Panama,30/09/2014,"23,900M³",13,ClassNK,,160,27.9,11.2,7.13,13221,19000,Hitachi-Man B&W 7S35Mc7.1 Diesel,"4,900kW x 170min¯¹"
GINGA LEOPARD,Chemical Tanker,"Shin Kurushima Dockyard Co., Ltd.",5471,,,13,ClassNK,Silver Sail (Panama) S.A.,159.98,26.8,15.5,14.2,16222,25982,6Uec52La Diesel X 1 Unit,
MIRAI,Coal Carrier,"Shin Kurushima Dockyard Co., Ltd.",S-6066,15/01/2021,,13,ClassNK,"Ns United Naiko Kaiun Kaisha, Ltd.",149.91,27.2,14.2,6.493,18419,15000,Akasaka 7Uec35Lse-Eco-B2 Diesel,
CRANE HARMONY,Chemical Tanker,"Niigata Shipbuilding & Repair, Inc.",11.65M,,,13,ABS,Grulla Oceano Inc.,119.22,20,19,13,7248,11705,Makita-Mitsui-Man B&W Diesel,"4,550kW x 210 min-ֿ¹"
MARKO MARULIC,Ocean-Going Lpg Carrier,"Sasaki Shipbuilding Co., Ltd.",Croatia,24/10/2022,"7,524M³ (3,750M³ X 2)",13,BV,,116.82,19,9.1,6.8,6515,7261,Hitachi-Man B&W 5S35Me-C9.7-Lgip Diesel,"3,000kW"
SINAR TORAJA,Pressurized Lpg Carrier,"Sasaki Shipbuilding Co., Ltd.",Singapore,27/06/2023,"7,500M³ Lpg",13,BV,,116.82,19,9.1,6.8,6530,7225,Hitachi-Man B&W 5S35Me-C9.7-Lgip Diesel,"3,000kW"
SUISO FRONTIER,Lh2 Carrier,"Kawasaki Heavy Industries, Ltd.",Japan,,"1,250M³",13,ClassNK,,116,19,10.6,4.5,8000,,,
KIZUNA 21,General Cargo Ship,"Sasaki Shipbuilding Co., Ltd.",714,17/12/2021,"11,195M³",13,ClassNK,"Konoike Transport Co., Ltd.",104.97,18.4,11.8,7.623,6267,8015,Hitachi-Man B&W 5L35Mc6.1 Diesel X 1 Unit,"2,750kW x 178rpm"
AKEBONO MARU,Lng Carrier,"Kawasaki Heavy Industries, Ltd.",1682,31/10/2011,"3,556M³ (-163°C, 100%)",13,ClassNK,"Shinwa Chemical Tanker Co., Ltd. Of Japan",99.37,17.2,7.8,4.6,2528,4505,Hanshin Diesel Lh46L Diesel X 1 Unit,"2,942kW x 200rpm"
OXALIS LOTUS,Product Tanker,"Shin Kurushima Dockyard Co., Ltd.",Singapore,14/05/2019,,12.9,ClassNK,Oxalis Shipping Co. Pte. Ltd.,106.5,19.2,9.9,,6016,7999,B&W6L35Mc6 Diesel X 1 Unit,
GREEN FAIRY,Bulk Carrier,,,,,12.85,ClassNK,Marshall Islands,130,23,12.3,,11361,16905,Makita-Mitsui-Man B&W6S35Mc7.1 Engine X 1 Unit,
Shinju Maru No. 1,Coastal Lng Carrier (Pressure Build-Up Type),Kawasaki Shipbuilding Corporation / Higaki Shipbuilding Co.,1529,,"2,513M3",12.7,ClassNK,"Corporation For Advanced Transport And Technology And Shinwa Chemical Tanker Kaisha, Ltd.",86.29,15.1,7,4.171,2936,1781,Hanshin Diesel Lh36La Diesel X 1 Unit,"1,912kW x 270rpm"
MADRE ANTONIA,Refrigerated Cargo Ship,,Panama,02/07/2024,,12.5,ClassNK,,126,12.4,8.1,,2157,1438,Akasaka Diesel Ax34Afd Diesel,
SUNNY RAINBOW,Oil/Chemical Tanker,,Liberia,29/01/2018,,12.5,ABS,,125.25,20,11.5,8.25,8081,12355,Hitachi Man B&W 6L35Mc6.1 Diesel,"3,300kW"
GYOKO MARU,Cement Carrier,"Shin Kurushima Dockyard Co., Ltd.",S-5845,28/10/2014,,12.5,ClassNK,"Japan Railway Construction, Transport And Technology Agency, Tofuku Kisen Kaisha, Ltd., And Taiheiyo Enkai Kisen Kaisha, Ltd.",114.53,19,9.5,7.313,5882,8883,Hanshin Kawasaki-Man B&W 5L35Mc6 Diesel,"3,250kW"
SASANQUA,Lpg Carrier,"Sasaki Shipbuilding Co., Ltd.",711,19/03/2021,,12.5,BV,"Shintoku Panama, S.A.",95.99,15,6.8,5.01,3216,3208,Hitachi-Man B&W 5L35Mc6.1 Diesel X 1 Unit,"2,200kW x 178min⁻¹"
SULPHUR GLORY II,Molten Sulphur Carrier,"Sasaki Shipbuilding Co., Ltd.",701,24/07/2018,,12.5,BV,Dt Chemical S.A.,89.5,14.5,6.9,5.03,2812,2999,Daihatsu Diesel 6Dem-28L Diesel,
PRINCESA GUAYARMINA,Refrigerated Cargo Ship,,Panama,,,12.5,ClassNK,,,12.4,8.1,,2156,1446,Akasaka Diesels Ax34-Afd Diesel,
TAIAN NO.2,Oil Tanker,"Sasaki Shipbuilding Co., Ltd.",708,21/04/2020,,12.48,CR,"Ta Tong Marine Co., Ltd.",79.92,12,6.3,5.1,1599,2489,Daihatsu 6Dem-23L Diesel X 1 Unit,"1,471kW x 900rpm"
COSMIC POLARIS,Cargo Ship,"Shin Kurushima Dockyard Co., Ltd./Shin Kochi Jyuko Co., Ltd.",S-5923,27/01/2017,,12.45,ClassNK,Panama,114,21.2,14.05,9.1,9929,13568,B&W 6S35Mc7.1 Diesel X 1 Unit,
CHIKYU,Deep-Sea Drilling Vessel,"Mitsubishi Heavy Industries, Ltd. (Mhi)",9.2M,,Max. Complement: 150,12,ClassNK,Japan Agency For Marine-Earth Science And Technology (Jamstec),210,38,29,16.2,57087,,"35,000Kw",
ARIETTA,General Cargo Ship,"Shin Kurushima Hiroshima Dockyard Co., Ltd.",S-6226,23/07/2024,,12,ClassNK,Panama,114,21.2,14.05,9,9943,13465,Makita B&W 6S35Mc7.1 Diesel X 1,
KANGEI MARU,Whaling Mothership,Kyokuyo Shipyard Corporation,,29/03/2024,Whale Meet (40 20-Foot Reefer Containers) 100 Crewmembers,12,,,99.4,21,7.6,5.2,9299,,"Yanmar Power Technology Co., Ltd. 6Ey22Alw (Main Power Generator) & Taiyo Electric Co., Ltd. Ftw 630L-6 (Propulsion Motor)","1,370kW x 4 units (main power generator) & 1,450kW x 2 units (propulsion motor)"
SINAR MAUMERE,Chemical Tanker,"Sasaki Shipbuilding Co., Ltd.",709,20/07/2020,,12,BV,Pt. Samudera Energi Tangguh,95.32,14.6,7.2,5.745,2943,3986,Akasaka Ax33Bfd Diesel X 1 Unit,"1,618kW x 310rpm"
PACIFIC GRACKLE,Platform Supply Vessel,,Singapore,,,12,DNV,Swire Pacific Offshore Operations (Pte) Ltd,84.65,18,7.6,,3585,4089,"Yanmar 6Ey26Lw X 2 Units, Yanmar 6Ey18(A)Lw X 2 Units (Diesel Electric)",
SHINYO MARU,Training Vessel,"Mitsubishi Heavy Industries, Ltd. (Mhi)",,31/03/2016,,12,JG,Not Specified,64.55,12.1,7,4.5,1193,986,Electric Motor 800Kw X 2 Units,
TENYO MARU,Fishery Exploration And Training Ship,,,31/10/2017,"28 Crew Members, 8 Instructors/Researchers, 50 Undergraduates",12,,Japan Fishery Research And Education Agency,58,11.9,6.98,4.45,1354,,"La34Rg (1,700Kw) X 1 Unit",
SHIOJI MARU,Training And Research Ship,Japan Marine United Corporation,3.5M,13/10/2021,,12,,Tokyo University Of Marine Science And Technology,54,11.1,6.5,6,775,,"1,250Kw",
GLANZ CORAL,General Cargo Ship,,Panama,,,12,ClassNK,,114,21.2,14.05,,9943,13542,Makita-Mitsui-Man B&W6S35Mc7.1 Diesel,
EXCOOL,Liquefied Co2 (Lco2)-Cum-Lpg Carrier,"Mitsubishi Shipbuilding Co., Ltd.",,27/11/2023,"Approx. 1,450M³",12,,"Japan'S New Energy And Industrial Technology Development Organization (Nedo) And Sanyu Kisen Co., Ltd.",,12.5,5.5,4.6,996,,Akasaka Diesel Ax33B Diesel,
BLUE WIND,Jack-Up Vessel (Juv),Japan Marine United Corporation (Jmu),,31/01/2023,,11,ClassNK,Shimizu Corporation,142,50,11,,23539,,,
ALCANTARA SANTOS,Trailing Hopper Dredger,"Mitsubishi Heavy Industries, Ltd. (Kobe Shipyard)",,27/06/2007,"1,000M3",10.9,BV,Emodraga E.P.,68.68,14,4.7,4,1259,1705,Yanmar 6N21A-Sv Diesel X 2 Units,
MIMOSA AFRICANA,Chip Carrier,Sanoyas Hishino Meisho Corporation,1236,,"111,471M3 (Grain)",10.518,ClassNK,Cygnet Bulk Carrier S. A.,203.5,37.2,21.6,20,45011,52001,Man B&W 6S50Mc-C Diesel,"12,400ps"
NEW TAIWAN FUEL,Oil Bunker Tanker,"Taiwan Fuel & Energy Supply Co., Ltd.",,,,10.5,CR,Republic Of China,63,12,5,,1441,725,"Ihi 6L22Hx (1,029Kw X 2Sets)",
ECO WILDFIRE II,Open Hatch Cargo Ship,,Panama,,,10.026,ClassNK,Apex Glory Shipping Corporation,179.9,28.4,14.25,14,21265,33190,Man B&W 6S46Mc-C8.2 Diesel X 1 Unit,
e-Oshima,Battery-Driven Ferryboat,"Oshima Shipbuilding Co., Ltd.",2.60M,,"50 Persons, One Bus, And Four Cars",10,JG,"Japan (Saikai City, Nagasaki Pref.)",35,9.6,3.8,2.6,,,,
MAHOROBA,Passenger Ship,"Setouchi Craft Co., Ltd.",1.10M,09/12/2024,150 People,10,,Electric Propulsion Motor,29.3,8,2.5,1.1,,,"226Kw X 1,800Min-1 X 2 Units",
guntû,Cruising Ship,"Tsuneishi Shipbuilding Co., Ltd.",,,Water-Cooled Three-Phase Induction Motors X 2 Units,10,JG,"Setouchi Cruise, Inc.",81.2,13.75,4.4,2.4,3013,,,
NANAURA MARU,Passenger/Car Ferry,Naikai Zosen Corporation,2.65M,09/09/2016,"460 People With 6 Cars, 800 People Without Cars",9,JG,Jr Miyajima Ferry Co. Ltd,38.15,10,3.87,2.65,,,Yanmar 6Ey22Aw Geared Diesel,
SEA ODYSSEY,Chip Carrier,Sanoyas Hishino Meisho Corporation,1237,,"111,471M3 (3,936,587Ft3) (Grain)",7,ClassNK,Cygnet Bulk Carrier S. A.,203.5,37.2,21.6,10.518,45011,51976,Man B&W 6S50Mc-C Diesel X 1 Unit,"12,400ps"
ONE INFINITY,"24,000Teu-Type Container Carrier","Imabari Shipbuilding Co., Ltd.",1 Unit,12/07/2023,"24,000Teu",,DNV,,399.95,61.4,33.2,,,,9G95Me-C10.6 Diesel,
ONE INNOVATION,"24,000Teu Container Ship",Japan Marine United Corporation,,02/06/2023,"24,136Teus Of Containers",,,"Shoei Kisen Kaisha, Ltd.",399.95,61.4,33.2,16.5,,,Man-B&W 9G95Me-C10.6 Diesel,
ONE INSPIRATION,Containership,Japan Marine United Corporation (Jmu),,06/12/2023,"24,000Teu",,DNV,,399.95,61.4,33.2,16.5,,,Man-B&W 9G95Me-C10.6 Diesel X 1 Unit,
NYK BLUE JAY,Mega Container Ship,Japan Marine United Corporation,,22/02/2016,"14,000Teus (Including 1,120 Reefers)",,ClassNK,Not Specified,364.15,50.6,29.5,15.75,144285,139335,Diesel United Wartsila W9X82,
"Kawasaki 160,000m³ Liquefied Hydrogen Carrier Design",Liquefied Hydrogen Carrier,"Kawasaki Heavy Industries, Ltd.",,,"160,000M³",,ClassNK,,346,57,9.5,,,,,
BRIGHT CREST,Vlcc,"Mitsui E&S Shipbuilding Co., Ltd. (Mes-S)",1936,11/09/2019,,,ClassNK,,339.5,60,28.5,,160047,312501,Mitsui-Man B&W 7G80Me-C9.5 Diesel X 1 Unit,
ENEOS EARTH,Crude Oil Tanker,Jmu (Japan Marine United Corporation),,27/12/2018,,,ClassNK,Elm Maritime S.A.,339.5,60,28.5,21.085,160723,312175,Wingd W7X82 Diesel X 1 Unit,
ENSHU MARU,Lng Transport Vessel,"Kawasaki Heavy Industries, Ltd.",1720,,"165,257M³",,ClassNK,,339.5,60,28.5,,159625,312424,"Kawasaki Kisen Kaisha, Ltd. (""K"" Line) And Tokyo Century Corporation",Mitsui-MAN B&W 7G80ME-C9.5 diesel
APOLLO ENERGY,Vlcc,"Namura Shipbuilding Co., Ltd.",Panama,,,,ClassNK,Katori Naviera S.A.,338.95,60,21.05,,159984,,,
TENRYU,Vlcc,"Namura Shipbuilding Co., Ltd.",Liberia,23/07/2019,,,ClassNK,"Kyoei Tanker Co., Ltd.",338.95,60,21.05,,160008,312611,,
FUJISAN MARU,Vlcc,"Namura Shipbuilding Co., Ltd.",Japan,23/03/2020,,,ClassNK,"Iino Kaiun Kaisha, Ltd.",338.92,60,21.05,,160106,312499,,
HIKOSAN,Vlcc,"Namura Shipbuilding Co., Ltd.",Panama,16/04/2021,,,ClassNK,Hexagon Transort Inc.,338.92,60,21.05,,160469,312189,,
MAERSK EL BOSQUE,Container Ship,,,,,,ClassNK,Republic Of Panama,335,51,27.1,,127814,5454,Mitsui-Man-B&W 7G95Me-C10.5-Egrtc,
HELSINKI BRIDGE,Container Carrier,Ihi Marine United Inc.,3287,27/04/2012,"8,600Teus",,ClassNK,Daisy Ship Holding S.A.,334.55,45.6,24.4,,97000,97000,Man B&W 9K98Me Mark Vi Diesel X 1 Unit,"51,480kW"
LIBRA TRADER,Double Hull Vlcc,"Mitsui Engineering & Shipbuilding Co., Ltd. (Mes)",1757,,"354,689M3",,ClassNK,Legend Transport Inc.,333,60,30,28.8,160149,310339,Mitsui-Man B&W 7S80Mc-C Diesel X 1 Unit,"27,160kW x 76rpm"
FPMC C JADE,Vlcc,Ihi Marine United Inc.,3250,15/07/2010,,,ABS,Fpmc Jade Marine Corp.,333,60,29,,159869,302000,Du-Wartsila 7Rta84Tb Diesel X 1 Unit,"27,160kW x 74.0rpm"
FPMC C KNIGHT,Double-Hull Vlcc,Ihi Marine United Inc.,15.70Kt,,,,ABS,,333,60,29,25,159869,302000,Du-Wartsila 7Rta84Tb Diesel X 1 Unit,"27,160kW x 74.0rpm"
SETAGAWA,Vlcc,Ihi Marine United Inc.,3247,,,,ClassNK,"Kobe, Japan",333,60,29,3,159936,299998,Kawasaki Kisen Kaisha (K Line),DU-WARTSILA 7RTA84TB diesel x 1 unit
Altair Trader,Malaccamax Vlcc,"Mitsui Engineering & Shipbuilding Co., Ltd.",1600,,"354,275M3",,ClassNK,Fortitude Shipping Navigation S. A. Of Panama,333,60,28.8,20.338,160216,299985,Mitsui-Man B&W 7S80Mc-C Diesel X 1 Unit,"27,160kW"
KASAGISAN,Vlcc (Mitsui Malacca Doublemax),"Mitsui Engineering & Shipbuilding Co., Ltd. (Chiba Works)",1645,,"Cargo Tank Capacity (100%): 354,689M3; Complement: 30",,ClassNK,Moltank S. A.,333,60,28.8,20.466,160216,302478,Mitsui-Man B&W 7S80Mc-C Diesel X 1 Unit,"27,160kW x 76rpm"
KAZUSA,Double Hull Vlcc,"Mitsui Engineering & Shipbuilding Co., Ltd. (Mes) At Its Chiba Works",1742,21/05/2010,"354,689M³",,ClassNK,"Sammy Shipping Corporation, Liberia",333,60,28.8,,160151,310406,Mitsui-Man B&W 7S80Mc-C Diesel X 1 Unit,"27,160kW x 76rpm"
YUFUSAN,Dh Vlcc,"Mitsui Engineering & Shipbuilding Co., Ltd.",1601,,"354,689M3",,ClassNK,Infinity Shipping Navigation S. A. Of Panama,333,60,28.8,20.9,160216,311389,Mitsui-Man B&W 7S80Mc-C Diesel X 1 Unit,"27,160KW x 76rpm"
TAKAOKA,Vlcc,Ihi Marine United Inc.,3316,,,,ClassNK,Rebun Shipping Pte. Ltd.,333,60,28.5,22,158051,310000,Du-Wartsila 7Rt-Flex84T-D Diesel,"27,160kW x 70.1rpm"
NYK ADONIS,Container Vessel,Ihi Marine United Inc.,3278,,"9,300 Teus",,ClassNK,Assam Shipholdings S.A.,332.15,45.2,30,26.8,105644,89700,Du-Wartsila 11Rt-Flex96C Diesel,"58,400kW x 99.5rpm"
PARNASSOS,Vlcc,Japan Marine United Corporation,Bahamas,23/01/2025,,,ABS,,330,60,29.35,21.58,5199,157208,Man B&W 6G80Me-C10.5-Hpscr,
IRON SOUTHERN CROSS,Vloc,"Namura Shipbuilding Co., Ltd.","132,587",09/01/2015,,,ClassNK,Republic Of Liberia,329.95,57,25.1,18,250000,250993,Man B&W 7S80Mc-C (Mark 7),
WOZMAX type GF,Lng Fuelled Ore Carrier,"Namura Shipbuilding Co., Ltd.",,,"About 4,000M³ X 2 Units",,,,329.9,57,25.6,,250000,,Man B&W 6G80Me-C9.5-Gi X 1 Unit,
MOL COMPETENCE,Container Ship,"Mitsubishi Heavy Industries, Ltd.",2233,27/06/2008,"8,110Teus",,ClassNK,Mol Euro-Orient Shipping S.A.,316,45.6,25,14.5,86692,90613,Mitsubishi Sulzer 11Rt-Flex 96C Diesel X 1 Unit,"62,920 kW x 102 min-1"
"LNG-fueled 9,000TEU containership",Containership,"Kawasaki Heavy Industries, Ltd.",,,"9,000Teu",,DNV,,308,48.4,14.5,,,,"Electronically Controlled, Dual-Fuel, Low-Speed Diesel Engine",
AIDAprima,Cruise Ship,Mitsubishi Heavy Industries,,14/03/2016,"3,300 Passengers",,,Aida Cruises,300,37.6,12,8,125000,,,
TEN-OH,Hydrogen Dual-Fuel Tugboat,"Tsuneishi Shipbuilding Co., Ltd.",,15/10/2025,,,,,300,38,9.6,4.2,,,,
AIDAperla,Cruise Ship,"Mitsubishi Heavy Industries, Ltd. (Mhi)",,27/04/2017,"12Mw X 3 Units, 10.8Mw X 1 Unit",,,,300,37.6,8,,125000,3300,,
SANTA ISABEL,Newcastlemax Type Bulk Carrier,"Namura Shipbuilding Co., Ltd.",Panama,24/01/2020,,,ClassNK,"Compania Flor De Vapores, S.A.",299.97,50,18.3,,109872,208072,Man B&W 6G70Me-C9.5 Diesel,
ORANGE PHOENIX,Bulk Carrier,"Saijyo Shipyard, Imabari Shipbuilding Co., Ltd.",,02/08/2014,,,,,299.94,50,36,24.7,3000,206600,,
Imabari,Bulker,"Imabari Shipbuilding Co., Ltd. (Saijo Shipyard)",,02/08/2014,,,,,299.94,50,24.7,,206600,,"Mitsui O.S.K. Lines, Ltd.",
SG SUNRISE,Lng-Fueled Bulk Carrier,"Namura Shipbuilding Co., Ltd.",Japan,25/03/2025,,,ClassNK,,299.92,50,18.6,,112097,211474,Man B&W 6G70Me-C10.5-Gi-Egrbp,
Sayaringo STaGE,Lng Carrier,"Mitsubishi Heavy Industries, Ltd. (Mhi)",,,,,,,297.5,48.94,27,11.5,180000,,,
CASTILLO DE MERIDA,Lng Carrier,"Imabari Shipbulding Co., Ltd.",,27/03/2018,"178,000M³",,,Me-Gi Engines,296.98,48.7,27,,8177,,,
BISHU MARU,Lng Carrier,,,26/12/2017,"165,109M³",,ClassNK,,293,48.9,27,12.2,127088,83752,"Kawasaki Kisen Kaisha, Ltd. (""K"" Line)",Kawasaki URA-400 reheating-type steam-turbine engine
NIGHTSKY,Bulk Carrier,"Namura Shipbuilding Co., Ltd.",Bahamas,19/11/2019,,,ClassNK,Laurel World Maritime S.A.,291.99,45,18.2,,93458,183017,Man B&W 6G70Me-C9.5 Diesel X 1 Unit,
AGIS,Dunkirkmax-Type Bulk Carrier,"Namura Shipbuilding Co., Ltd.",Cyprus,13/09/2023,,,ClassNK,,291.92,45,18.2,,93721,182334,Man B&W 7G60Me-C10.5-Egrbp Engine X 1 Unit,
AQUAJOY,Dunkirkmax-Type Bulk Carrier,"Namura Shipbuilding Co., Ltd.",Panama,17/03/2023,,,ClassNK,,291.92,45,18.2,,93719,182082,Man B&W 6G70Me-C9.5-Egrbp,
AWAJISAN MARU,Dunkirkmax Type Bulk Carrier,"Namura Shipbuilding Co., Ltd.",Panama,14/10/2021,,,ClassNK,"Mto Maritime, S.A.",291.92,45,18.2,,93719,181994,Man B&W 6G70Me-C9.5 Diesel X 1 Unit,
BO MAY,Dunkirkmax-Type Bulk Carrier,"Namura Shipbuilding Co., Ltd.",Liberia,29/03/2024,,,ABS,,291.92,45,18.2,,93555,182317,Man B&W 7G60Me-C10.5-Egrbp,
CAPE CORMORANT,Dunkirkmax-Type Bulk Carrier,"Namura Shipbuilding Co., Ltd.",Liberia,19/10/2022,,,ClassNK,,291.92,45,18.2,,93719,182109,Man B&W 6G70Me-C9.5-Egrbp Diesel,
FIRST ETERNITY,Bulk Carrier,"Namura Shipbuilding Co., Ltd.",,20/05/2022,,,ClassNK,Marshall Islands,291.92,45,18.2,,93721,182067,Man B&W 6G70Me-C9.5-Egrbp Diesel X 1 Unit,
FLORIDA,Bulk Carrier,"Namura Shipbuilding Co., Ltd.",,29/03/2022,,,ClassNK,Marshall Islands,291.92,45,18.2,,93719,182063,Man B&W 6G70Me-C9.5-Egrbp Diesel X 1 Unit,
GINA OLDENDORFF,Dunkirkmax-Type Bulk Carrier,"Namura Shipbuilding Co., Ltd.",Liberia,10/02/2023,,,ClassNK,,291.92,45,18.2,,93718,182126,Man B&W 6G70Me-C9.5-Egrbp Diesel X 1 Unit,
GLOBAL FUTURE,Dunkirkmax-Type Bulk Carrier,"Namura Shipbuilding Co., Ltd.",Panama,26/06/2025,,,ClassNK,,291.92,45,18.2,,94783,182613,Man B&W 7S60Me-C10.6-Egrbp,
HENG MAY,Dunkirkmax-Type Bulk Carrier,"Namura Shipbuilding Co., Ltd.",Liberia,01/03/2024,,,ABS,,291.92,45,18.2,,93555,182268,Man B&W 7G60Me-C10.5-Egrbp,
OCEAN ASIA,Dunkirkmax Type Bulk Carrier,"Namura Shipbuilding Co., Ltd.",Hong Kong,13/09/2022,,,ClassNK,Not Specified,291.92,45,18.2,,93721,182090,Man B&W 6G70Me-C9.5-Egrbp Diesel X 1 Unit,
WORLD SEAFARER,Dunkirkmax-Type Bulk Carrier,"Namura Shipbuilding Co., Ltd.",,07/07/2023,,,ClassNK,Marshall Islands,291.92,45,18.2,,93719,182344,Man B&W 7G60Me-C10.5-Egrbp Diesel,
Cape Future,Bulk Carrier,"Kawasaki Heavy Industries, Ltd. (Khi), Sakaide Works",Hn: 1512,05/07/2002,"205,722M3 (Cargo Hold Capacity)",,ClassNK,Cape Future Shipping S. A.,290,47,24.4,17.95,92993,185820,Kawasaki-Man B&W 6S70Mc (Mk Vi) Diesel X 1 Unit,"16,860kW x 91rpm"
Hull No. 1681,Lng Carrier,"Mitsui Engineering & Shipbuilding Co., Ltd.",,,"About 145,000M3",,,,289.5,49,26.5,12.3,1681,2004,"Ice Gas Lng Shipping (Joint Venture Company By Mitsui-Osk, Kawasaki And Primorsk Shipping)",
MERCURY MOON,"158,000Dwt Type Crude Oil Tanker",Japan Marine United Corporation,5185,11/09/2025,,,LR,Liberia,274.3,48,23.15,,83500,158258,Mitsui Man-B&W 7S60Me-C10.6-Egrbp,
SANHA LPG FPSO,Liquefied Petroleum Gas Floating Production Storage And Offloading Unit,"Kure Shipyard, Ihi Marine United Inc.",1063,,"135,000M3 Lpg Storage In Total",,,Single Buoy Moorings Inc (Sbm),260,45,24,13.2,111246,93000,Steam Turbine Generators And Diesel Generators,
KAIMON MARU,Aframax Tanker,Japan Marine United Corporation (Jmu),Panama,01/01/2013,"142,000M³",,,,246.8,44.4,22,,3335,120000,Du-Wartsila 6Rta58T-D Diesel,"12,210kW x 94.5rpm"
TTM HOPE,Bulk Carrier (Handycape Type),Sanoyas Shipbuilding Corporation,1309,,"135,717M3",,ClassNK,,245,43,21.65,15.404,64642,119496,Man B&W 6S60Mc-C Diesel,"13,560kW"
PACIFIC FANTASY,"115,577Dwt Crude Oil Tanker","Sasebo Heavy Industries Co., Ltd. (Ssk)",749,,"126,606M3",,ABS,,243.8,42,21.5,15.62,59164,115577,Mitsui B&W 6S60Mc-C Diesel X 1 Unit,"11,700kW x 95.0 min-1"
Esteem Splendour,Crude Oil Tanker (Aframax Tanker),"Ariake Shipyard, Universal Shipbuilding Corp. (Usc)",Lrs,,,,,"Lepta Shipping Co., Ltd",243,42,20.7,14.73,56300,105930,Sulzer 7Rta58T Diesel X 1 Unit,"MCO: 14,000 kW x 103 min-1"
SORYU MARU,"88,000Dwt-Type Post-Panamax Bulk Carrier","Shin Kurushima Sanoyas Shipbuilding Co., Ltd.",1388,29/05/2024,"104,779M³",,ClassNK,,235,38,19.4,13.523,49566,88248,,
ENERGIA AZALEA,Bulk Carrier,"Namura Shipbuilding Co., Ltd.",,14/06/2022,,,ClassNK,Republic Of Liberia,234.92,43,13.58,,58773,99965,Man B&W 6S60Me-C10.5-Egrbp Diesel X 1 Unit,
GALAXY RIVER,Lpg Carrier,"Kawasaki Heavy Industries, Ltd.",1710,27/06/2014,"82,391M³",,ClassNK,Galaxy River Shipping S.A.,230,37.2,21,11.2,46885,54081,Kawasaki-Man B&W 7S60Me-C8.2 Diesel X 1 Unit,
AQUAMARINE PROGRESS II,Lpg-Powered Very Large Lpg/Nh3 Gas Carrier (Vlgc),"Namura Shipbuilding Co., Ltd.",Singapore,26/04/2024,"87,119.300M³",,ClassNK,,230,36.6,12,,50849,,Man B&W 6G60Me-C10.5-Lgip-Egrbp Diesel,
PHOENIX HARMONIA,Lpg/Ammonia Carrier,"Namura Shipbuilding Co., Ltd.",Panama,29/09/2023,"87,000M³",,ClassNK,,230,36.6,12,,,,Man B&W 6G60Me-C10.5-Lgip-Egrbp Diesel X 1 Unit,
DURHAM,"84,000M

³ Lpg Carrier","Kawasaki Heavy Industries, Ltd.",1745,29/01/2021,"84,278M³",,ClassNK,"Fair Wind Navigation, S.A.",229.9,37.2,21.9,11.54,49231,55408,Kawasaki Man 7S60Me-C10.5 Diesel X 1 Unit,
GAS PLANET,Lpg Carrier,"Kawasaki Heavy Industries, Ltd.",1743,16/10/2020,"84,178M³",,ClassNK,"Lepta Shipping Co., Ltd.",229.9,37.2,21.9,11.54,49231,55432,Kawasaki-Man B&W 7S60Me-C10.5 Diesel,
GENESIS RIVER,Lpg Carrier,"Kawasaki Heavy Industries, Ltd.",1736,20/11/2018,"82,418M³",,ABS,Panama,229.9,37.2,21,11.2,46794,54149,"Kawasaki Kisen Kaisha, Ltd.",Kawasaki-MAN B&W 7S60ME-C8.2 diesel
NS DREAM,Lpg Carrier,"Kawasaki Heavy Industries, Ltd.",1739,28/06/2019,"82,388M³",,ClassNK,Astomos Energy Corporation,229.9,37.2,21,11.2,47236,54052,Kawasaki-Man B&W 7S60Me-C8.2 Diesel X 1 Unit,
NS FRONTIER,Lpg Carrier,"Kawasaki Heavy Industries, Ltd.",Panama,30/11/2016,"82,402M³",,ClassNK,,229.9,37.2,21,11.2,1730,46885,Kawasaki-Man B&W 7S60Me-C8.2 Diesel,
PHOENIX GAIA,Lpg Carrier,"Kawasaki Heavy Industries, Ltd.",1742,16/01/2020,"82,416M³",,ClassNK,Phoenix Tankers Pte. Ltd.,229.9,37.2,21,11.2,47231,53928,Kawasaki-Man B&W 7S60Me-C8.2 Diesel Engine,
PYXIS PIONEER,Lpg Carrier,"Kawasaki Heavy Industries, Ltd.",Singapore,23/04/2019,"82,391M³",,,Kumiai Navigation (Pte) Ltd.,229.9,37.2,21,11.2,47236,1737,Kawasaki-Man B&W 7S60Me-C8.2 Diesel,
SUMIRE GAS,Lpg Carrier,"Kawasaki Heavy Industries, Ltd.",1721,30/03/2016,"82,200M³",,ABS,Not Specified,229.9,37.2,21,11.2,46796,54243,Kawasaki-Man B&W 7S60Me-C8.2,
BALOS,Panamax Bulk Carrier,,,22/05/2018,"96,597M³ (Grain)",,,The Bahamas,229,32.24,20.2,14.668,43380,1356,Man B&W 6S60Me-C8.2 Diesel X 1 Unit,"8,740kW"
PERSISTENCE DIVA,Bulk Carrier,"Tsuneishi Shipbuilding Co., Ltd.",,28/07/2022,"103,500M³",,,,229,36,20,14.45,47000,88900,,
ISHIZUCHI II,"85,000Dwt-Type Bulk Carrier","Namura Shipbuilding Co., Ltd.",Liberia,22/05/2020,,,ClassNK,Erica Navigation S.A.,229,38,13.49,,47109,84927,Man B&W 6S60Me-C8.2 Diesel X 1 Unit,
SAIKAI MARU II,"84,000Dwt Type Bulk Carrier","Namura Shipbuilding Co., Ltd.",Panama,02/06/2021,,,ClassNK,Wealth Line Inc.,229,38,13.49,,47141,84121,J-Eng 6Uec60Lse-Eco-A2 Diesel X 1 Unit,
SMIRNI,"82,000Dwt Bulk Carrier","Sasebo Heavy Industries Co., Ltd.",,27/08/2020,,,ClassNK,Vrontados S.A.,228.9,32.26,20.2,14.5,44487,81834,,
NORD DRACO,Bulk Carrier,"Imabari Shipbuilding Co., Ltd.",,02/12/2014,,,,E.K. Line S.A.,228.9,35,19.9,,84000,,,
ULTRA PUMA,Bulk Carrier,"Tsuneishi Shipbuilding Co., Ltd.",1550,26/08/2016,,,,Majuro,225.1,32.26,20,14.4,81855,43028,Man-B&W 6S60Me-C8.2,
DIAMOND STREAM,Panamax Bulk Carrier,"Sasebo Heavy Industries Co., Ltd.",729,,"90,900M3",,ClassNK,Wealth Line Inc.,225,32.2,19.8,12.2,40042,76741,Man B&W 7S50Mc-C Diesel X 1 Unit,"9,230kW x 106.0rpm"
Lowlands Ghent,Bulk Carrier,"Sasebo Heavy Industries Co., Ltd.",711,06/07/2004,,,KR,White Rose Marine S. A.,225,32.2,19.8,12.2,40014,76801,Mitsui B&W 7S50Mc-C X 1 Unit,"MCR: 9,230kW x 106rpm"
Ikan Bilis,Panamax Bulker,Sanoyas Hishino Meisho,1217,18/05/2004,"89,250M3 (Grain)",,ClassNK,Mi-Das Line S. A.,225,32.26,19.3,13.994,38871,75729,Man B&W 7S50Mc-C Diesel X 1 Unit,"12,200ps"
PRO GRACE,Wood Chip Carrier,Sanoyas Hishino Meisho Corp.,1255,19/07/2007,"115,686M3",,ClassNK,Forester Shipping S.A.,203.5,37.2,22.3,10.818,46543,53896,Man B&W 6S50Mc-C Diesel X 1 Unit,"12,400ps"
TESS64 AEROLINE,Bulk Carrier,"Tsuneishi Shipbuilding Co., Ltd.",,,"79,000M³",,,,200,32.26,18.6,13.3,63700,,Man B&W 6S50Me-B9.3,
Ultramax 2030,Bulk Carrier,"Oshima Shipbuilding Co., Ltd.",,,"79,000M³",,DNV,,200,32.26,13.3,,62000,,2S Option: Man B&W 6G50Megi X 1 Set; 4S Option: Wartsila 12V31Df X 1 Set,
ARIES LEADER,Pure Car Carrier (Pcc),"Shin Kurushima Dockyard Co., Ltd. At Onishi Shipyard",5795,27/05/2014,"7,000 Cars",,,Nippon Yusen Kaisha (Nyk),199.98,37.7,35.8,,69931,18808,,
PRINCE OF NATURE,Woodchip Carrier,"Onomichi Dockyard Co., Ltd.",776,,,,ClassNK,"Tokai Shipping Co., Ltd.",199.9,32.2,22.8,,,49899,J-Eng 6Uec50Lsh-Eco-C2-Egr Diesel X 1 Unit,6630kW x 93.8min-1
ZAGORI,Bulk Carrier,"Shin Kasado Dockyard Co., Ltd./Imabari Shipbulding Co., Ltd.",,29/08/2019,,,,,199.9,32.24,19.15,,63000,,,
JEWEL OF DUBAI,Bulk Carrier,Ihi Marine United Inc.,3301,,,,ClassNK,Sun Cordia Marine S.A.,190,32.26,31,18.1,31600,55800,Du-Wartsila 6Rt-Flex50 X 1 Unit,"8,890kW"
DST QUEEN,Bulk Carrier,Ihi Marine United Inc.,3319,,,,ClassNK,Bright Islands Corporation,190,32.26,18.1,7,31540,55848,Du-Wartsila 6Rt-Flex50 X 1 Unit,"8,890kW x 116.0rpm"
ETERNAL TRIUMPH,Handymax Bulk Carrier,Clio Marine Inc.,3331,25/09/2012,,,ClassNK,,190,32.26,18.1,,31600,55800,Du-Wartsila 6Rt-Flex50 X 1 Unit,"8,890kW x 116.0rpm"
KURE HARBOUR,Handymax Bulk Carrier,Ihi Marine United Inc.,3320,09/11/2011,,,ClassNK,"Kyowa Sansyo Co., Ltd.",190,32.26,18.1,,31600,55800,Du-Wartsila 6Rt-Flex50 X 1 Unit,"8,890kW x 116.0rpm"
SAN ANTONIO,Handymax Bulk Carrier,Ihi Marine United Inc. (Ihimu),3296,29/03/2012,,,ClassNK,Challenger Inc.,190,32.26,18.1,,31600,55800,Du-Wartsila 6Rt-Flex50 Diesel,"8,890kW x 116.0rpm"
TTM HARMONY,Bulk Carrier,Ihi Marine United Inc.,3291,31/05/2011,,,ClassNK,New Harmony Maritime S.A.,190,32.26,18.1,,31540,55873,Du-Wartsila 6Rt-Flex50 Diesel X 1 Unit,"8,890kW x 116.0rpm"
DUBAI GALACTIC,Bulk Carrier,"Oshima Shipbuilding Co., Ltd.",10450,,,,ClassNK,Galactic Maritime Inc.,189.99,32.26,17.62,12.48,30719,55418,Kawasaki Man B&W 6S50Mc-C Diesel X 1 Unit,"8,208kW at 110rpm"
HOUYU,Bulk Carrier,Kawasaki Shipbuilding Corporation,1627,29/07/2010,,,ClassNK,Tri-Ship S.A.,189.9,32.26,17.8,12.5,31000,55100,Kawasaki-Man B&W 6S50Mc-C7 Diesel X 1 Unit,"8,200kW x 110rpm"
Bulk Sirius,Bulk Carrier,Kawasaki Shipbuilding Corporation,1535,,,,ClassNK,Million Comets S. A.,189.9,32.26,16.9,11.9,27989,50344,Kawasaki-Man B&W 6S50Mc-C Diesel X 1 Unit,
Saffron,Bulk Carrier,Kawasaki Shipbuilding Corporation,1542,,,,ClassNK,Adoramar Shipping Inc.,189.8,32.26,16.9,11.9,28200,50000,Kawasaki Man B&W 6S50Mc-C Diesel X 1 Unit,"MCR: 8,090kW x 127rpm"
FERRY KITAKYUSHU II,Passenger/Car Ferry,"Mitsubishi Heavy Industries, Ltd. (Mhi)",Japan,27/11/2015,"146 Trucks, 105 Passenger Cars, 713 Passengers (Coasting Service), 38 Officers And Crew",,ClassNK,"Japan Railway Construction, Transport And Technology Agency And Meimon Taiyo Ferry Co., Ltd.",183,27,15.15,6.7,24000,,,
HOURAI MARU,Lpg Carrier,"Namura Shipbuilding Co., Ltd.",Unit,11/03/2019,"38,000M³",,ClassNK,Southern Pacific Holding Corporation,182.97,29.6,10.4,,28894,,Man B&W 6G50Me-B9.5 Diesel,
BUNUN UNICORN,Log/Bulk Carrier,"The Hakodate Dock Co., Ltd. (Hakodate)",Panama,08/06/2023,,,ClassNK,,182.94,31.6,14.8,10.37,24472,40045,,
CENTURION LUCILLA,"40,000Dwt Type Log/Bulk Carrier","The Hakodate Dock Co., Ltd.",,16/11/2021,,,ClassNK,Marshall Islands,182.94,31.6,14.8,10.37,24472,40054,,
GLOBAL YUQUOT,Log/Bulk Carrier,"The Hakodate Dock Co., Ltd. (Hakodate)",Panama,12/11/2020,,,ClassNK,Ocean Cross Lines Corp.,182.94,31.6,9.97,,24649,37928,,
BERGE PHAN XI PANG,Bulk Carrier,"Imabari Shipbuilding Co., Ltd.",,,,,,,180,29.8,15,,23300,37800,6S50Me-C8.2 Diesel X 1 Unit,
EAGLE EXPRESS,Product Tanker,"Shin Kurushima Dockyard Co., Ltd.",Hn: 5555,,,,,Venus Ocean Navigation S.A.,179.88,32.2,18.7,12.102,28051,45902,"Nkns* (Tanker, Oils-Flashpoint On And Below 60°C) (Esp) Mns*, Mc",Mitsubishi 6UEC60LA diesel x 1 unit
IS TRI-STAR,Bulker,,,,,,,,179.5,28.4,14.25,,33000,,,
Clipper Harvest,Log/Bulk Carrier,"The Hakodate Dock Co., Ltd.",795,,,,ABS,Colas Harvest Ltd. (Clipper Group),176.85,29.4,13.5,9.56,19730,32038,Mitsubishi 6Uec52La Diesel Engine,"6,620 kW (9,000ps) x 130rpm"
Azurite Ocean,Bulk Carrier,"The Hakodate Dock Co., Ltd.",790,,,,ClassNK,"Star Bulk Carrier Co., S.A. (Panama)",176.85,29.4,13.5,9.562,19762,32178,Mitsubishi 6Uec52La Diesel Engine,"6,620 kW (9,000 PS) x 130rpm"
ORIENT DREAM,Log/Bulk Carrier,"Hakodate Dock Co., Ltd.",828,,,,ClassNK,"Silver Star Ship Line, S.A.",175.53,29.4,13.7,9.64,19828,32162,Mitsubishi 6Uec45Lse Diesel X 1 Unit,"6,840kw(9,300PS) x 129r.p.m."
ZAO GALAXY,Chemical Tanker,"Shin Kurushima Dockyard Co., Ltd.",S-5717,19/06/2012,,,ClassNK,Marshall Island,159.03,27.1,14.2,10.025,16408,26198,6Uec45Lse Diesel X 1 Unit,
ORANGE 8,Ferry,,,,139 Trucks (9M Long Chassis),,,,150,25.6,13.21,5.516,2952,,"19,860Kw",
Ogasawara Maru,,,,,"1,031 Passengers",,,,131,40,17,,6679,,Diesel Engine (Propeller),
MAPUTI,Cargo Ship Of 'Tween Deck Type,"Onomichi Dockyard Co., Ltd.",779,06/09/2022,,,ClassNK,Not Specified,130,23.6,15.85,,13300,17500,J-Eng 6Uec35Lse-B2 Diesel X 1 Unit,"2,625kW x 111.8min⁻¹"
RINDO MARU,White Product Tanker,"Shin Kurushima Hashihama Dock Co., Ltd.",,21/10/2015,"6,350M³",,ClassNK,Uyeno Transtech Ltd.,104.9,16,8.3,,3900,,Makita-Mitsui-Man B&W 6L35Mc6.1 X 1 Unit,"3,900kW"
Kakumei Maru,Oil Tanker,"Hakata Shipbuilding Co., Ltd.",,,,,,"Tsurumi Sunmarine Co., Ltd.",104.1,16,8.2,,676,3486,Hanshin Diesel Works Ltd. Lh46La,"4,500 ps (3,309 kW)"
EPIC ST. CROIX,Lpg Carrier (Pressurized Type),"Sasaki Shipbuilding Co., Ltd.",685,24/04/2014,"5,015M³",,BV,Epic Gas Ltd. Of Singapore,99.98,17.2,7.8,6.1,4292,4996,Man 5L35Mc Diesel X 1 Unit,"2,750kW"
Limestone bulk carrier,Bulker,"Kawasaki Heavy Industries, Ltd. (Kawasaki)",,,,,DNV,,94,18.2,9.9,,2024,5549,Kawasaki L30Kg Gas Engine,
SHIMOKITA MARU,Lng-Fuelled Limestone Carrier,Tsuneishi Shipbuilding,,19/03/2024,,,,,93.8,18.2,9.9,8,5646,,,
AUGUST EXPLORER,Self-Propelled Versatile Workvessel,Sanoyas Shipbuilding Corporation,,31/08/2016,,,ClassNK,"Toyo Construction Co., Ltd.",89.9,27,5,3.95,4831,,Yanmar 6Ey26W,
KEYS Azalea,Lng Bunkering Vessel,"Mitsubishi Shipbuilding Co., Ltd.",4.8M,27/03/2024,"3,533M³",,,Japanese Government,82.4,18.2,7.8,6,1234,4744,"1,170Kw X 900Min¯¹ X 3 Units",
KAGUYA,Lng Bunkering Vessel,"Kawasaki Heavy Industries, Ltd.",,,"3,500M³",,,Central Lng Shipping Japan Corporation,81.7,18,7.8,4.8,1744,4044,,
