boat_name,vessel_type,builder,owner,hull_no,delivery_date,capacity,speed,classification,registry,dim_length_oa,dim_breadth,dim_depth,dim_draft,ton_gross_tonnage,ton_deadweight,engine_engine_model,engine_power_output,source_file
PLUMERIA LEADER,Car carrier,"Shin Kurushima Toyohashi Shipbuilding Co., Ltd.",Nippon Yusen Kabushiki Kaisha,S-6133,Mar-22,"7,150 units",18.0kt,ClassNK,null,199.96m,38.00m,35.54m,9.55m,"72,287","17,210t",DU - Win GD 8X52DF diesel x 1 unit,"11,920kW x 105min⁻¹",SEA-Japan-No-413.pdf
RUBINA,Bulk carrier,Japan Marine United Corporation,null,null,"April 7, 2022",null,14.5kt,ClassNK,null,229.0m,32.26m,20.20m,14.55m,"44,618","82,384t",MAN B&W 6S60ME-C8.5-EGRBP diesel x 1 unit,null,SEA-Japan-No-413.pdf
FLORIDA,Bulk carrier,"Namura Shipbuilding Co., Ltd.",null,null,"March 29, 2022",null,null,ClassNK,Marshall Islands,291.92m,45.0m,18.2m,null,"93,719","182,063t",MAN B&W 6G70ME-C9.5-EGRBP diesel x 1 unit,null,SEA-Japan-No-413.pdf
"Kawasaki 160,000m³ Liquefied Hydrogen Carrier Design",Liquefied hydrogen carrier,"Kawasaki Heavy Industries, Ltd.",null,null,null,"160,000m³",null,ClassNK,null,approx. 346m,approx. 57m,null,9.5m,null,null,null,null,SEA-Japan-No-413.pdf
Mitsubishi Ammonia/Liquefied CO2 Carrier Design,Ammonia/Liquefied CO2 Carrier,"Mitsubishi Shipbuilding Co., Ltd.",null,null,null,null,null,null,null,null,null,null,null,null,null,null,null,SEA-Japan-No-413.pdf
PM HAYABUSA II,Ultramax bulk carrier,"Shin Kurushima Sanoyas Shipbuilding Co., Ltd.",null,1379,"March 18, 2022","81,490m³ (grain)",about 14.3kt,ClassNK,null,199.99m,32.24m,19.22m,13.520m,"36,298","63,883t",null,null,SEA-Japan-No-413.pdf
FERRY TAKACHIHO,Passenger/car ferry,Naikai Zosen Corporation,"Miyazaki Car Ferry Co., Ltd.",null,"March 28, 2022","576 passengers, 81 automoobiles, 163 12m-long trucks, Two 8m-long trucks",about 23.1kt,JG,null,194.00m,27.60m,20.35m,6.70m,"14,006","5,983t",JFE-S.E.M.T. Pielstick 12PC2-6B diesels x 2 units,"8,570kW x 600/134.6min⁻¹ per unit",SEA-Japan-No-413.pdf
DARYA GOMTI,"40,000DWT type log/bulk carrier","The Hakodate Dock Co., Ltd.",null,908,"February 25, 2022",null,abt. 14.0kt,ClassNK,Marshall Islands,abt 182.90m,31.60m,14.80m,10.37m,"24,472","40,037t",MAN B&W 6S46ME-B8.5-HPSCR diesel x 1 unit,null,SEA-Japan-No-413.pdf
EVER OUTDO,"2,400TEU type container carrier","Imabari Shipbuilding Co., Ltd.",null,null,"May 26, 2022",null,20.0kt,ABS,null,194.90m,32.20m,17.00m,null,"27,025","33,512t",8S60ME-C10.5 diesel x 1 unit,null,SEA-Japan-No-413.pdf
FJ ROSSA,Bulk carrier,Japan Marine United Corporation,Wealth Line Inc.,5175,"April 8, 2022",null,15.05kt,ClassNK,Marshall Islands,292.00m,45.00m,24.55m,18.234m,"93,297","182,309t",MAN-B&W 7S65ME-C8.5-HPSCR diesel x 1 unit,null,SEA-Japan-No-413.pdf
CEMTEX EXCELLENCE,Bulk carrier,"Oshima Shipbuilding Co., Ltd.",U-Ming Marine Transport Corporation,11001,"March 14, 2022",null,14.30kt,CR/ClassNK,Republic of China,235.000m,40.000m,20.000m,14.441m,"54,244","99,990t",Mitsui MAN B&W 6G60ME-C10.5 diesel x 1 unit,null,SEA-Japan-No-413.pdf
DARYA RUCHI,Bulk carrier,"Tsuneishi Shipbuilding Co., Ltd.",Ruchi Shipping Limited,1613,"March 15, 2022",null,14.30kt,ClassNK,Marshall Islands,null,32.26m,20.15m,null,"43,672","82,557t",MAN B&W 6S60ME-C10.5 diesel x 1 unit,null,SEA-Japan-No-413.pdf
SUISO FRONTIER,LH2 Carrier,"Kawasaki Heavy Industries, Ltd.",CO2-free Hydrogen Energy Supply-chain Technology Research Association (HySTRA),null,null,"1,250m³",13.0kt,ClassNK,Japan,116.0m,19.0m,10.6m,4.5m,"8,000t",null,null,null,SEA-Japan-No.-411.pdf
EVER ZENITH,Panamax bulk carrier,"Shin Kurushima Sanoyas Shipbuilding Co., Ltd.",null,1378,"November 12, 2021","97,019m³",about 14.2kt (at C.S.O. with 15% sea margin),ClassNK,null,229.000m,32.240m,20.150m,14.594m,"43,453t","81,987t",null,null,SEA-Japan-No.-411.pdf
FJ CAMELIA,"J-Series 82,400DWT bulk carrier",Japan Marine United Corporation,null,null,"November 12, 2021",null,14.4kt,ClassNK,null,229.0m,32.26m,20.20m,14.55m,"44,318t","82,501t",MAN B&W 6S60ME-C8.5-EGRBP diesel x 1 unit,null,SEA-Japan-No.-411.pdf
CENTURION LUCILLA,"40,000DWT type log/bulk carrier","The Hakodate Dock Co., Ltd.",null,null,"November 16, 2021",null,null,ClassNK,Marshall Islands,182.94m,31.60m,14.80m,10.37m,"24,472t","40,054t",null,null,SEA-Japan-No.-411.pdf
KIZUNA 21,General cargo ship,"Sasaki Shipbuilding Co., Ltd.","Konoike Transport Co., Ltd.",714,"December 17, 2021","11,195m³",abt. 13.0kt,ClassNK,null,104.970m,18.400m,11.800m,7.623m,"6,267t","8,015t",Hitachi-MAN B&W 5L35MC6.1 diesel x 1 unit,"2,750kW x 178rpm",SEA-Japan-No.-411.pdf
LIN MIARAK,"100,000DWT type bulk carrier","Tadotsu Shipyard Co., Ltd./ Imabari Shipbulding Co., Ltd.",null,null,"November 18, 2021",null,14.0kt,ClassNK,null,249.99m,43.00m,18.70m,null,"57,963t","100,987t",6S60ME-C10.5 diesel x 1 unit,null,SEA-Japan-No.-411.pdf
KUROTAKISAN MARU III,Bulk carrier,"Oshima Shipbuilding Co., Ltd.","Caribstar Shipping, S.A.",10989,"December 2, 2021",null,14.00kt,ClassNK,Panama,234.960m,38.000m,20.050m,13.765m,"51,793t","89,999t",J-ENG 6UEC60LSE Eco-A2-EGR diesel x 1 unit,null,SEA-Japan-No.-411.pdf
PACIFIC KOHINOOR,Product/chemical tanker,"Onomichi Dockyard Co., Ltd.",Michiko Shipping Inc.,772,"November 10, 2021",null,abt. 15.1kt,ClassNK,Liberia,null,32.20m,19.05m,null,"29,513t","49,999t",MAN B&W 6S50ME-B9.5 diesel x 1 unit,null,SEA-Japan-No.-411.pdf
MAPLE HARVEST,Bulk carrier,Shin Kurushima Dockyard,Panamanian owner,S-6113,"November 30, 2021",null,14.0kt,ClassNK,Panama,null,32.26m,19.40m,null,"36,757t","64,282t",Mitsu-MAN B&W 6S50ME-C9.6-EGRBP diesel x 1 unit,null,SEA-Japan-No.-411.pdf
LOWLANDS SAGE,Bulk carrier,"Tsuneishi Shipbuilding Co., Ltd.",CLdN Cobelfret Pte. Ltd.,1608,"November 18, 2021",null,14.30kt,ClassNK,Singapore,null,32.26m,20.15m,null,"44,000t","82,300t",MAN B&W 6S60MEC-10.5 diesel x 1 unit,null,SEA-Japan-No.-411.pdf
TOWA MARU,crude oil tanker,Japan Marine United Corporation (JMU),,,"January 21, 2022",34 crew,15.45kt,ClassNK,Japan,339.50m,60.00m,28.50m,21.05m,"160,709","311,028t",WinGD W7X82 diesel,,SEA-Japan-No.-412.pdf
ETG HAYATE,Panamax bulk carrier,"Shin Kurushima Sanoyas Shipbuilding Co., Ltd.",,1380,"January 26, 2022","97,034m³ cargo",about 14.2kt,ABS,,229.00m,32.24m,20.15m,14.594m,"43,474","81,957t",,,SEA-Japan-No.-412.pdf
CRYSTAL TRINITY,LPG carrier,"Kawasaki Heavy Industries, Ltd.",Kumiai Navigation (Pte) Ltd.,1750,"January 26, 2022","84,222m³ cargo",Approx. 17.0kt,ClassNK,Singapore,229.90m,37.20m,21.90m,11.60m,"49,943","55,068t",Kawasaki-MAN B&W 7S60ME-C10.5-LGIP diesel,,SEA-Japan-No.-412.pdf
ASANAGI,Bulk carrier,"Imabari Shipbuilding Co., Ltd./Tadotsu Shipyard Co., Ltd.",,,"February 17, 2022",,14.5kt,ClassNK,,291.96m,45.00m,24.70m,,"93,972","182,162t",6S70ME-C10.5 diesel,,SEA-Japan-No.-412.pdf
GOLDEN KIKU,bulk carrier,Japan Marine United Corporation,Benefit Transport S.A.,,,25 crew,14.50kt,ClassNK,,229.00m,32.26m,20.20m,14.55m,"44,318","82,459t",MAN-B&W 6S60ME-C8.5-EGRBP diesel,,SEA-Japan-No.-412.pdf
THORNBURY,Crude oil carrier,"Sumitomo Heavy Industries Marine & Engineering Co., Ltd.",Lundquist Shipping Company Limited,1408,"January 26, 2022",,15.0kt,LR,Bahamas,,44.00m,21.80m,,"abt. 60,300","abt. 112,100t",Hitachi MAN B&W 6G60ME diesel,,SEA-Japan-No.-412.pdf
OCEAN CLIO,Bulk carrier,"Shinkurushima Toyohashi Shipbuilding Co., Ltd.",Panamanian owner,S-3745,"January 26, 2022",,14.0kt,ClassNK,Panama,,31.00m,14.70m,,"25,010","39,996t",Mitsu-MAN B&W 6S46ME-B8.5-HPSCR diesel,,SEA-Japan-No.-412.pdf
PRESTIGE DIVA,Bulk carrier,"Tsuneishi Shipbuilding Co., Ltd.","Comerge Shipping Co., Ltd.",1612,"January 27, 2022",,14.30kt,ClassNK,Panama,,32.26m,20.15m,,"44,000","82,300t",MAN B&W 6S60ME-C10.5 diesel,,SEA-Japan-No.-412.pdf
FIRST ETERNITY,Bulk carrier,"Namura Shipbuilding Co., Ltd.",null,null,"May 20, 2022",null,null,ClassNK,Marshall Islands,291.92m,45.0m,18.2m,null,"93,721","182,067t",MAN B&W 6G70ME-C9.5-EGRBP diesel x 1 unit,null,SEA-Japan-No.-414.pdf
ENEOS ENDEAVOR,Crude oil tanker,Japan Marine United Corporation,null,null,"June 17, 2022",null,15.5kt,ClassNK,Panama,339.5m,60.00m,28.50m,21.085m,"160,725","312,137t",WinGD W7X82 diesel x 1 unit,null,SEA-Japan-No.-414.pdf
VASSOS,Bulk carrier,"Shin Kurushima Sanoyas Shipbuilding Co., Ltd.",null,1381,"May 12, 2022","97,034m³ (grain)",about 14.2kt,ClassNK,null,229.00m,32.24m,20.15m,14.594m,"43,429","82,018t",null,null,SEA-Japan-No.-414.pdf
SUISO FRONTIER,Liquefied hydrogen carrier,"Kawasaki Heavy Industries, Ltd.",CO2-free Hydrogen Energy Supply-chain Technology Research Association (HySTRA),null,"December 3, 2021","1,253m³ (LH2 cargo tank)",13.0kt,null,null,109.0m (Lpp),19.0m,10.6m,4.5m,"7,849",null,Electric propulsion x 2 units,"1,360kW",SEA-Japan-No.-414.pdf
CENTURY HIGHWAY GREEN,Automobile carrier,"Tadotsu Shipyard Co., Ltd. of Imabari Shipbuilding Group","FC Lead Leasing Ltd., Mahonia Leasing Co., Ltd.",null,"March 12, 2021","Max. 7,080 units of automobiles (RT43)",18.0kt,null,null,192.00m (Lpp),37.20m,36.51m,9.718m,"73,515",null,MITSUI MAN B&W 8S50ME-C9.6-GI-EGRBP,null,SEA-Japan-No.-414.pdf
SHIOJI MARU,Training and research ship,Japan Marine United Corporation,Tokyo University of Marine Science and Technology,null,"October 13, 2021",null,12kt,null,null,54.0m (Lpp),11.1m,6.5m,3.5m,775,null,IHI prime-mover Model 6MG26HLX,"1,250kW",SEA-Japan-No.-414.pdf
REIMEI MARU,Passenger/car ferry,Naikai Zosen Corporation,"JRTT and Uwajima Unyu Co., Ltd.",null,"June 17, 2022","586 passengers, 28 automobiles, 38 8-tonner trucks",20.2kt,JG (Limited to coasting),Japan,121.41m,16.00m,10.60m,4.45m,"2,718",null,Daihatsu 6DKM-36e diesel x 2 units,"3,310kW x 2",SEA-Japan-No.-414.pdf
YM TRANQUILITY,"11,000TEU type container carrier","Imabari Shipbuilding Co.,Ltd.",null,null,"June 22, 2022","11,000TEU",23.0kt,LR,null,333.95m,48.40m,26.88m,null,"118,524","136,899t",9S90ME-C10.5 diesel x 1 unit,null,SEA-Japan-No.-414.pdf
NORD AQUARIUS,Bulk carrier,Japan Marine United Corporation,null,null,null,null,14.50kt,ClassNK,null,229.00m,32.26m,20.20m,14.55m,"44,618","82,375t",MAN-B&W 6S60ME-C8.5-EGRBP diesel x 1 unit,null,SEA-Japan-No.-414.pdf
DARYA RAPTI,Log/bulk carrier,"The Hakodate Dock Co., Ltd.",null,910,"May 27, 2022",null,about 14.0kt,ClassNK,Marshall Islands,about 182.90m,31.60m,14.80m,10.37m,"24,472","40,058t",MAN B&W 6S46ME-B8.5-HPSCR diesel x 1 unit,null,SEA-Japan-No.-414.pdf
TAI STRIDE,Bulk carrier,"Oshima Shipbuilding Co., Ltd.","Tai Shing Maritime Co., S.A.",11005,"May 17, 2022",null,14.50kt,BV/CR,Liberia,199.95m,32.26m,19.28m,13.542m,"36,173","64,539t",Mitsui-MAN B&W 6S50ME-C9.6-EGRBP diesel x 1 unit,null,SEA-Japan-No.-414.pdf
REGINA ISLAND,Open hatch bulk carrier,"Shin Kurushima Toyohashi Shipbuilding Co., Ltd.",null,S-6127/S-3747,"April 27, 2022",null,14.0kt,ClassNK,Panama,179.95m (L(b.p.)),31.0m,14.7m,null,"25,012","39,940t",Mitsui 6S46ME-B8.5-HPSCR diesel x 1 unit,null,SEA-Japan-No.-414.pdf
OCEAN ASIA,Dunkirkmax type bulk carrier,"Namura Shipbuilding Co., Ltd.",Not specified,"September 13, 2022",Not specified,ClassNK,Hong Kong,291.92m,45.0m,18.2m,Not specified,"93,721","182,090t",MAN B&W 6G70ME-C9.5-EGRBP diesel x 1 unit,Not specified,SEA-Japan-No.-416.pdf,,
AOI,passenger/vehicle carrier,Naikai Zosen Corporation,,"September 30, 2022",18.6kt,JG (Limited to coastal service),"Kobe, Hyogo Pref.",131.76m,21.00m,13.05m,5.50m (full load),"5,110","2,713t",MAN B&W 8S35ME-C9.7 diesel x 1 unit,"6,610kW x 167.0min⁻¹ x 1 unit",SEA-Japan-No.-416.pdf,,
LUPINUS PLANET,LPG carrier,"Kawasaki Heavy Industries, Ltd.",1753,"September 22, 2022",Approx. 17.0kt,ClassNK,Panama,229.90m,37.20m,21.90m,11.60m,"49,943","55,091t",Kawasaki-MAN B&W 7S60ME-C10.5-LGIP diesel x 1 unit,Not specified,SEA-Japan-No.-416.pdf,"84,172m³",
EVER RADIANCE,Panamax bulker,"Shin Kurushima Sanoyas Shipbuilding Co., Ltd.",1382,"September 9, 2022",about 14.2kt,ClassNK,,229.00m,32.24m,20.15m,14.594m,"43,453","81,951t",Not specified,Not specified,SEA-Japan-No.-416.pdf,"97,019m³ (grain)",
MAPUTI,cargo ship of 'tween deck type,"Onomichi Dockyard Co., Ltd.",779,"September 6, 2022",Not specified,ClassNK,Philippines,less than 130m,23.60m,15.85m,Not specified,"13,300","17,500t",J-ENG 6UEC35LSE-B2 diesel x 1 unit,"2,625kW x 111.8min⁻¹",SEA-Japan-No.-416.pdf,,
NAVIOS ASTRA,G-series Dunkirkmax bulk carrier,Japan Marine United Corporation (JMU),Not specified,"September 13, 2022",15.05kt,ClassNK,Not specified,292.00m,45.00m,24.55m,18.234m,"93,297","182,393t",MAN B&W 7S65ME-C8.5-HPSCR diesel x 1 unit,Not specified,SEA-Japan-No.-416.pdf,,
FEDERAL POWER,Bulk carrier,,11012,"September 22, 2022",14.00kt,ClassNK,Malta,182.998m,32.26m,15.00m,10.542m,"25,831","42,692t",Mitsui-MAN B&W 5S50ME-C9.7-EGRBP diesel x 1 unit,Not specified,SEA-Japan-No.-416.pdf,,MK Centennial Maritime B.V.
NEWBURY,Crude oil carrier,,1410,"August 31, 2022",15.0kt,LR,Bahamas,Not specified,44.00m,21.80m,Not specified,"abt. 60,100","abt. 112,100t",Hitachi MAN B&W 6G60ME-C9.5 diesel x 1 unit,Not specified,SEA-Japan-No.-416.pdf,,Lundquist Shipping Company Limited
CHEMROAD JUPITER,Chemical tanker,,S-6132,"October 13, 2022",14.5kt,ClassNK,Panama,Not specified,28.20m,17.20m,Not specified,"23,464","35,722t",JE/6UEC50LSH-Eco-C3-EGR diesel x 1 unit,Not specified,SEA-Japan-No.-416.pdf,,Panamanian owner
SHOFU MARU,bulk carrier,Oshima Shipyard,,"October 7, 2022",Not specified,Not specified,Not specified,,,,,Not specified,"100,000DWT",,,SEA-Japan-No.-416.pdf,,
MARKO MARULIC,Ocean-going LPG carrier,"Sasaki Shipbuilding Co., Ltd.",null,null,"October 24, 2022","7,524m³ (3,750m³ x 2)",abt. 13.0kt,BV,Croatia,116.82m,19.00m,9.10m,6.80m,"6,515","7,261t",Hitachi-MAN B&W 5S35ME-C9.7-LGIP diesel,"3,000kW",SEA-Japan-No.-417.pdf
WAN HAI 357,"3,013TEU-type container ship",Japan Marine United Corporation,Wan Hai Lines (Singapore) Pte. Ltd.,null,"November 29, 2022",null,21.5kt,ABS SMART (INF) Notation,null,203.50m,34.80m,16.60m,11.50m,"30,776","36,776t",MANB&W 7S70ME-C10.5 diesel,null,SEA-Japan-No.-417.pdf
THERESA GLORY,Ultramax bulker,"Shin Kurushima Sanoyas Shipbuilding Co., Ltd.",null,1386,"December 15, 2022","81,490m³ (grain)",about 14.1kt,ClassNK,null,199.99m,32.24m,19.22m,13.520m,"36,298","63,921t",null,null,SEA-Japan-No.-417.pdf
CAPE CORMORANT,Dunkirkmax-type bulk carrier,"Namura Shipbuilding Co., Ltd.",null,null,"October 19, 2022",null,null,ClassNK,Liberia,291.92m,45.0m,18.2m,null,"93,719","182,109t",MAN B&W 6G70ME-C9.5-EGRBP diesel,null,SEA-Japan-No.-417.pdf
SHOFU MARU,"99,000DWT box shaped bulk carrier","Oshima Shipbuilding Co., Ltd.","Mitsui O.S.K. Lines, Ltd.",null,"October 7, 2022","115,304ft³",about 14.30kt,ClassNK,null,235.00m,43.00m,20.05m,13.910m,"58,209","100,422t",Mitsui-MAN B&W 6S60ME-C10.5-EGRBP diesel,"9,180kW",SEA-Japan-No.-417.pdf
LADY SAMOA IV,inter-island cargo/passenger ship,Naikai Zosen Corporation,Samoa Government,null,"October 29, 2022",225m² (Cargo loading area),about 11.5kt,ClassNK,APIA,48.00m,12.00m,6.30m / 3.80m,2.35m (designed full load),"1,200",177t,Yanmar 6EY17W diesel,712kW,SEA-Japan-No.-417.pdf
BUNGO CROWN,Chemical/product oil carrier,"Imabari Shipbuilding Co., Ltd./Minaminippon Shipbuilding Co., Ltd.",null,null,"October 5, 2022",null,14.5kt,ClassNK,null,184.94m,32.2m,19.1m,null,"30,560","49,994t",6S50ME-C9.6 diesel,null,SEA-Japan-No.-417.pdf
HELIOS,"302,000DWT crude oil tanker",Japan Marine United Corporation,Aureole Maritime Ltd.,5198,"November 25, 2022",null,14.50kt,ABS,Bahamas,330.00m,60.00m,29.35m,21.58m,"156,471","302,093t",MAN B&W 7G80ME-C9.5 diesel,null,SEA-Japan-No.-417.pdf
AYANA SMILE,Tween deck cargo vessel,"Onomichi Dockyard Co., Ltd.",null,780,"October 18, 2022",null,14.5kt,ClassNK,Manila,null,23.60m,15.85m,null,"13,263","17,670t",J-ENG 6UEC35LSE-B2 diesel,null,SEA-Japan-No.-417.pdf
HSL HONOLULU,Bulk carrier,"Shin Kurushima Dockyard Co., Ltd.",Wealth Line Inc.,S6172,"January 18, 2023",null,13.9kt,ClassNK,Panama,null,32.26m,19.40m,null,"36,762","64,241t",MITSUI MAN B&W 6S50ME-C9.6-EGRBP diesel,null,SEA-Japan-No.-417.pdf
BLUE WIND,Jack-Up Vessel (JUV),Japan Marine United Corporation (JMU),Shimizu Corporation,null,"January 31, 2023",null,11 knots,ClassNK,"Tokyo, Japan",142m,50.0m,11.0m,null,"23,539",null,null,null,SEA-Japan-No.-418.pdf
AMMONIA Powered bulker,Cape size bulker,"Mitsubishi Shipbuilding Co., Ltd.",null,null,null,null,null,null,null,null,null,null,null,null,"210,000DWT",Main engine fueled by ammonia,null,SEA-Japan-No.-418.pdf
GINA OLDENDORFF,Dunkirkmax-type bulk carrier,"Namura Shipbuilding Co., Ltd.",null,null,"February 10, 2023",null,null,ClassNK,Liberia,291.92m,45.00m,18.20m,null,"93,718","182,126t",MAN B&W 6G70ME-C9.5-EGRBP diesel x 1 unit,null,SEA-Japan-No.-418.pdf
LANTANA PLANET,LPG carrier,"Kawasaki Heavy Industries, Ltd.",Nippon Yusen Kabushiki Kaisha,1754,"January 23, 2023","84,169m³ (Cargo tank capacity)",Approx. 17.0kt,ClassNK,Panama,229.90m,37.20m,21.90m,11.60m,"49,943","55,153t",Kawasaki-MAN B&W 7S60ME-C10.5-LGIP diesel x 1 unit,null,SEA-Japan-No.-418.pdf
NH3 bunkering vessel,Ammonia bunkering vessel,"Mitsubishi Shipbuilding Co., Ltd.",null,null,null,null,null,null,null,null,null,null,null,null,null,null,null,SEA-Japan-No.-418.pdf
NEVER ON SUNDAY,Ultramax bulk carrier,"Shin Kurushima Sanoyas Shipbuilding Co., Ltd.",null,1387,"February 22, 2023","81,490m³ (grain)",about 14.1kt,ClassNK,null,199.99m,32.24m,19.22m,13.52m,"36,298","63,986t",null,null,SEA-Japan-No.-418.pdf
GLORIOUS ROSE,"3,600,000 C.F. type chip carrier","Imabari Shipbuilding Co., Ltd./Iwagi Zosen Co.,Ltd.",Gloverthree Shipping Corporation,null,"December 12, 2022",null,14.35kt,ClassNK,null,199.96m,32.24m,20.20m,null,"41,273","49,513t",6UEC50LSH diesel x 1 unit,null,SEA-Japan-No.-418.pdf
CLIMATE ETHICS,Bulk carrier,"Oshima Shipbuilding Co., Ltd.",null,11042,"January 20, 2023",null,14.30kt,DNV,Cyprus,228.41m,36.50m,20.39m,14.348m,"48,233","87,285t",Mitsui-MAN B&W 5S60ME-C10.5-EGRBP diesel x 1 unit,null,SEA-Japan-No.-418.pdf
CAPE DIVERSITY,"182,000DWT bulk carrier",Japan Marine United Corporation,null,5192,"February 17, 2023",null,15.05kt,ClassNK,Panama,292.00m,45.00m,24.55m,18.234m,"93,660","182,236t",MAN B&W 7S65ME-C8.5 diesel x 1 unit,null,SEA-Japan-No.-418.pdf
FJ DALIA,Bulk carriers,"Shin Kurushima Dockyard Co., Ltd.",F.J. Lines Inc.,S6173,"March 16, 2023",null,13.9kt,ClassNK,Marshall Islands,196.5m,32.26m,19.4m,null,"36,762","64,273t",Mitsui MAN B&W 6S-50ME-C9.6-EGRBP diesel x 1 unit,null,SEA-Japan-No.-418.pdf
CO2L-BLUE,Liquefied CO2 Transport,Mitsubishi Shipbuilding,latter half of fiscal 2023,null,null,null,null,null,null,null,null,null,null,null,null,SEA-Japan-No.-419.pdf,,
CAPE SUN,Dunkirkmax bulk carrier,Japan Marine United Corporation (JMU),"April 19, 2023",null,14.05kt,ClassNK,null,292.00m,45.00m,24.55m,18.234m,"93,343","182,436t",MAN B&W 7S65ME-C8.5-HPSCR,null,SEA-Japan-No.-419.pdf,,
CAPTAIN MARKOS,LPG carrier,"Kawasaki Heavy Industries, Ltd.","March 31, 2023","84,274m³",Approx. 17.0kt,ABS,Bahamas,229.90m,37.20m,21.90m,11.60m,"49,976","55,206t",Kawasaki-MAN B&W 7S60ME-C10.5-LGIP,null,SEA-Japan-No.-419.pdf,,
Chemical tanker,LNG-fueled chemical tanker,"Shin Kurushima Dockyard Co., Ltd. (SKDY)",null,null,Approx. 14.7kt,IMO Type II & III,null,149.50m,28.40m,14.60m,10.25m at full load,"Approx. 18,900","Approx. 26,500t",null,null,SEA-Japan-No.-419.pdf,,
AQUAJOY,Dunkirkmax-type bulk carrier,"Namura Shipbuilding Co., Ltd.","March 17, 2023",null,null,ClassNK,Panama,291.92m,45.0m,18.2m,null,"93,719","182,082t",MAN B&W 6G70ME-C9.5-EGRBP,null,SEA-Japan-No.-419.pdf,,
WAN HAI 361,container ship,Japan Marine United Corporation,"April 27, 2023","3,013TEU",21.5kt,DNV,Singapore,203.5m,34.8m,16.60m,11.5m,"30,519","36,776t",MAN B&W 7S70ME-C10.5-HPSCR,null,SEA-Japan-No.-419.pdf,,
KAGURA,Bulk carrier,"Oshima Shipbuilding Co., Ltd.","March 9, 2023",null,14.30kt,ClassNK,Liberian,234.996m,43.000m,20.050m,13.853m,57646,"99,990t",Mitsui-MAN B&W 6S60ME-C10.5-EGRBP,null,SEA-Japan-No.-419.pdf,,
YASA TOKYO,"37,000DWT bulker carrier","Onomichi Dockyard Co., Ltd.","February 8, 2023",null,15.4kt,ClassNK,Marshall Islands,174.00m,30.00m,15.10m,null,"24,000","37,000t",MAN B&W 6S46ME-B8.5,null,SEA-Japan-No.-419.pdf,,
DEFENDER,Bulk carrier,"Tsuneishi Shipbuilding Co., Ltd.","May 29, 2023",null,14.0kt,ClassNK,Marshall Islands,229.00m,32.26m,20.15m,null,"44,000","82,400t",MAN B&W 7G50ME-C9.6-EGRBP,null,SEA-Japan-No.-419.pdf,,
PROTEUS,Dunkirkmax-type bulk carrier,Japan Marine United Corporation (JMU),N181BC,"July 12, 2023",14.4kt,ClassNK,null,292.000m,45.000m,24.550m,18.234m,"93,367","181,577t",MAN B&W 7S60ME-C10.6-HPSCR diesel,null,SEA-Japan-No.-421.pdf,,
WORLD SEAFARER,Dunkirkmax-type bulk carrier,"Namura Shipbuilding Co., Ltd.",,"July 7, 2023",null,ClassNK,Marshall Islands,291.92m,45.0m,18.2m,null,"93,719","182,344t",MAN B&W 7G60ME-C10.5-EGRBP diesel,null,SEA-Japan-No.-421.pdf,,
SINAR TORAJA,Pressurized LPG carrier,"Sasaki Shipbuilding Co., Ltd.",,"June 27, 2023",13.0kt,BV,Singapore,116.82m,19.00m,9.10m,6.80m,"6,530","7,225t",Hitachi-MAN B&W 5S35ME-C9.7-LGIP diesel,"3,000kW",SEA-Japan-No.-421.pdf,"7,500m³ LPG",
PENGHU,RO/RO passenger ferry,Naikai Zosen Corporation,,"August 9, 2023",19.3kt,CR,Republic of China,119.99m,21.00m,8.00m,5.50m,"9,932","1,915t",Daihatsu 8DKM-36e diesel,null,SEA-Japan-No.-421.pdf,,
WAN HAI 366,Container ship,,,,21.5kt,DNV/CR,Singapore,203.5m,34.8m,16.60m,11.5m,"30,676","37,160t",MAN B&W 7S70ME-C10.5 diesel,null,SEA-Japan-No.-421.pdf,,Wan Hai Lines (Singapore) Pte. Ltd.
OG GINKGO,Chip carrier,,,,14.50kt,ClassNK,Singapore,209.97m,37.00m,22.80m,11.553m,"49,759","60,683t",MITSUI-MAN B&W 6S50ME-C9.7-EGRBP diesel,null,SEA-Japan-No.-421.pdf,,Prime Star Transportation Services Pte. Ltd.
PRINCESA GUAYARMINA,Refrigerated cargo ship,,,,12.5kt,ClassNK,Panama,null,12.40m,8.10m,null,"2,156","1,446t",Akasaka Diesels AX34-AFD diesel,null,SEA-Japan-No.-421.pdf,,Blue Line Trading Limited
GLANZ CORAL,General cargo ship,,,,12.0kt,ClassNK,Panama,null,21.20m,14.05m,null,"9,943","13,542t",MAKITA-MITSUI-MAN B&W6S35MC7.1 diesel,null,SEA-Japan-No.-421.pdf,,Panamanian owner
LEMESSOS QUEEN,Bulk carrier,"Tsuneishi Shipbuilding Co., Ltd.",,,14.30kt,BV,Panama,229.00m,32.26m,20.15m,null,"44,000","82,400t",MAN-B&W 7G50ME-C9.6-EGRBP diesel,null,SEA-Japan-No.-421.pdf,,
FRONTIER SPIRIT,Dunkirkmax-type bulk carrier,Japan Marine United Corporation,N181BC,"October 6, 2023",14.4kt,ClassNK,292.00m,45.00m,24.55m,18.20m,"93,367","182,461t",MAN B&W 7S60ME-C10.6-HPSCR engine x 1 unit,,SEA-Japan-No.-422.pdf,,,
PEDHOULAS TRADER,Panamax bulk carrier,"Shin Kurushima Sanoyas Shipbuilding Co., Ltd.",,"September 21, 2023",Approx.14.2kt,ClassNK,229.00m,32.24m,20.15m,14.594m,"43,429","81,950t",,,SEA-Japan-No.-422.pdf,"97,034m³ (grain)",,
ENEOS GUNJO,LPG/NH3 carrier,"Kawasaki Heavy Industries, Ltd.",,"September 29, 2023",Approx. 17.0kt,,229.90m,37.20m,21.90m,11.65m,"49,541","56,531t",Kawasaki-MAN B&W 6G60ME-C10.5-LGIP engine x 1 unit,,SEA-Japan-No.-422.pdf,"86,904m³",Panama,
SWEET PEA LEADER,Pure car carrier (PCC),"Tadotsu Shipyard Co., Ltd.",,"October 26, 2023",About 18.0kt,ClassNK,199.93m,38.0m,38.76m,,"77,644","18,534t",6S60ME-C10.5-GI-EGRBP engine x 1 unit,,SEA-Japan-No.-422.pdf,,Liberia,
AGIS,Dunkirkmax-type bulk carrier,"Namura Shipbuilding Co., Ltd.",,"September 13, 2023",,ClassNK,291.92m,45.0m,,18.2m,"93,721","182,334t",MAN B&W 7G60ME-C10.5-EGRBP engine x 1 unit,,SEA-Japan-No.-422.pdf,,Cyprus,
FERRY OSUMI NO.11,Coastal passenger-cum-automobile transport ship,Naikai Zosen Corporation,,"September 27, 2023",approx. 16.4kt,JG Class 2 (smooth water area),76.90m,13.30m,9.50m,3.63m,"1,443","1,942t",Daihatsu Diesel 6DKM-26e diesel x 2 engine/2 propeller,"1,470kW x 750/215min⁻¹ x 2 units",SEA-Japan-No.-422.pdf,"500 passengers and 54 automobiles, or 14 large buses only","Kagoshima City, Japan",
SHOYO,LNG dual-fueled coal carrier,"Oshima Shipbuilding Co., Ltd.",,"October 2, 2023",14.00kt,ClassNK,234.98m,38.00m,20.16m,14.35m,"54,633","95,233t",DU-WinGD 6X62DF2.0 engine x 1 unit,"9,400kW at 81.0rpm",SEA-Japan-No.-422.pdf,,,
BUNUN VICTORY,"40,000DWT type bulk carrier","The Hakodate Dock Co., Ltd.",915,,Approx. 13.6kt,ClassNK,182.94m,31.60m,14.80m,10.37m,"24,472","40,074t",J-ENG 6UEC42LSH-Eco-D3-EGR engine x 1 unit,,SEA-Japan-No.-422.pdf,,Panama,
JFE KOKURYU,Roll-on/roll-off ship,Japan Marine United Corporation,5386,"September 28, 2023",14.7kt,,115.0m,22.0m,,,"8,611","5,026t",Hanshin Diesel engine x 1 unit,,SEA-Japan-No.-422.pdf,,Panama,
ANDROMEDA,Crude oil carrier,,1413,,14.5kt,LR,,44m,21.55m,,"approx. 60,000","114,800t",Mitsui MAN 6G60ME-C10.5 engine x 1 unit,,SEA-Japan-No.-422.pdf,,Bahamas,Firenze Shipmanagement S.A.
GREEN FAIRY,Bulk carrier,,S-6181/S-7377,,12.85kt,ClassNK,,23.00m,12.30m,,"11,361","16,905t",MAKITA-MITSUI-MAN B&W6S35MC7.1 engine x 1 unit,,SEA-Japan-No.-422.pdf,,Marshall Islands,Co-owner of Marshall Islands and Japan
MORNING KATE,Pressurised-type LPG carrier,,720,,13.40kt,BV,,17.70m,7.80m,,"4,551","5,274t",MAKITA-MITSUI MAN B&W 5L35MC6 x 1 unit,"2,200kW x 178 min⁻¹",SEA-Japan-No.-422.pdf,,Panama,"TRIO HAPPINESS, S.A."
PHOENIX HARMONIA,LPG/Ammonia carrier,"Namura Shipbuilding Co., Ltd.",N/A,"September 29, 2023","87,000m³",N/A,ClassNK,Panama,230.0m,36.6m,12.0m,N/A,N/A,N/A,MAN B&W 6G60ME-C10.5-LGIP-EGRBP diesel x 1 unit,N/A,SEA-Japan-No.-423.pdf,
BRIGHT SAKURA,Containership,Naikai Zosen Corporation,N/A,"October 26, 2023","2,888TEUs",Approx. 18.5kt,ClassNK,Panama,185.99m,35.20m,17.20m,9.50m,"29,622","27,853t",MAN B&W 7S60ME-C10.5-HPSCR diesel x 1 unit,"12,070kW",SEA-Japan-No.-423.pdf,
EXCOOL,Demonstration test ship for liquefied CO2 transport,"Mitsubishi Shipbuilding Co., Ltd.",N/A,N/A,N/A,N/A,N/A,N/A,N/A,N/A,N/A,N/A,N/A,N/A,N/A,N/A,SEA-Japan-No.-423.pdf,
ONE INSPIRATION,Containership,Japan Marine United Corporation (JMU),N/A,"December 6, 2023","24,000TEU",N/A,DNV,N/A,399.95m,61.40m,33.20m,16.50m,N/A,N/A,MAN-B&W 9G95ME-C10.6 diesel x 1 unit,N/A,SEA-Japan-No.-423.pdf,
Limestone bulk carrier,Bulker,"Kawasaki Heavy Industries, Ltd. (Kawasaki)",N/A,Mar-24,N/A,N/A,DNV,N/A,94.0m,18.2m,9.90m,N/A,N/A,"5,549t",Kawasaki L30KG gas engine,N/A,SEA-Japan-No.-423.pdf,
CAPE SPENCER,Bulk carrier,"Imabari Shipbuilding Co., Ltd.",N/A,"November 6, 2023",N/A,14.0kt,ClassNK,N/A,182.93m,31.00m,15.00m,N/A,"25,006","35,187t",96UEC42LSH-Eco-D3 diesel x 1 unit,N/A,SEA-Japan-No.-423.pdf,
CAPT TASOS,"182,000DWT class bulk carrier","Namura Shipbuilding Co., Ltd.",489,"October 25, 2023",N/A,N/A,ClassNK,Cyprus,291.92m,45.00m,24.60m,18.20m,"93,721","182,288t",MAN B&W 7G60ME-C10.5-EGRBP diesel x 1 unit,N/A,SEA-Japan-No.-423.pdf,
FEDERAL THUNDER BAY,Bulk carrier,"Oshima Shipbuilding Co., Ltd.",11051,"October 27, 2023",N/A,14.15kt,DNV,Marshall Islands,199.980m,23.762m,14.850m,10.886m,"21,043","34,763t",Mitsui-MAN B&W 5S50ME-C9.7-HPSCR diesel x 1 unit,N/A,SEA-Japan-No.-423.pdf,
ESTEEM COWBOY,Crude oil carrier,"Sumitomo Heavy Industries Marine & Engineering Co., Ltd.",1414,"January 11, 2024",N/A,14.5kt,LR,Panama,239.67m,44m,21.55m,N/A,"60,300","115,000t",Mitsui MAN 6G60ME-C10.5 diesel x 1 unit,N/A,SEA-Japan-No.-423.pdf,
"KAMSARMAX 82,400DWT Bulk Carrier",Bulk carrier,"Tsuneishi Shipbuilding Co., Ltd.",1625,"October 20, 2023",N/A,14.0kt,ClassNK,Marshall Islands,229.00m,32.26m,20.15m,N/A,"44,000","82,400t",MAN B&W 7G50ME-C9.6-EGRBP diesel x 1 unit,N/A,SEA-Japan-No.-423.pdf,
TEST ENGINE 4S50ME-T,TEST ENGINE,"MITSUI E&S Co., Ltd.",4S50ME-T,N/A,N/A,N/A,N/A,50cm,N/A,N/A,N/A,4S50ME-T,7MW,SEA-Japan-No.-425.pdf,,,,
SPRING HARMONY,Dunkirkmax-type bulk carrier,Japan Marine United Corporation (JMU),N/A,N/A,14.4kt,ClassNK,N/A,292.0m,45.00m,24.55m,18.20m,MAN B&W 7S60ME-C10.6-HPSCR,N/A,SEA-Japan-No.-425.pdf,"March 13, 2024","93,367","182,498t",
X-DF-A,Ammonia-fueled engine,Mitsubishi Shipbuilding,N/A,N/A,N/A,N/A,N/A,,,,,N/A,N/A,SEA-Japan-No.-425.pdf,N/A,,,
LFSS,Low-flashpoint Fuel (MeOH) Supply System,Mitsui E&S Shipbuilding,N/A,N/A,N/A,N/A,N/A,,,,,,,SEA-Japan-No.-425.pdf,"April 11, 2024",,,
LOWLANDS IYO,Panamax bulk carrier,"Shin Kurushima Sanoyas Shipbuilding Co., Ltd.",N/A,"97,034m³(grain)",Approx. 14.1kt,ClassNK,N/A,229.00m,32.24m,20.15m,14.594m,N/A,N/A,SEA-Japan-No.-425.pdf,"March 13, 2024","43,455","82,019t",
CERULEAN ACE,LNG-fueled vehicle carrier,"Shin Kurushima Dockyard Co., Ltd. (SKDY)",6201,"Over 7,000 automobiles","18.00kt (C.S.O, 15% S.M.)",ClassNK,Panama,199.96m,38.00m,N/A,9.95m,Mitsui-MAN B&W 6S60ME-C10.5-GI-EGRBP,"10,450kW x 96.5min-¹ (MCO)",SEA-Japan-No.-425.pdf,"March 13, 2024","73,132","19,889t",
SHIMOKITA MARU,LNG-fuelled limestone carrier,Tsuneishi Shipbuilding,N/A,N/A,N/A,N/A,N/A,93.8m,18.2m,9.9m,N/A,Hybrid propulsion system with LNG-fuelled engine (8L30KG) and batteries,N/A,SEA-Japan-No.-425.pdf,"March 19, 2024",,"Approx. 5,646t",
NH3 bunkering vessel,Ammonia bunkering vessel,"Sasaki Shipbuilding Co., Ltd.",N/A,N/A,N/A,N/A,N/A,N/A,N/A,N/A,N/A,,,SEA-Japan-No.-425.pdf,Jan-24,620,"12,000m³",
HENG MAY,Dunkirkmax-type bulk carrier,"Namura Shipbuilding Co., Ltd.",N/A,N/A,N/A,ABS,Liberia,291.92m,45.0m,18.2m,N/A,MAN B&W 7G60ME-C10.5-EGRBP,N/A,SEA-Japan-No.-425.pdf,"March 1, 2024","93,555","182,268t",
BO MAY,Dunkirkmax-type bulk carrier,"Namura Shipbuilding Co., Ltd.",N/A,N/A,N/A,ABS,Liberia,291.92m,45.0m,18.2m,N/A,MAN B&W 7G60ME-C10.5-EGRBP,N/A,SEA-Japan-No.-425.pdf,"March 29, 2024","93,555","182,317t",
MAERSK FORTALEZA,Container carrier,"Imabari Shipbuilding Co., Ltd.",N/A,N/A,21.50kt,ClassNK,N/A,254.94m,40.00m,21.70m,N/A,6G80ME-C10.6,N/A,SEA-Japan-No.-425.pdf,"April 3, 2024","57,872","76,521t",
WAN HAI 372,Container ship,Japan Marine United Corporation,5509,"3,055TEU",21.6kt,DNV,Singapore,203.5m,34.8m,16.60m,11.5m,MAN B&W 7S70ME-C10.5,N/A,SEA-Japan-No.-425.pdf,"April 23, 2024","30,676","37,160t",
CATHERINE,"40,000DWT-type bulk carrier","The Hakodate Dock Co., Ltd.",921,N/A,abt. 13.6kt,ClassNK,Marshall Islands,182.94m,31.6m,14.80m,10.37m,J-ENG 6UEC42LSH-Eco-D3-EGR,N/A,SEA-Japan-No.-425.pdf,"April 23, 2024","24,427","40,544t",
CASABLANCA TIGER,Bulk carrier,"Oshima Shipbuilding Co., Ltd.",11073,N/A,14.30kt,ClassNK,Liberia,189.99m,32.26m,18.54m,13.062m,Mitsui-MAN B&W 6S50ME-C9.7-EGRBP,N/A,SEA-Japan-No.-425.pdf,"February 28, 2024","32,680","58,506t",
OCEAN BLISS,Bulk carrier,"Saiki Heavy Industries Co., Ltd./Onomichi Dockyard Co., Ltd.",597,N/A,abt. 14.9kt,ClassNK,Singapore,N/A,32.00m,14.80m,N/A,MAN B&W 6G45ME-C9.7,N/A,SEA-Japan-No.-425.pdf,"February 9, 2024","abt. 25,200","abt. 40,000t",
KEYS Azalea,LNG bunkering vessel,"Mitsubishi Shipbuilding Co., Ltd.",1234,"March 27, 2024","3,533m³",null,Japanese Government,null,82.4m,18.2m,7.8m,4.8m,4744 (Domestic),null,Daihatsu 6DE23DF,"1,170kW x 900min¯¹ x 3 units",SEA-Japan-No.-427-3.pdf,
MAERSK EL BANCO,Containership,Japan Marine United Corporation (JMU),,"June 18, 2024","12,800TEU",22.0kt,DNV,null,null,51.00m,27.10m,16.00m,"127,832","152,237t",7G95ME-C10.5 diesel,null,SEA-Japan-No.-427-3.pdf,
BASIC STAR,Panamax bulk carrier,"Shin Kurushima Sanoyas Shipbuilding Co., Ltd.",,"June 28, 2024","97,034m³ (grain)","Approx. 14,1kt",ClassNK,null,229.000m,32.240m,20.150m,14.594m (summer),"43,455","81,947t",null,null,SEA-Japan-No.-427-3.pdf,
TURQUOISE ACE,LNG dual-fueled vehicle carrier,"Imabari Shipbuilding Co.,Ltd./Tadotsu Shipyard Co., Ltd.",,"July 12, 2024",null,18.0kt,ClassNK,null,199.93m,38.00m,22.85m,null,"77,695","18,439t",6S60ME-C10.5-GI diesel,null,SEA-Japan-No.-427-3.pdf,
WAN HAI 373,"3,055TEU containership",Japan Marine United Corporation,,"June 26, 2024",null,21.6kt,DNV,Singapore,203.5m,34.8m,16.6m,11.5m,"30,676","37,160t",MAN B&W 7S70ME-C10.5 diesel,null,SEA-Japan-No.-427-3.pdf,
TAI STEADINESS,Bulk carrier,"Oshima Shipbuilding Co., Ltd.",11082,"May 16, 2024",null,14.50kt,LR/CR,Liberia,199.95m,32.26m,19.28m,13.542m (ext.),"36,090","64,589t",MITSUI-MAN B&W 6S50ME-C9.7-EGRBP diesel,null,SEA-Japan-No.-427-3.pdf,
MADRE ANTONIA,Refrigerated cargo ship,,N-0126,"July 2, 2024",null,12.5kt,ClassNK,Panama,null,12.40m,8.10m,null,"2,157","1,438t",Akasaka Diesel AX34AFD diesel,null,SEA-Japan-No.-427-3.pdf,Blue Line Trading Limited
STELLA,"5,000m³-type LPG carrier",,1622,"July 31, 2024",null,13.5kt,ClassNK,Marshall Islands,null,17.60m,8.00m,null,"4,800","4,600t",MAN B&W 6S30ME-B9.5-HPSCR diesel,null,SEA-Japan-No.-427-3.pdf,"Shintoku Panama, S.A."
MAERSK EL ALTO,Containership,Maersk,"September 26, 2024","12,800TEU",22.0kt,DNV,335.00m,51.00m,27.10m,16.00m,"152,237t","127,832",MAN 7G95ME-C10.5 diesel,1 unit,SEA-Japan-No.-429.pdf,,,
KEN CITRUS,Bulk carrier,,"January 17, 2025",null,14.0kt,ClassNK,182.93m,31.00m,15.00m,null,"40,087","25,253t",6UEC42LSH-Eco-D3 diesel,1 unit,SEA-Japan-No.-429.pdf,"Imabari Shipbuilding Co., Ltd.",null,
INTERASIA TRANSFORM,Containership,Interasia Lines Singapore Pte. Ltd.,"October 3, 2024","3,055TEU",21.50kt,DNV,203.5m,34.8m,16.6m,11.5m,"30,676","37,1600t",MAN B&W 7S70ME-C10.5 diesel,1 unit,SEA-Japan-No.-429.pdf,,5518,Singapore
FRANBO BRAVO,"40,000DWT-type bulk carrier",,"September 27, 2024",null,Approx. 13.6kt,ClassNK,182.94m,31.6m,14.80m,10.37m,"24,496","40,099t",J-ENG 6UEC42LSH-Eco-D3-EGR diesel,1 unit,SEA-Japan-No.-429.pdf,"The Hakodate Dock Co., Ltd.",918,Marshall Islands
FEDERAL NEW YORK,Bulk carrier,Federal Trident Ltd.,"October 22, 2024",null,14.15kt,DNV,196.48m,23.762m,14.85m,null,"21,043","34,763t",MITSUI-MAN B&W 5S50ME-C9.7-HPSCR diesel,1 unit,SEA-Japan-No.-429.pdf,,11057,Marshall Islands
C.S. COSMOS,Bulk carrier,"Caribstar Shipping, S.A.","November 19, 2024",null,Approx. 13.7kt,ClassNK,174.00m,32.00m,14.80m,null,"Approx. 25,200","Approx. 40,000t",J-ENG 6UEC42LSH-Eco-D4-EGR diesel,1 unit,SEA-Japan-No.-429.pdf,,823,Panama
SUNFLOWER KAMUY,Ro-Ro Passenger Ship,Naikai Zosen,null,"December 25, 2024",24.0kt,null,"15,600 GT",null,null,SEA-Japan-No.-430_comp.pdf,,,,,,,,
SUNFLOWER PIRKA,Ro-Ro Passenger Ship,Naikai Zosen,,null,null,null,null,null,null,SEA-Japan-No.-430_comp.pdf,,,,,,,,
CAPE SUZURAN,Bulk Carrier,Imabari Shipbuilding,,"February 18, 2025",null,null,,,,SEA-Japan-No.-430_comp.pdf,"Kawasaki Kisen Kaisha, Ltd.","181,500 DWT",,,,,,
MAERSK EUNAPOLIS,Containership,Japan Marine United Corporation (JMU),,"January 17, 2025",22.0kt,null,"127,832t",MAN 7G95ME-C10.5,null,SEA-Japan-No.-430_comp.pdf,,"152,237t","12,800 TEU",Nippon Kaiji Kyokai (ClassNK),335.0m,51.00m,27.10m,16.00m
MILES,null,null,,null,null,null,null,null,null,SEA-Japan-No.-430_comp.pdf,,null,,,,,,
PROSO,Panamax Bulk Carrier,Shin Kurushima Sanoyas Shipbuilding,,"January 30, 2025",null,null,,"low-speed, long-stroke electronically controlled main engine",null,SEA-Japan-No.-430_comp.pdf,,"82,000 DWT",,,,,null,shallower than previously designed
MAERSK FUKUOKA,Container carrier,"Imabari Shipbuilding Co., Ltd.",,,21.50kt,null,"63,709t",6G80ME-C10.6,null,SEA-Japan-No.-430_comp.pdf,,"76,480t",,American Bureau of Shipping (ABS),254.94m,40.00m,21.70m,
INTERASIA TENACITY,Containership,Japan Marine United Corp.,5520,,21.50kt,Singapore,"30,676t",MAN B&W 7S70ME-C10.5,null,SEA-Japan-No.-430_comp.pdf,,"37,160t","3,055-TEU",Det Norske Veritas (DNV),203.5m,34.8m,16.6m,11.5m
CENTURION GORYO,Bulk carrier,"The Hakodate Dock Co., Ltd.",919,,about 13.6kt,Liberia,"24,441t",J-ENG 6UEC42LSH-Eco-D3-EGR,null,SEA-Japan-No.-430_comp.pdf,,"40,541t","40,000-dwt",Nippon Kaiji Kyokai (ClassNK),182.94m,31.6m,14.80m,10.37m
OCEAN RUBY,Bulk carrier,,11079,,14.5kt,Singapore,36106t,MITSUI-MAN B&W 6S50ME-C9.7-EGRBP,null,SEA-Japan-No.-430_comp.pdf,Ocean 21 Holding Pte. Ltd.,64742t,,Nippon Kaiji Kyokai (ClassNK),196.8m,32.26m,19.28m,
SOUTHERN RESPECT,Aframax tanker,"Sumitomo Heavy Industries Marine & Engineering Co., Ltd.",1417,,14.15kt,Panama,"60,177t",Mitsui MAN B&W 6G60ME-C10.5,null,SEA-Japan-No.-430_comp.pdf,,"114,957.0t",,Lloyd's Register (LR) and Nippon Kaiji Kyokai (ClassNK),239.67m,44.00m,21.55m,
SG SUNRISE,LNG-fueled bulk carrier,"Namura Shipbuilding Co., Ltd.",null,"March 25, 2025",null,null,NK,Japan,299.92m,50.00m,18.60m,null,"112,097","211,474t",MAN B&W 6G70ME-C10.5-GI-EGRBP,null,SEA-Japan-No.431.pdf,
SG TWILIGHT,LNG Dual Fuel Cape Size Bulk Carrier,Japan Marine United Corporation (JMU),null,"February 14, 2025",null,14.00kt,NK,null,299.99m,50.00m,25.00m,18.436m,"110,334","210,933mt",WinGD 7X62DF-2.1,null,SEA-Japan-No.431.pdf,
TRANS HARMONY GREEN,"3,000-Car-Capacity LNG-Fueled Roll On/Off Type Cargo Ship","Mitsubishi Shipbuilding Co., Ltd.",null,"January 31, 2025","3,000 units",19.5 knots,"NK NS* (RORO, EQ CV & DG, PSPC-WBT, NC, GLF /NG, 1C) (PS-DA) (PSCM) (IHM) (ELW (1C)) /MNS*",Panama,195.00m,30.60m,30.56m,8.50m,"49,264","14,016t",Mitsui E&S 6S60ME-C10.5-GI,"10,800kW",SEA-Japan-No.431.pdf,"TOYOFUJI SHIPPING CO., LTD."
Sunflower Kamuy,LNG-fueled ferry,Naikai Zosen Corporation,null,null,null,null,null,null,null,null,null,null,"15,600GT",null,null,null,SEA-Japan-No.431.pdf,
YUI LINE KOSHIKI,"1,050-GT Ro/Ro-Passenger Ferry",Naikai Zosen Corporation,null,"February 28, 2025",41 units (passenger cars alone),17.5knots,JG second class (limited coasting areas),"Ichikikushikino City, Kagoshima Prefecture",72.90m,13.20m,9.60m,3.75m,"1,110tons",431tons,Daihatsu Diesel 6DEM-28 diesel engine,"2,270kW x 750/269 min-1 x 2",SEA-Japan-No.431.pdf,"Koshikishima Shosen Co., Ltd. and the Japan Railway Construction, Transport and Technology Agency (JRTT)"
HANARIA,Passenger ship,"Hongawara Ship Yard Co., Ltd.",null,"March 15, 2024",103,10.2 knots,null,null,29.70m,10.00m,3.70m,2.00m,238 tons,null,Electric motor FTW-400L,400kW x 900min-1 x 2 units,SEA-Japan-No.431.pdf,"MOL Techno-Trade, Ltd."
SAKIGAKE,Ammonia-fueled tugboat,"Keihin Dock Co., Ltd.",null,"August 23, 2024",null,13.8 knots,null,null,37.2m,10.2m,4.4m,null,278 tons,null,"IHI Power Systems Co., Ltd.'s 4,400-horsepower Niigata Diesel 6L28ADF",null,SEA-Japan-No.431.pdf,Nippon Yusen Kaisha (NYK)
MAHOROBA,Passenger ship,"Setouchi Craft Co., Ltd.",null,"December 9, 2024",150 people,10.00 knots,null,null,29.30m,8.00m,2.50m,1.10m,177 tons,null,Electric propulsion motor,"226kW x 1,800min-1 x 2 units",SEA-Japan-No.431.pdf,Iwatani Corporation
SHIMOKITA MARU,Self-unloader limestone carrier,"Tsuneishi Shipbuilding Co., Ltd.",null,"March 19, 2024","Limestone (5,646 tons)",12.9 knots,null,null,93.78m,18.20m,9.90m,null,"5,154 tons",null,Kawasaki 8L30KG,"3,560kW",SEA-Japan-No.431.pdf,"NS United Kaiun Kaisha, Ltd."
KANGEI MARU,Whaling mothership,Kyokuyo Shipyard Corporation,null,"March 29, 2024",Whale meet (40 20-foot reefer containers) 100 crewmembers,12.0 knots,null,null,99.40m,21.00m,7.60m,5.20m,"9,299 tons",null,"Yanmar Power Technology Co., Ltd. 6EY22ALW (main power generator) & Taiyo Electric Co., Ltd. FTW 630L-6 (propulsion motor)","1,370kW x 4 units (main power generator) & 1,450kW x 2 units (propulsion motor)",SEA-Japan-No.431.pdf,"Kyodo Senpaku Co., Ltd."
VERDE HERALDO,"LNG Fueled 209,000 DWT Type Bulk Carrier","Imabari Shipbuilding Co., Ltd.",null,"April 18, 2025",null,14.0kts,NK,null,299.99m,50.00m,25.00m,null,"110,708t","210,321t",7S60ME-C10.5-GI,null,SEA-Japan-No.431.pdf,null
PARNASSOS,VLCC,Japan Marine United Corporation,5199,"January 23, 2025",null,null,ABS,Bahamas,330.0m,60.00m,29.35m,21.58m,"157,208",null,MAN B&W 6G80ME-C10.5-HPSCR,null,SEA-Japan-No.431.pdf,AQUAMARINE SHIPOWNERS LTD.
CENTURION BUYO,Bulk Carrier,"The Hakodate Dock Co., Ltd.",S920,"December 10, 2024",null,13.6kts,NK,Liberia,182.94m,31.6m,14.80m,10.37m,"24,441t","40,503t",J-ENG 6UEC42LSH-Eco-D3-EGR,null,SEA-Japan-No.431.pdf,null
LOWLANDS OBERLIN,Bulk Carrier,"Oshima Shipbuilding Co., Ltd.",11087,"January 15, 2025",null,14.35kts,DNV,Singapore,196.8m,32.26m,19.28m,null,"36,137t","64,323t",MITSUI-MAN B&W 6S50ME-C9.7-EGRBP,null,SEA-Japan-No.431.pdf,COBELFRET PTE.LTD.
SOFIA,Bulk Carrier,"TOYOHASHI SHIPBUILDING CO., LTD.",S-6238/S-3766,"March 27, 2025",null,14.0kts,NK,Marshall Islands,180.0m,32.20m,15.03m,null,"41,521t","25,837t",MAKITA 6C45ME-C9.7-HPSCR,null,SEA-Japan-No.431.pdf,Marshallese owner
AESOP,Next-Generation Suezmax Tanker,Japan Marine United Corporation,Apr-25,14.5kt,DNV,Bahamas,274.30m,48.00m,23.15m,"83,175","Approx. 158,930",SEA-Japan-No.432.pdf,,,,,,
SIENA,Next-Generation Suezmax Tanker,Japan Marine United Corporation,Jun-25,14.5kt,DNV,Bahamas,274.30m,48.00m,23.15m,"83,175","Approx. 158,930",SEA-Japan-No.432.pdf,,,,,,
KEYS Azalea,LNG bunkering vessel,,,,,,,,,,,SEA-Japan-No.432.pdf,"Mitsubishi Shipbuilding Co., Ltd.",Unknown,Unknown,,,
TESS66 AEROLINE,Methanol Dual-Fuelled Ultramax Bulker,,13-May-25,,,,,,,,"65,700-ton class",SEA-Japan-No.432.pdf,"TSUNEISHI SHIPBUILDING Co., Ltd.",,,"81,500m³ cargo hold capacity",,
ONE SINGAPORE,Very Large Container Ship,,,22.0kts,LR,Unknown,335.94m,51.00m,30.10m,"140,233",,SEA-Japan-No.432.pdf,"Imabari Shipbuilding Co., Ltd.",7G95ME-C10.6 x 1 unit,,,,
MAERSK EL BOSQUE,Container Ship,,,,NK,Republic of Panama,335.0m,51.00m,27.10m,"127,814",,SEA-Japan-No.432.pdf,Japan Marine United Corporation,MITSUI-MAN-B&W 7G95ME-C10.5-EGRTC,,,5454,16.00m
BELLE CONFIDENCE,Bulk Carrier,,,about 13.6kts,NK,Portugal,182.94m,31.6m,14.80m,,"40,381t",SEA-Japan-No.432.pdf,"THE HAKODATE DOCK CO., LTD.",J-ENG 6UEC42LSH-Eco-D3-EGR,,,922,10.37m
GREEN YOKOHAMA,General Cargo Carrier,"XIN YIN CHUANG YUAN 3 (TIANJIN) SHIPPING LEASING CO., LTD.",,14.5 kts,NK,Panama,206.00m,36.00m,19.54m,,"73,674t",SEA-Japan-No.432.pdf,,Mitsui MAN B&W 5S60ME-C 10.5 EGRBP (Derating),,,11096,
NEW TAIWAN FUEL,Oil Bunker tanker,"Taiwan Fuel & Energy Supply Co., Ltd.",,10.50kts,CR,Republic of China,63.00m,12.00m,5.00m,,"1,441t",SEA-Japan-No.432.pdf,,"IHI 6L22HX (1,029kW x 2sets)",,,725,
CRYSTAL ODYSSEY,LPG/NH3 Carrier,Kawasaki Heavy Industries,1765,"June 29, 2025","87,099m³",Approx. 17.0knots,Nippon Kaiji Kyokai (ClassNK),Singapore,229.90m,37.20m,21.90m,11.65m,"49,561t","56,331t",Kawasaki-MAN B&W 6G60ME-C10.5-LGIP,SEA-Japan-No.433.pdf,,
IONIC SEMELI,Suezmax Tanker,Japan Marine United Corporation (JMU),,Jul-25,,14.5kt,LR,Marshall Islands,274.30m,48.00m,23.15m,,"82,909","159,000",,SEA-Japan-No.433.pdf,,
ARIES MIZUKI,ULTRAMAX Bulk Carrier,SHIN KURUSHIMA SANOYAS MIZUSHIMA SHIPYARD,,"27th June, 2025",,,NIPPON KAIJI KYOKAI,null,,,,,,"64,000DWT",,SEA-Japan-No.433.pdf,,
SUNFLOWER PIRKA,Ro/Ro-Passenger Ferry,Naikai Zosen Corporation,,"June 26, 2025",,Approx. 24.0knots,,null,,,,,"15,600-GT",,Mitsui E&S-MAN B&W 12S50ME-C8.5-GI,SEA-Japan-No.433.pdf,,
LCO2/Methanol Carrier,Multi Cargo Carrier,"MITSUBISHI SHIPBUILDING CO., LTD.",,,,,Nippon Kaiji Kyokai (ClassNK),,,,,,,,,SEA-Japan-No.433.pdf,"Mitsui O.S.K. Lines, Ltd.",
SG DAWN,LNG Fueled Bulk Carrier,"Imabari Shipbuilding Co., Ltd.",,"August 7, 2025",,about 14.0kts,NK,,299.99m,50.00m,25.00m,,,"210,125t",7S60ME-C10.5-GI,SEA-Japan-No.433.pdf,,
TRANS HARMONY EMERALD,Ro-Ro Cargo Ship,"Mitsubishi Shipbuilding Co., Ltd.",,"May 15, 2025",,abt. 19.5 kts,NK,Panama,195.00m,30.60m,30.56m,,,"14,016t",Mitsui E&S 6S60ME-C10.5-GI MR,SEA-Japan-No.433.pdf,,
DEJIMA CONFIDENCE,"40,000 DWT Type Bulk Carrier","THE HAKODATE DOCK CO., LTD.",,"May 15, 2025",,about 13.6kts,Nippon Kaiji Kyokai (NK),Portugal,182.94m,31.6m,14.80m,10.37m,,"40,426t",J-ENG 6UEC42LSH-Eco-D3-EGR,SEA-Japan-No.433.pdf,,
LEGENDARY DIVA,Bulk Carrier,"Oshima Shipbuilding Co., Ltd.",,"May 23, 2025",,14.3 kts,NK,Liberian,225.50m,32.26m,19.98m,,,"82,189t",MITSUI-MAN B&W 5S60ME-C10.5-EGRBP,SEA-Japan-No.433.pdf,AZUMA BULK LIMITED,
OXALIS DAISY,Product tanker,"SHIN KURUSHIMA HASHIHAMA DOCKYARD CO., LTD.",,"May 30, 2025",,14.6kts,NK,Singapore,106.50m,19.20m,9.913m,,,"7,999t",HANSHIN 6L35MC6,SEA-Japan-No.433.pdf,Singaporean Shipowner,
SOUTHERN RESONANCE,Aframax tanker,Sumitomo Heavy Industries Marine & Engineering,,"September 19, 2025",,14.15kts,LR to NK,Panama,239.67m,44.00m,21.55m,,,"114,945.3t",Mitsui MAN B&W 6G60ME-C10.5,SEA-Japan-No.433.pdf,,
GLOBAL FUTURE,Dunkirkmax-type bulk carrier,"Namura Shipbuilding Co., Ltd.",N/A,"June 26, 2025",N/A,NK,Panama,291.92m,45.0m,18.2m,"94,783t","182,613t",MAN B&W 7S60ME-C10.6-EGRBP,N/A,SEA-Japan-No.434.pdf,,,
MOUNT LHOTSE,Newcastle-max type bulk carrier,Japan Marine United Corporation (JMU),N/A,"October 16, 2025",N/A,N/A,N/A,N/A,N/A,N/A,N/A,"211,000DWT",N/A,N/A,SEA-Japan-No.434.pdf,,,
NAVE OHANA,"52,000 DWT Type Product Tanker","Minaminippon Shipbuilding Co., Ltd., (Imabari Shipbuilding Group)",N/A,"September 25, 2025",about 14.5kts,NK,Cyprus,184.94m,32.20m,19.10m,"30,591t","49,994t",6S50ME-C10.6,N/A,SEA-Japan-No.434.pdf,,,
MERCURY MOON,"158,000DWT Type Crude Oil Tanker",Japan Marine United Corporation,5185,"September 11, 2025",N/A,LR,Liberia,274.30m,48.00m,23.15m,"83,500","158,258MT",Mitsui MAN-B&W 7S60ME-C10.6-EGRBP,N/A,SEA-Japan-No.434.pdf,,,
TSUNOMINE BULKER,"40,000 DWT TYPE BULK CARRIER","THE HAKODATE DOCK CO., LTD.",924,"July 18, 2025",about 13.6kts,Nippon Kaiji Kyokai (NK),Panama,182.94m,31.6m,14.80m,"24,440t","40,550t",J-ENG 6UEC42LSH-Eco-D3-EGR,N/A,SEA-Japan-No.434.pdf,10.37m,,
CYMONA OCEAN,Bulk Carrier,"Oshima Shipbuilding Co., Ltd.",11119,"August 1, 2025",14.3 kts,NK,Cyprus,N/A,N/A,N/A,"43,543t","82,111t",MITSUI-MAN B&W 5S60ME-C10.5-EGRBP (Derating),N/A,SEA-Japan-No.434.pdf,,,
CHEMROAD KAIA,CHEMICAL TANKERS,"SHIN KURUSHIMA DOCKYARD CO., LTD.",S-6258,"August 27, 2025",14.5kts,NK,Liberia,N/A,N/A,N/A,"23,471t","35,769t",JE/6UEC50LSH-Eco-C3-EGR,N/A,SEA-Japan-No.434.pdf,,,
TEN-OH,Hydrogen Dual-Fuel Tugboat,"TSUNEISHI SHIPBUILDING Co., Ltd.",N/A,"October 15, 2025",N/A,N/A,N/A,38.0m,9.6m,4.2m,less than 300,N/A,"BEH2YDRO Twin 12-cylinder hydrogen dual-fuel ICE (4,400-horsepower class)",N/A,SEA-Japan-No.434.pdf,,,
HAWAIIAN HIGHWAY,Car Carrier,"Shin Kurushima Dockyard Co., Ltd.",S-5848,"July 17, 2015","7,500 units",20.0kt,NK,199.96m,38.0m,38.14m,"20,606t",7UEC60LSE-Eco-A2 diesel,SEA-Japan_No373_0930.pdf,,,,,
FERRY OSAKA II,Car/Passenger ferry,"Mitsubishi Heavy Industries, Ltd. (MHI)",,"September 11, 2015","146 trucks, 105 cars",23.2kt,,183.00m,27.00m,15.15m,,2 units,SEA-Japan_No373_0930.pdf,Japan,6.70m,"23,984",,
FEDERAL BEAUFORT,Box laker,"Oshima Shipbuilding Co., Ltd.",,"June 4, 2015","41,651m³",14.0kt,DNV GL,199.98m,23.762m,14.85m,"34,564t",Kawasaki MAN B&W 5S50ME-B9.3,SEA-Japan_No373_0930.pdf,,10.830m,,,
CHINA STEEL SUCCESS,Bulk carrier,Japan Marine United Corporation (JMU),,"July 14, 2015",,14.50kt,NK/CR,299.99m,50.00m,25.00m,"209,988t",MAN B&W 7S65ME-C8.2,SEA-Japan_No373_0930.pdf,,,,,
LOWLANDS NELLO,Panamax bulk carrier,Sanoyas Shipbuilding Corporation,1337,"June 26, 2015","96,597m³",14.5 knots,NK,229.00m,32.24m,20.20m,"82,014t",MAN B&W 6S60ME-C8.2,SEA-Japan_No373_0930.pdf,Republic of Malta,14.668m,,,
KING ISLAND,Bulk carrier (TESS58),"Tsuneishi Shipbuilding Co., Ltd.",,"June 9, 2015",,14.50kt,,190.00m,32.30m,18.02m,"57,631t",MAN-B&W 7S50ME-B9.3,SEA-Japan_No373_0930.pdf,,,,,
SUBMARINE Jr. II,Semi-submersible marine observation boat,"Niigata Shipbuilding & Repair, Inc.",,"July 10, 2015",,9kt,,13.99m,5.00m,2.60m,,128kW diesel,SEA-Japan_No373_0930.pdf,,1.25m,16,,
CSK UNITY,Bulk carrier,,,"May 27, 2015",,14.50kt,NK,224.9m,32.24m,19.9m,"62,124t",6S60ME-C7.1 diesel,SEA-Japan_No373_0930.pdf,,,,Sumitomo Corporation,
ATTIKI SB,Bulk carrier,,,"June 12, 2015",,13.95kt,NK,198.0m,32.26m,18.60m,"60,900t",DU-WARTSILA 6RT-flex50-D diesel,SEA-Japan_No373_0930.pdf,Cyprus,,,Young Attiki Shipping Limited,
SCARABÉ,Bulk carrier (neo 60BC),,,"June 3, 2015",,14.5kt,NK,199.99m,32.25m,18.50m,"60,435t",Mitsui-MAN B&W 6S50ME-B9.3 diesel,SEA-Japan_No373_0930.pdf,,,,Tundra Shipping Ltd.,
FIORA TOPIC,General cargo ship,,,"July 8, 2015",,14.0kt,LRS,179.96m,30.00m,14.05m,"34,356t",MAN B&W 6S46ME-B8.3 diesel,SEA-Japan_No373_0930.pdf,,9.80m,,Albro Navigation Company Inc.,
AFRICAN JAY,Cargo ship,,,"July 10, 2015","47,125.3m³",14.1kt,ABS,183.00m,30.60m,14.50m,"37,705t",Hitachi-MAN B&W 6S46ME-B8.3 diesel,SEA-Japan_No373_0930.pdf,Bahamas,10.00m,,"African Jay Shipping Co., Ltd.",
KAHYASI,LPG tanker,,,"June 10, 2015",,14.0kt,BV,119.92m,20.60m,9.60m,"8,130t",Hitachi MAN B&W 6S35ME-B9.3C diesel,SEA-Japan_No373_0930.pdf,Singapore,6.815m,,Kahyasi Shipping Pte. Ltd.,"4,170kW"
SAMHA LPG FPSO,LPG FPSO,"Ishikawajima-Harima Heavy Industries Co., Ltd. (IHI)",Single Buoy Mooring Inc. of Monaco,mid-2004,"135,000m³ storage",null,null,null,null,null,null,null,null,null,null,null,Sea294.pdf,
Escravos LPG FSO,LPG FSO,IHI,ChevronTexaco,1997,null,null,null,null,null,null,null,null,null,null,null,null,Sea294.pdf,
MOL Priority,overPanamax container carrier,"Ishikawajima-Harima Heavy Industries Co., Ltd. (IHI)","Mitsui O.S.K. Lines, Ltd.","June 17, 2002","6,400TEUs",27.8kt (max. trial),NK,null,284.56m,40.00m,24.20m,14.00m,"74,071t","74,453t",DU-Sulzer 11RTA96C diesel,"60,390kW",Sea294.pdf,
Abadi,LNG carrier,"Mitsubishi Heavy Industries, Ltd. (MHI)","Joint venture between the Brunei Government, Mitsubishi Corporation and Shell",Jun-02,"136,912m³",19.0kt (service),LR's EP notation,null,290.00m,46.00m,25.50m,11.00m,"111,461t","68,673t",null,"21,320kW",Sea294.pdf,
Cape Future,bulk carrier,"Kawasaki Heavy Industries, Ltd. (KHI)",Cape Future Shipping S. A.,"July 5, 2002","205,722m³ (cargo hold)",null,NK,null,290.00m,47.00m,24.40m,17.95m,"92,993t","185,820t",Kawasaki-MAN B&W 6S70MC (Mk VI) diesel,"16,860kW",Sea294.pdf,
Techno Superliner (TSL) - planned ship,TSL (super high-speed ship),null,Techno-Seaways Inc.,spring of 2005,725 passengers,70km/hr,null,null,Approx. 140m,Approx. 30m,null,null,"Approx. 14,500t",null,Gas turbines (waterjets),null,Sea294.pdf,
Ogasawara Maru,null,null,null,null,"1,031 passengers",40km/hr,null,null,131m,17m,null,null,"6,679t",null,Diesel engine (propeller),null,Sea294.pdf,
Pythagoras,Bulk carrier,Hitachi Zosen Corp.,Rising Sun Maritime S. A.,"July 11, 2002",null,14.5kt (service),LRS,null,217.00m,32.20m,19.15m,13.82m,"75,162t","39,709t",Hitachi Zosen-MAN B&W 6S60MC (Mk VI) diesel,null,Sea294.pdf,
European Highlander,RoRo Passenger Ferry,"Mitsubishi Heavy Industries, Ltd.",P&O European Ferries (Irish Sea) Ltd.,"May 31, 2002",null,22.5kt (service),LRS,null,162.7m,23.40m,7.61m,5.50m,"21,188GT","4,428t",Wartsila 12V38,null,Sea294.pdf,
Aventurero Dos,Bulk carrier,"Mitsui Engineering & Shipbuilding Co., Ltd.",Aventurero Dos Navigation Ltd.,"July 2, 2002",null,14.5kt (service),NK,null,189.80m,32.26m,16.90m,11.90m,"27,993t","50,206t",Mitsui-MAN B&W 6S50MCC diesel,null,Sea294.pdf,
Shinsei Maru,Tanker,NKK Corp.,"Nippon Oil Tanker Corp./ Showa Yusosen Co., Ltd.","May 17, 2002",null,14.5kt (service),NK/JG,null,243.04m,42.00m,20.70m,14.73m,"106,361t","56,212t",DU-Sulzer 6RTA58T diesel,null,Sea294.pdf,
Queen Zenobia,LPG carrier,"Namura Shipbuilding Co., Ltd.",Constellation Gas S. A.,"May 17, 2002",null,null,null,null,156.03m,25.00m,null,null,null,null,null,null,Sea294.pdf,
Vega Pioneer,Bulk carrier,Sanoyas Hishino Meisho Corp.,Vegabulk Shipholding S. A.,"June 28, 2002","66,597m³ (grain)",about 14.5kt (service),NK,null,189.90m,32.26m,17.10m,12.041m,"29,369t","52,466mt",MAN B&W 6S50MC-C diesel,null,Sea294.pdf,
Akebono,Product Tanker,"Shin Kurushima Dockyard Co., Ltd.",Solar Shipping and Trading S.A.,"Aug. 22, 2002",null,14.6kt (service),NK,null,179.88m,32.20m,18.70m,12.022m,"28,099t","46,001kt",6S50MC-C diesel,null,Sea294.pdf,
CYMONA EAGLE,Bulk carrier,"Oshima Shipbuilding Co., Ltd.",Platres Shipping Corp.,11111,"July 30, 2024",null,14.50kt,ClassNK,Panama,196.80m (b.p.),32.26m,19.28m,null,36137,"64,711t",Mitsui-MAN B&W 6S50ME-C9.7-EGRBP diesel x 1 unit,null,SEA-Japan-No.-428.pdf
WAN HAI 377,Container ship,Japan Marine United Corporation,WAN HAI LINES (Singapore) Pte. Ltd.,null,"October 1, 2024","3,055TEUs",21.6kt,DNV,null,203.50m,34.80m,16.60m,11.50m,"30,676","37,160t",MAN-B&W 7S70ME-C10.5 diesel x 1 unit,null,SEA-Japan-No.-428.pdf
BASIC SUN,Panamax bulk carrier,"Shin Kurushima Sanoyas Shipbuilding Co., Ltd.",null,1401,"August 30, 2024","97,034m3 (grain)",Approx. 14.1kt (at C.S.O. with 15% sea margin),ClassNK,null,229.000m,32.240m,20.150m,14.594m,"43,509","81,913t",null,null,SEA-Japan-No.-428.pdf
CAPE GANNET,Bulk carrier,"Imabari Shipbuilding Co., Ltd.",null,null,"October 11, 2024",null,13.65kt,ClassNK,null,291.96m,45.00m,24.70m,null,"94,321","182,027t",7S60ME-C10.6 diesel x 1 unit,null,SEA-Japan-No.-428.pdf
LUCKY QUEEN,Bulk carrier,Japan Marine United Corporation,null,5300,"August 22, 2024",null,14.4kt,ClassNK,Panama,292.0m,45.0m,24.55m,18.234m,"93,691","182,354t",MAN B&W 7S60ME-C10.6-HPCSR diesel x 1 unit,null,SEA-Japan-No.-428.pdf
NEW ACACIA,Bulk carrier,"Oshima Shipbuilding Co., Ltd.","New Acacia Marine Co., Ltd.",11091,"July 30, 2024",null,14.00kt,ABS,Marshall Islands,175.60m (b.p.),30.00m,15.33m,null,"23,774","39,415t",Japan Engine 6UEC42LSH-Eco-D4-EGR diesel (Derating) x 1 unit,null,SEA-Japan-No.-428.pdf
EROTOKRITOS,Aframax tanker,"Sumitomo Heavy Industries Marine & Engineering Co., Ltd.",null,1416,"September 12, 2024",null,14.5kt,LR,Bahamas,239.67m (b.p.),44.00m,21.55m,null,"60,177","114,763t",Mitsui MAN B&W 6G60ME-C10.5 diesel x 1 unit,null,SEA-Japan-No.-428.pdf
ARIETTA,General cargo ship,"Shin Kurushima Hiroshima Dockyard Co., Ltd.",null,S-6226,"July 23, 2024",null,12.0kt,ClassNK,Panama,114.00m (b.p.),21.20m,14.05m,9.00m,"9,943","13,465t",Makita B&W 6S35MC7.1 diesel x 1,null,SEA-Japan-No.-428.pdf
Sanha LPG FPSO,"LPG FPSO (Floating Production, Storage and Offloading) vessel","IHI Kure Shipyard (Ishikawajima-Harima Heavy Industries Co., Ltd.)",Joint venture company formed by Single Buoy Mooring Inc. and Sonangol,null,mid-2004 (Completion),"daily production capacity of 6,000m3 and storage capacity of 135,000m3",null,null,null,null,null,null,null,null,null,null,null,SEA-Japan-No.294.pdf
Escravos LPG FSO,LPG FSO vessel,Mitsui and IHI,ChevronTexaco (operator),null,1997,null,null,null,null,null,null,null,null,null,null,null,null,SEA-Japan-No.294.pdf
MOL Priority,overPanamax container carrier,"Ishikawajima-Harima Heavy Industries Co., Ltd. (IHI), Kure Shipyard","Mitsui O.S.K. Lines, Ltd.",null,"June 17, 2002 (Completion)","6,400TEUs",27.8kt (max. trial),NK,null,284.56m,40.00m,24.20m,14.00m,"74,071t","74,453t",DU-Sulzer 11RTA96C diesel x 1 unit,"60,390kW",SEA-Japan-No.294.pdf
Abadi,LNG carrier,"Mitsubishi Heavy Industries, Ltd. (MHI), Koyagi Shipyard","joint venture between the Brunei Government, Mitsubishi Corporation and Shell",HN: 2163,Jun-02,"136,912m3",19.0kt (Service speed),LR (Lloyd’s Register),null,290.00m,46.00m,25.50m,11.00 m (Design),"111,461t","68,673t",null,"21,320kW",SEA-Japan-No.294.pdf
Cape Future,bulk carrier,"Kawasaki Heavy Industries, Ltd. (KHI), Sakaide Works",Cape Future Shipping S. A.,HN: 1512,"July 5, 2002","205,722m3 (Cargo hold capacity)",null,NK,null,290.00m,47.00m,24.40m,17.95m,"92,993t","185,820t",Kawasaki-MAN B&W 6S70MC (Mk VI) diesel x 1 unit,"16,860kW x 91rpm",SEA-Japan-No.294.pdf
Ogasawara TSL,Techno Superliner (TSL),null,Techno-Seaways Inc.,null,spring of 2005 (In service),725 Passengers,70km/hr,null,null,Approx. 140m,Approx. 30m,null,null,"Approx. 14,500t",null,Gas turbines (waterjets),null,SEA-Japan-No.294.pdf
Ogasawara Maru,null,null,null,null,null,"1,031 Passengers",40km/hr,null,null,131m,17m,null,null,"6,679t",null,Diesel engine (propeller),null,SEA-Japan-No.294.pdf
Pythagoras,Bulk carrier,Hitachi Zosen Corp.,Rising Sun Maritime S. A.,4993,"July 11, 2002 (Completion)",null,14.5kt (service),LRS,null,217.00m,32.20m,19.15m,13.82m,"75,162t","39,709t",Hitachi Zosen-MAN B&W 6S60MC (Mk VI) diesel x 1 unit,null,SEA-Japan-No.294.pdf
European Highlander,RoRo Passenger Ferry,"Mitsubishi Heavy Industries, Ltd.",P&O European Ferries (Irish Sea) Ltd.,1069,"May 31, 2002 (Completion)",null,22.5kt (service),LRS,null,162.7m,23.40m,7.61m,5.50m,"21,188GT","4,428t",Wartsila 12V38 x 4 units,null,SEA-Japan-No.294.pdf
Shinsei Maru,Tanker,NKK Corp.,"Nippon Oil Tanker Corp./Showa Yusosen Co., Ltd.",221,"July 2, 2002 (Completion)",null,14.5kt (service),NK,null,243.04m,233.00m,42.00m,20.70m,"106,361t","56,212t",Mitsui-MAN B&W 6S50MCC diesel x 1 unit,null,SEA-Japan-No.294.pdf
Queen Zenobia,LPG carrier,"Namura Shipbuilding Co., Ltd.",Constellation Gas S. A.,228,"May 17, 2002 (Completion)",null,14.5kt (service),NK/JG,null,156.03m,148.00m,25.00m,null,"27,993t","50,206t",DU-Sulzer 6RTA58T diesel x 1 unit,null,SEA-Japan-No.294.pdf
Aventurero Dos,Bulk carrier,"Mitsui Engineering & Shipbuilding Co., Ltd.",Aventurero Dos Navigation Ltd.,1547,"June 28, 2002 (Completion)",null,19.43kt (trial max.),BV,null,189.80m,181.00m,32.26m,null,"16,770t","19,621t",B&W 6S50MC (Mk 6) diesel x 1 unit,null,SEA-Japan-No.294.pdf
Vega Pioneer,Bulk carrier,Sanoyas Hishino Meisho Corp.,Vegabulk Shipholding S. A.,1199,"Aug. 2, 2002 (Completion)","66,597m3 (grain cargo hold capacity)",about 14.5kt (service),NK,null,189.90m,182.00m,32.26m,17.10m,"29,369t","52,466mt",MAN B&W 6S50MC-C diesel x 1 unit,null,SEA-Japan-No.294.pdf
Akebono,Product Tanker,"Shin Kurushima Dockyard Co., Ltd.",Solar Shipping and Trading S.A.,5138,"Aug. 22, 2002 (Completion)",null,14.6kt (service),NK,null,179.88m,32.20m,18.70m,12.022m,"28,099t","46,001kt",6S50MC-C diesel x 1 unit,null,SEA-Japan-No.294.pdf
CRYSTAL ASTERIA,LPG powered LPG carrier,"Kawasaki Heavy Industries, Ltd.",Kumiai Navigation (Pte) Ltd.,1748,"August 31, 2021","84,229m3",about 17.0kt,ClassNK,Singapore,229.90m,37.20m,21.90m,11.51m,"49,145","54,922t",Kawasaki-MAN B&W 7S60ME-C10.5-LGIP diesel x 1 unit,null,sea-japan-no409.pdf
DREAM CLOVER,Newcastlemax bulk carrier called J211BC,Japan Marine United Corporation,null,null,"July 28, 2021",null,14.5kt,ClassNK,null,299.99m,50.00m,25.00m,18.40m,"108,903","212,078t",MAN B&W 7S65ME-C8.5-HPSCR diesel x 1 unit,null,sea-japan-no409.pdf
TESS66 AEROLINE,Ultramax bulk carrier category,Tsuneishi Shipbuilding Co.,null,null,null,"81,500m3",null,null,null,200m,32.25m,19.15m,13.80m,"36,900","66,200t",null,null,sea-japan-no409.pdf
JAL KALPATARU,"66,000DWT-type bulk carrier","Mitsui E&S Shipbuilding Co., Ltd. (MES-S)",null,1967,21-Jul-21,"more than 82,600 cubic meters",about 14.5kt,ClassNK,Panama,199.99m,36.00m,18.45m,null,"38,234","66,264t",MITSUI-MAN B&W 7S50ME-C9.7 diesel x 1 unit,null,sea-japan-no409.pdf
SAIKAI MARU II,"84,000DWT type bulk carrier","Namura Shipbuilding Co., Ltd.",Wealth Line Inc.,null,"June 2, 2021",null,null,ClassNK,Panama,229.00m,38.00m,null,13.49m,"47,141","84,121t",J-ENG 6UEC60LSE-Eco-A2 diesel x 1 unit,null,sea-japan-no409.pdf
VANGUARDIA,"4,300,000 cubic feet type woodchip carrier","Oshima Shipbuilding Co., Ltd.","Esteem Maritime Japan Co., Ltd.",null,"August 5, 2021","4,326,015 cubic feet",14.20kt,ClassNK,null,209.96m,37.00m,22.80m,11.523m,"49,903","60,306t",MITSUI-MAN 6S50ME-C9.6-EGRBP diesel x 1 unit,"7,430kW at 92.0rpm",sea-japan-no409.pdf
PRINCE OF NATURE,Woodchip carrier,"Onomichi Dockyard Co., Ltd.","Tokai Shipping Co., Ltd.",776,null,"3,600,000 cubic feet",null,ClassNK,Panama,199.90m,32.20m,22.80m,null,"49,899","41,151t",J-ENG 6UEC50LSH-Eco-C2-EGR diesel x 1 unit,6630kW x 93.8min-1,sea-japan-no409.pdf
CORONA UTILITY,coal carrier,null,"Tohoku Electric Power Co., Inc.",null,null,null,null,ClassNK,null,null,null,null,null,null,null,null,null,sea-japan-no409.pdf
BELMAR,"64,000DWT-type bulk carrier","Tadotsu Shipyard Co.,Ltd./ Imari Shipbuilding Co., Ltd.",null,null,"September 16, 2021",null,14.5kt,ClassNK,null,199.9m,32.24m,19.3m,null,"36,500","63,500t",6S50ME-C9.6 diesel x 1 unit,null,sea-japan-no409.pdf
WAN HAI 329,Container carrier,Japan Marine United Corporation,Wan Hai Lines (Singapore) Pte. Ltd.,null,null,null,21.6kt,ABS,null,203.50m,34.80m,16.60m,11.50m,"30,468","37,160t",MAN-B&W 7S70ME-C10.5 diesel x 1 unit,null,sea-japan-no409.pdf
CALYPSO,Crude oil carrier,"Sumitomo Heavy Industries Marine & Engineering Co., Ltd.",Murano Navigation S.A.,1406,"July 14, 2021",null,14.9kt,LR,Bahamas,228.96m,44.00m,21.80m,null,"abt. 60,200","abt. 112,000t",Hitachi MAN B&W 6G60ME diesel x 1 unit,null,sea-japan-no409.pdf
ABILITY,Bulk carrier,"Shin Kurushima Dockyard Co., Ltd.",Sun Advance Shiping S.A.,S-6111,"July 15, 2021",null,14.0kt,ClassNK,Panama,196.50m,32.26m,19.40m,null,"36,757","64,523t",Mitsui-MAN B&W 6S50ME-C9.6-EGRBP diesel x 1 unit,null,sea-japan-no409.pdf
MORNING HOPE,LPG carrier,"Sasaki Shipbuilding Co., Ltd.","Trio Happiness, S.A.",712,"May 31, 2021",null,13.4kt,ClassNK,Panama,99.98m,17.20m,7.80m,6.100m,"4,301","4,978t",Makita-MAN B&W 5L35MC6 diesel x 1 unit,"2,750kW at 178rpm",sea-japan-no409.pdf
Puteri Intan Satu,membrane type LNG carrier,"Mitsubishi Heavy Industries, Ltd. (MHI)",null,2165,"Aug. 29, 2002","137,489m3",19.5kt (service),LRS,null,Approx. 276.00m,43.40m,25.50m,11.06 (extreme),"93,038t",null,Mitsubishi Marine Steam Turbine MS40-2,"26,800kW x 89rpm",Sea295.pdf
Tempera,Aframax tanker (Double Acting Tanker),"SHI Yokosuka Shipyard (Sumitomo Heavy Industries, Ltd.)",Fortum Oil & Gas OY of Finland,null,2002,null,15.4 knots (open water),LRS,Finland,Approx. 252.00m,44.00m,22.50m,14.50m (designed),"Approx. 64,200","Approx. 106,000 MT",Electric motor-driven podded azimuthing propulsion unit,"16,000kW (MCR)",Sea295.pdf
Eishu,caprolactam carrier,"Shin Kurushima Dockyard Co., Ltd. (SKDY)",Procyon Shipholding S. A.,5188,Jul-02,null,abt. 12.8 kt (service),NK,null,79.97m,13.20m,6.20m,4.30m,"1,865t","1,866.14t",Hanshin LH36L,null,Sea295.pdf
Ginga Maru,training ship,"Mitsui Engineering & Shipbuilding Co., Ltd. (MES)","Institute for Sea Training of the Ministry of Land, Infrastructure and Transport of Japan",null,June 2004 (scheduled),null,18 knots,null,Japan,null,null,null,null,"6,100GT",null,7UEC43SLII (Mitsubishi UEC43LSII),"7,350kW at 160rpm",Sea295.pdf
Front Stratus,VLCC,Hitachi Zosen Corop.,Front Stratus Inc.,4979,"Aug. 22, 2002",null,16.0kt (service),ABS,null,329.99m,60.00m,29.70m,21.50m,"156,916t","299,157t",Hitachi-MAN B&W 7S80MC diesel x 1 unit,null,Sea295.pdf
Pegasus Island,Coal carrier,"Mitsui Engineering & Shipbuilding Co., Ltd.",Friend Shine Shipping S. A.,1543,"July 18, 2002","93,011.4m3",14.5kt (service),NK,null,229.00m,36.50m,18.50m,12.80m,"43,321t","77,830t",Mitsui-MAN B&W 5S60MC diesel x 1 unit,null,Sea295.pdf
Eliomar,Tanker,NKK Corp.,Venus Ocean Navigation S. A.,219,"July 18, 2002",null,15.40kt (service),LRS,null,274.20m,48.00m,22.40m,15.96m,"78,845t","149,991t",DU Sulzer 6RTA72 diesel x 1 unit,null,Sea295.pdf
Ferry Kyoto 2,Car/passenger ferry,"Mitsubishi Heavy Industries, Ltd.","Meimon Taiyo Ferry Co., Ltd.",1086,"Aug. 31, 2002",null,23.2kt (service),JG,null,167.0m,25.60m,8.0m,6.0m,"10,000t","4,500t",Pielstick 18PC2-6V diesel x 2 units,null,Sea295.pdf
Patriarch,Bulk carrier,"The Hakodate Dock Co., Ltd.",Crusade Shipping Ltd.,785,"Sept. 10, 2002",null,14.0 kt (service),NK,null,168.00m,29.40m,13.50m,9.55m,"19,795t","31,842t",Mitsubishi 6UEC52LA diesel x 1 unit,null,Sea295.pdf
Ocean Baron,Bulk carrier,"Namura Shipbuilding Co., Ltd.","Yamamoto Kaiun Co., Ltd.",237,"Sept. 10, 2002",null,16.35kt (max. trial),NK,null,224.89m,32.20m,19.30m,13.950m,"38,938t","74,193t",B&W 7S50MC (Mk 6),null,Sea295.pdf
Vega Eternity,Bulk carrier,Sanoyas Hishino Meisho Corp.,Venus Ocean Navigation S. A.,1200,"Sept. 10, 2002",null,14.5kt (service),NK,null,189.90m,32.26m,17.10m,12.041m,"29,369t","52,524t",MAN B&W 6S50MC-C diesel x 1 unit,null,Sea295.pdf
Ferry Fukuoka 2,car/passenger ferry,"Mitsubishi Heavy Industries, Ltd. Shimonoseki Shipyard & Machinery Works","Meimon Taiyo Ferry Co., Ltd. and the Corporation for Advanced Transport and Technology (CATT) of Japan",1087,Oct-02,null,23.2kt,JG,null,167.0m,25.60m,8.0m,6.0m,"10,000t","4,500t",Pielstick 18PC2-6V diesel x 2 units,"13,500PS",Sea296.pdf
Loch Lomond,bulk carrier,Sanoyas Hishino Meisho Corp. Mizushima Works and Shipyard,Wakoh Panama S.A.,1201,null,"89,250m3",approx. 14.5kt,null,null,225.00m,32.26m,19.30m,13.994m,"38,850t","75,845mt",MAN B&W 7S50MC-C diesel x 1 unit,"12,200ps",Sea296.pdf
Puteri Delima Satu,LNG carrier,"Mitsui Engineering & Shipbuilding Co., Ltd. (MES) Chiba Works",Malaysia International Shipping Corporation Berhad,1506,null,"137,100m3",21.38kt,LR,null,276.00m,43.40m,25.50m,11.01m,"93,038t","76,190t",MHI MS40-2 steam turbine x 1,"26,800kW x 89rpm",Sea296.pdf
Eagle Tacoma,Aframax tanker,Imabari Shipbuilding,null,null,null,"122,912.227m3",14.75kt,ABS,null,246.80m,42.00m,21.30m,14.798m (ext.),"58,166","107,123MT",Mitsui-MAN B&W 6S60MC-C x 1 unit,"13,530 kW x 105.0rpm",Sea296.pdf
NSS Endeavor,bulk carrier,"Mitsui Engineering & Shipbuilding Co., Ltd. (MES) Chiba Works",FGL Maritime Panama S. A. of Panama,1542,null,"205,630m3",14.7kt,NK,null,290.00m,47.00m,24.40m,17.95m,"93,199","184,887t",Mitsui MAN B&W 6S70MC diesel x 1 unit,"16,860kW x 91rpm",Sea296.pdf
Grace River,LPG carrier,Kawasaki Shipbuilding Corporation,Grace River Shipping S. A.,1519,"Oct. 31, 2002",null,17.0kt,NK,null,230.00m,36.00m,20.70m,10.767m,"44,673t","49,996t",Kawasaki-MAN B&W 6S70MC MkVI diesel x 1 unit,null,Sea296.pdf
GALEA,LNG Carrier,"Mitsubishi Heavy Industries, Ltd.",Shell Bermuda (Overseas) Limited,2172,"Sept. 30, 2002",null,19.0kt,LRS,null,290.00m,46.00m,25.50m,11.00m,"111,459t","68,655t",Mitsubishi MS32-2,null,Sea296.pdf
Taizan,VLCC,NKK Corp. (Present Universal Shipbuilding Corp.),Ocean Link Maritime S. A.,225,"Sept. 25, 2002",null,15.95kt,NK,null,333.00m,60.00m,29.60m,18.60m,"160,084t","300,405t",DU Sulzer 7RTA84T diesel x 1 unit,null,Sea296.pdf
Lita,Tanker,"Namura Shipbuilding Co., Ltd.","Essential Shipping Co., Ltd.",239,"Sept. 27, 2002",null,15.45kt,ABS,null,241.03m,42.00m,21.20m,14.923m,"56,573t","104,403t",B&W 6S60MC diesel x 1 unit,null,Sea296.pdf
Grand Mercury,PCTC,"Shin Kurushima Dockyard Co., Ltd.",Dynamic Sunrise Shipping S.A.,5137,"Sept. 24, 2002",null,20.0kt,KR,null,199.54m,32.26m,14.60m,9.60m,"58,947t","19,121t",8UEC60LS x 1 unit,null,Sea296.pdf
Petropavlovsk,Tanker,"Tsuneishi Shipbuilding Co., Ltd.",Glefi Shipping XXXI Company Limited,1231,"Sept. 25, 2002",null,16.21(trial Max.),DNV,null,231.419m,42.000m,21.200m,14.850m,"57,683t","106,532t",M.A.N.-B&W 6S60MC (Mark6) x 1 unit,null,Sea296.pdf
Sanko Advance,Tanker,"Sasebo Heavy Industries Co., Ltd.",Advance Tankship Ltd.,484,"Oct. 11, 2002",null,14.5kt,ABS,null,238.94m,38.00m,20.00m,12.19m,"50,199t","77,904t",Mitsui-MAN B&W 6S60MC (Mk VI) diesl x 1 unit,null,Sea296.pdf
NYK Apollo,"6,492TEU Post Panamax Container Carrier",IHI Marine United Inc.,Great River Line S.A. of Panama,3155,"November 29, 2002","6,492TEUs",25.0kt,NK,Panama,299.90m,40.00m,23.90m,14.00m,"75,484t","81,171MT",DU-Sulzer 12RTA96C diesel,"61,350kW x 97.7rpm (MCR)",Sea297.pdf
Genoa Bridge,"5,576TEU Container Carrier","Koyo Dockyard Co., Ltd. (Imabari group)",null,2152,"Sept. 9, 2002","5,576TEUs",25.00kt,ABS,null,278.94m,40.00m,24.00m,12.50m,"66,292","67,197M.T.",Mitsui-Man B&W 10K98MC(VI),"57,200kW x 94.0rpm (MCR)",Sea297.pdf
Kota Gembira,"2,607TEU container carrier","Toyohashi Shipbuilding Co., Ltd.",Kota Gembira Limited,3556,"Nov. 19, 2002","2,607TEUs",22.0kt,NK,null,226.54m,32.20m,16.80m,11.50m,"28,676t","37,114t",Mitsui-MAN B&W 7S70MC-C diesel,"21,735kW x 91rpm (MCR)",Sea297.pdf
Coral Islander,Multipurpose cargoship,"Shin Kurushima Dockyard Co., Ltd.",null,5205,null,"914TEUs, 607 vehicles",18.0kt,NK,null,160.70m,25.00m,14.80m,9.20m,"17,000t","17,500t",7UEC 50LS II diesel,"13,087ps x 124rpm",Sea297.pdf
Song Lin Wan,"105,500-dwt product and crude oil carrier","Namura Shipbuilding Co., Ltd.",null,238,"November 27, 2002","122,116.5 m3",15.77 knots (max. trial),BV,null,241.03m,42.00m,21.20m,14.90m,"57,000t","105,500t",Hitachi B&W 6S60MC diesel,"16,003ps x 101rpm (MCR)",Sea297.pdf
Orange Tiara,Panamax bulk carrier,Sanoyas Hishino Meisho Corp.,"Esmeralda Lines, S.A.",1202,null,"89,250m3 (grain)",14.5kt,NK,null,225.00m,32.26m,19.30m,13.994m,"38,871t","75,846mt",MAN-B&W 7S50MC-C diesel,"12,200ps (MCR)",Sea297.pdf
Koho I,Oil Tanker,IHI Marine United Inc.,Nestor Lines S.A.,3160,"November 21, 2002",null,16.15kt,NK,null,333m,60.00m,29.50m,21.428m (ext.),"154,260t","301,045mt",DU-Sulzer 7RTA84T,null,Sea297.pdf
Althea Gas,LPG carrier,Kawasaki Shipbuilding Corporation,I. S. Carriers S. A.,1515,"Jan. 27, 2003","82,488m3",17.0kt,ABS,null,227.00m,36.00m,21.90m,11.60m,"46,393t","53,677t",Kawasaki MAN B&W 5S70MC MkVI diesel,null,Sea297.pdf
GALLINA,LNG Carrier,"Mitsubishi Heavy Industries, Ltd.",Shell Bermuda (Overseas) Limited,2173,"Dec. 27, 2002",null,19.0kt,LRS,null,290.00m,46.00m,25.50m,11.00m,"111,459t","68,696t",Mitsubishi MS32-2,null,Sea297.pdf
Peneda,Aframax tanker,"Sumitomo Heavy Industries, Ltd.","Peneda Shipping Company Sociedade Portuguesa de Navios Tangues, S. A.",1289,"Oct. 31, 2002",null,abt. 14.95kt,DNV,null,239.00m,42.00m,21.30m,12.19m,"56,255t","105,538t",DU-Sulzer 6RTA58T diesel,null,Sea297.pdf
Front Page,Double-hull VLCC,Universal Shipbuilding Corp.,Front Saga Inc.,4980,"Sept. 30, 2002",null,16.2kt,ABS,null,329.99m,60.00m,29.70m,21.50m,"156,916t","299,164t",Hitachi Zosen MAN B&W 7S80MC diesel,null,Sea297.pdf
Balder,"Self-unloading, double-hull bulk carrier","Oshima Shipbuilding Co., Ltd.",Klaveness Shipping AS,10302,"May 13, 2002",null,14.5kt,DNV,null,189.99m,32.26m,16.67m,11.724m,"48,184t","30,739t",Kawasaki MAN B&W 6S50MC-C diesel,null,Sea297.pdf
Natural Gas Hydrate Carrier,NGH carrier,"Mitsui Engineering & Shipbuilding Co., Ltd. (MES)","Mitsui Engineering & Shipbuilding Co., Ltd. (MES)",null,null,"abt. 155,000.0m3",abt. 17.0kt,null,null,300.0m,46.0m,24.5m,13.5m,null,null,null,null,Sea298.pdf
Shin Kenryu,"200,000DWT type bulk carrier (Newcastle Maxim)",Universal Shipbuilding Corporation,Erica Navigation S. A. of Panama,218,null,"approx. 217,700m3",14.5knots,NK,Panama,299.95m,50.00m,24.10m,17.88m,"101,953ton","203,508ton",MES MAN B&W 6S70MC Mark VI,"16,020kW x 91min-1",Sea298.pdf
Azurite Ocean,bulk carrier,"The Hakodate Dock Co., Ltd.","Star Bulk Carrier Co., S.A. (Panama)",790,"November, 2002",null,null,NK,Panama,176.85m,29.40m,13.50m,9.562m,"19,762t","32,178t",Mitsubishi 6UEC52LA diesel engine,"6,620 kW (9,000 PS) x 130rpm",Sea298.pdf
MOL Encore,"4,500TEU Panamax container carrier",IHI Marine United Inc.,Lunar River Line S.A. of Panama,3163,"March 25, 2003","4,500TEU",24.5kt,NK,Panama,294.130m,32.26m,19.03m,13.54m,"53,096t","61,441t",DU-Sulzer 9RTA96C diesel x 1 unit,"49,410kW at 100.0rpm",Sea298.pdf
Nissos Kypros,Handymax bulk carrier,Sanoyas Hishino Meisho Corp.,Tramontana Shipping Company Ltd.,1203,"Feb. 28, 2003","69,428m3 (grain)",abt. 14.7kt,LRS,null,189.90m,32.26m,17.20m,12.235m,"31,169t","55,222mt",MAN B&W 6S50MC-C diesel x 1 unit,"12,870ps",Sea298.pdf
Nissos Hios,Handymax bulk carrier,Sanoyas Hishino Meisho Corp.,Pounentes Shipping Company Ltd.,null,null,null,null,null,null,null,32.26m,null,null,null,"55,000DWT",null,null,Sea298.pdf
Nordhval,bulk carrier,"Mitsui Engineering & Shipbuilding Co., Ltd. (MES)",D/S Norden A/S,1565,null,"70,800m3",14.5kt,LR,null,189.99m,32.26m,17.90m,12.55m,"31,260t","56,060t",Mitsui-MAN B&W 6S50MCC diesel x 1 unit,"9,480KW x 127.0rpm",Sea298.pdf
Doric Samurai,bulk carrier,"Toyohashi Shipbuilding Co., Ltd.",Katuura Naviera S.A.,3546,null,"68,258m3 (grain)",14.5kt,NK,null,189.99m,32.26m,17.00m,12.00 m,"29,862t","52,587t",Mitsui MAN-B&W 6S50MC (Mark VI),"7,796 kW x 116 min-1",Sea298.pdf
NYK Artemis,Container carrier,IHI Marine United Inc.,Great River Line S.A.,3156,"Feb 9, 2003","6,492TEUs",25.0kt,NK,null,299.90m,40.00m,23.90m,14.00m,"75,484t","81,171t",DU SULZER 12RTA96C diesel x 1 unit,null,Sea298.pdf
Cape Enterprise,Bulk carrier,Kawasaki Shipbuilding Corporation,Ocean Shipholding S. A.,1516,"Mar. 6, 2003",null,null,NK,null,290.00m,47.00m,24.40m,17.95m,"92,993t","185,909t",Kawasaki-MAN B&W 6S70MC MkVI diesel x 1 unit,null,Sea298.pdf
Lycaste Peace,LPG Carrier,"Mitsubishi Heavy Industries, Ltd.",Quailwood Enterprises Inc.,2178,"Feb. 28, 2003","78,000m3",abt.16.7kt,NK,null,abt.230.0 m,36.6 m,20.8 m,10.6 m,"46,021t","abt.48,500t",7UEC60LS diesel x 1 unit,null,Sea298.pdf
Ocean Celebrity,Bulk carrier,"Mitsui Engineering & Shipbuilding Co., Ltd.",Green Spanker Shipping S. A.,1553,"Jan. 17, 2003",null,15.0kt,NK,null,289.00m,45.00m,24.40m,17.95m,"88,494t","177,638t",Mitsui-MAN B&W 6S70MC diesel x 1 unit,null,Sea298.pdf
Parat,Bulk carrier,"The Hakodate Dock Co., Ltd.",Crusade Shipping Ltd.,786,"Feb. 20, 2003",null,14.0 kt,NK,null,null,29.40m,13.50m,9.56m,"19,795t","31,829t",Mitsubishi 6UEC52LA diesel x 1 unit,null,Sea298.pdf
Mado,LPG carrier,"Namura Shipbuilding Co., Ltd.",Clean Gas Shipping and Trading Co. S. A.,231,"Jan 22, 2003","22,779.624m3",19.15kt,BV,null,156.03m,25.00m,16.50m,9.770m,"16,770t","19,621t",B&W 6S50MC (Mk VI) diesel x 1 unit,null,Sea298.pdf
Belpareil,Bulk carrier,"Oshima Shipbuilding Co., Ltd.","YSH Shipping Co., Ltd.",10323,"17 Jan., 2003",null,14.5kt,NK,null,188.5m,32.26m,17.15m,12.14m,"29,410t","52,960t",KAWASAKI B&W 6S50MC-C x 1 unit,null,Sea298.pdf
MOL Efficiency,Large container carrier,"Mitsubishi Heavy Industries, Ltd. (MHI) at its Kobe Shipyard & Engine Works","Mitsui O.S.K. Lines, Ltd. (MOL)",1246,"Apr. 16, 2003","4,646TEUs",about 25.5kt,ABS,null,294.09m,32.22m,21.85m,13.50m,"53,822t","63,160t",Mitsubishi Sulzer 9RTA96C diesel x 1 unit,"49,410kW x 100 min-1",Sea299.pdf
INCA,Product oil carrier,"Imabari Shipbuilding Co., Ltd.",Imabari Group,2161,null,"81,691m3",14.50knots,LRS,null,228.54m,32.20m,19.50m,13.20m,"39,085t","68,467",Mitsui-MAN B&W 6560MC Mark VI diesel x 1 unit,"10,002kW x 93.0rpm",Sea299.pdf
Iwatesan,Double-hull crude oil carrier (VLCC),"Mitsui Engineering & Shipbuilding Co., Ltd. (MES) at Chiba Works",Fair Wind Shipping Navigation S. A. of Panama,1557,null,"352,606m3",16.55kt,NK,null,333.00m,60.00m,29.65m,20.92m,"159,912t","300,667t",Mitsui-MAN B&W 7S80MC-C diesel x 1 unit,"27,160kW x 76rpm",Sea299.pdf
Clipper Star,LPG/NH3 carrier,Kawasaki Shipbuilding Corporation at Sakaide Shipyard,Partrederiet Clipper Star DA of Norway,1522,null,"59,342m3",about 16.2kt,DNV,null,205.00m,32.20m,20.20m,12.00m,"34,970t","44,807t",Kawasaki-MAN B&W 5S60MC-C diesel x 1 unit,"11,275kW x 105rpm",Sea299.pdf
Montigny,Aframax crude oil carrier,Sanoyas Hishino Meisho Corp. at Mizushima Works and Shipyard,San Tomas Shipping Corp.,1205,null,"131,617m3",about 14.7kt,ABS,null,249.00m,44.00m,21.20m,14.825m,61.991t,"115,418mt",MAN B&W 6S60MC-C diesel x 1 unit,"18,420ps",Sea299.pdf
NYK Aphrodite,Container carrier,IHI Marine United Inc.,Great River Line S. A.,3157,"Apr. 21, 2003","6,492TEUs",25.0kt,NK,null,299.90m,40.00m,23.90m,14.00m,"75,484t","81,171t",DU-Sulzer 12RTA96C diesel x 1 unit,null,Sea299.pdf
Bulk Sirius,Bulk carrier,Kawasaki Shipbuilding Corporation,Million Comets S. A.,1535,"Mar 12, 2003",null,null,NK,null,189.90m,32.26m,16.90m,11.90m,"27,989t","50,344t",Kawasaki-MAN B&W 6S50MC-C diesel x 1 unit,null,Sea299.pdf
Champion,Tanker,"Sumitomo Heavy Industries Marine & Engineering Co., Ltd.",Aldan Finance Ltd.,1293,"June 10, 2003",null,abt. 14.9kt,LRS,null,239.00m,42.00m,21.30m,14.85m,"56,203t","abt. 105,200mt",Diesel United-Sulzer 6RTA58T diesel x 1 unit,null,Sea299.pdf
Silver Lining,Product tanker,"Shin Kurushima Dockyard Co., Ltd.",Melodia Maritime Pte. Ltd.,5156,Feb. 26. 2003,null,16.61kt,NK,null,179.88m,32.2m,18.7m,12.0m,"28,059t","46,013t",6UEC60LA diesel x 1 unit,null,Sea299.pdf
Emerald Stream,Bulk carrier,"Oshima Shipbuilding Co., Ltd.",Wealth Line Inc.,10315,"Apr. 16, 2003",null,14.5kt,NK (M0),null,225.00m,32.26m,19.39m,14.126m,"39,966t","76,858t",MAN B&W 5S6OMC-C diesel x 1 unit,null,Sea299.pdf
Bunga Kasturi,VLCC,Universal Shipbuilding Corporation,Malaysia International Shipping Corporation Berhad,5004,"Apr. 4, 2003",null,16.00kt,ABS,null,329.99m,60.00m,29.70m,21.566m,"156,967t","299,999t",Hitachi Zosen MAN-B&W 7S80MC (Mk VI) diesel x 1 unit,null,Sea299.pdf
Fortune Glory,Bulk carrier,"Toyohashi Shipbuilding Co., Ltd.",Dynamic Hope Shipping S. A.,3548,"May 16, 2003",null,14.75kt,KR,null,189.99m,32.26m,17.00m,12.14m,"29,862t","53,350t",Mitsui-MAN-B&W 6S50MC (Mark 6) diesel x 1 unit,null,Sea299.pdf
Tempera,Aframax tanker (Crude oil and oil product carrier),"Sumitomo Heavy Industries, Ltd. (now Sumitomo Heavy Industries Marine & Engineering Co., Ltd.: SHI ME)",Fortum Oil & Gas OY of Finland,null,null,null,Approx. 15.4 knots (open water),"Ice Class 1A Super, LRS",null,Approx. 252.00m,44.00m,22.50m,"14.50m (designed), 15.30m (scantling)","Approx. 64,200","106,034DWT",Electric motor-driven podded azimuthing propulsion unit,"16,000kW (MCR)",Sea300.pdf
Shinju Maru No. 1,Coastal LNG carrier (pressure build-up type),Kawasaki Shipbuilding Corporation / Higaki Shipbuilding Co.,"Corporation for Advanced Transport and Technology and Shinwa Chemical Tanker Kaisha, Ltd.",1529,null,"2,513m3",Approx. 12.7kt,NK,null,86.29m,15.10m,7.00m,4.171m,"2,936t","1,781t",Hanshin Diesel LH36LA diesel x 1 unit,"1,912kW x 270rpm",Sea300.pdf
Tsurumi,Double hull crude oil carrier (VLCC),IHI Marine United Inc. (IHIMU),Kei Enterprise Incorporation of Panama,3071,"July 8, 2003",null,16kt,NK,null,333.00m,60.00m,29.00m,20.529m,"159,610t","300,610t",DU-Sulzer 7RTA84T,"27,160kW x 74.0rpm",Sea300.pdf
Yamato,Ferry,"Mitsubishi Heavy Industries, Ltd. (MHI)","Hankyu Ferry Co., Ltd.",null,null,"667 passengers, 229 trucks, 138 passenger cars",23.5kt,null,null,195.0m,26.4m,9.90m,6.7m,"13,353t",null,Wartsila 16V-38B x 2 sets,null,Sea300.pdf
MOL Endeavor,Container Ship,IHI Marine United Inc.,Lunar River Line S. A.,3164,"June 26, 2003","4,500TEUs",24.5kt,NK,null,294.13m,32.26m,19.03m,13.54m,"53,096t","61,441t",DU SULZER 9RTA96C diesel x 1 unit,null,Sea300.pdf
Crystal Marine,LPG carrier,Kawasaki Shipbuilding Corporation,Kumiai Navigation (Pte) Ltd.,1518,"June 30, 2003","80,138m3 (cargo hold)",17.0kt,NK,null,227.50m,37.20m,21.00m,11.20m,"45,801t","53,395t",Kawasaki-MAN B&W 7S60MC-C diesel x 1 unit,null,Sea300.pdf
Gas Capricorn,LPG carrier,"Mitsubishi Heavy Industries, Ltd.",Gas Diana Transport Inc.,2179,"June 30, 2003","78,934m3 (cargo hold)",abt. 16.7kt,NK,null,abt. 230m,36.60m,20.80m,10.60m,"46,021t","abt. 48,898t",Mitsubishi 7UEC60LS diesel x 1 unit,null,Sea300.pdf
Shin Heiryu,Ore/bulk carrier,Universal Shipbuilding Corp.,Thebe Maritime S. A.,228,"June 30, 2003",null,14.5kt,NK,null,299.95m,50.0m,24.10m,17.88m,"101,953t","203,315t",MAN B&W 6S70MC (MARK VI) diesel x 1 unit,null,Sea300.pdf
Cape Glory,Bulk carrier,"Namura Shipbuilding Co., Ltd.",Cape Glory Shipping S. A.,229,"June 12, 2003",null,17.4kt (trial max),NK,null,288.97m,45.00m,24.40m,17.955m,"89,529t","177,173t",B&W 6S70MC (Mark6) diesel x 1 unit,null,Sea300.pdf
Chemroad Vega,Chemical carrier,"Shin Kurushima Dockyard Co., Ltd.",Eiko Maritime S. A.,5193,"June 12, 2003",null,15.0kt (trial max),NK,null,174.38m,27.70m,16.0m,11.0m,"20,035t","34,528t",6UEC52LS diesel x 1 unit,null,Sea300.pdf
Hiryu,Bulk carrier,"Oshima Shipbuilding Co., Ltd.",Olamar Navegacion S. A.,10343,"June 18, 2003",null,14.5kt (trial max),NK,null,188.50m,32.26m,17.15m,12.14m,"29,413t","52,982t",KAWASAKI-MAN B&W 6S50MC-C diesel x 1 unit,null,Sea300.pdf
Energy Frontier,LNG carrier,Kawasaki Shipbuilding Corporation,"Tokyo LNG Tanker Co., Ltd.",1520,"Sept. 16, 2003","145,385m3",about 19.5kt,NK,null,289.50m,49.00m,27.00m,11.404m,"119,381t","71,642t",Kawasaki UA-400 steam turbine,"26,900kW x 80rpm",Sea301.pdf
Sapphire Princess,cruise ship,"Mitsubishi Heavy Industries, Ltd.",P&O Princess Cruises International plc,2180,May-04,"1,337 passenger cabins",22.1kt,null,null,290.0m,37.5m,41.3m,8.05m,"abt. 113,000t",null,"Diesel generators, Gas turbine-generator, and Propulsion motors",null,Sea301.pdf
NYK PHOENIX,"6,586TEU Type Container Carrier","Imabari Shipbuilding Co., Ltd.",Japanese owner,2148,"October 3, 2003","6,586TEU",25kt,NK,null,299.95m,40.00m,24.00m,14.00m,"76,199t","80,270t",DU SULZER 12RTA96C diesel,"64,200kW x 100.0rpm",Sea301.pdf
Urashima,Autonomous Underwater Vehicle (AUV),"Mitsubishi Heavy Industries, Ltd.",JAMSTEC,null,null,null,Approx. 4kt (max),null,null,Approx. 10m,null,null,null,null,Approx. 10t (weight in air),Closed polymer electrolyte fuel cell,4kW,Sea301.pdf
Selene Trader,VLCC,"Mitsui Engineering & Shipbuilding Co., Ltd.",Regulus Lines S. A.,1558,"Sept. 30, 2003","352,606m3",null,NK,Panama,333.00m,60.00m,29.65m,20.879m,"159,912t","299,991t",Mitsui-MAN B&W 7S80MC-C diesel,"27,160kW x 76rpm",Sea301.pdf
Musashi Maru,Roll-on/roll-off cargoship,"Shin Kurushima Dockyard Co., Ltd.","Kyushu Kyuko Ferry Co., Ltd.",null,Sep-03,"160 units (chassis), 120 cars",23.0kt,NK,null,166.03m,27.00m,22.50m,7.017m,"13,927T","6,389t",B&W 12L50MC-C,"16,920kW x 148min-1",Sea301.pdf
r2D4,autonomous underwater vehicle (AUV),"Mitsui Engineering and Shipbuilding Co., Ltd.",University of Tokyo,null,Jul-03,null,3kt,null,null,4.4m,0.81m,1.08m,null,null,1.506t (weight in air),Lithium ion secondary batteries,null,Sea301.pdf
Eneos Breeze,VLCC,IHI Marine United Inc.,"Liberian Jerboa Transport, Inc.",3161,"Sept. 18, 2003",null,16kt,NK,Liberia,333.00m,60.00m,29.00m,20.529m,"159,909t","301,013t",DU-Sulzer 7RTA84TB diesel,"27,160kW x 74.0rpm",Sea301.pdf
Berge Nice,LPG carrier,Kawasaki Shipbuilding Corporation,Bergesen Dy Shipping AS,1523,"Sept. 30, 2003","59,343m3",16.55kt,DNV,null,204.915m,32.20m,20.20m,12.00m,"35,000t","44,639t",Kawasaki-MAN B&W 5S60MC-C diesel,null,Sea301.pdf
PAOLA I,Tanker,"Namura Shipbuilding Co., Ltd.",Augustea Ship Management S. R. L.,234,"Sept. 11, 2003",null,14.88kt,ABS,null,241.03m,42.0m,21.20m,14.923m,"58,477t","105,817t",Sulzer 7RTA58T diesel,null,Sea301.pdf
Kaminesan,VLCC,Universal Shipbuilding Corp.,Astral Shipping Navigation S.A.,4995,"July 31st, 2003",null,15.75kt,NK,null,332.98m,60.00m,29.40m,21.024m,"159,813t","303,896t",HITACHI ZOSEN MAN B&W 7S80MC-C diesel,null,Sea301.pdf
Maritime Sirinant,Bulk carrier,"The Hakodate Dockyard Co., Ltd.",Silver Star Ship Line S. A.,792,"Aug. 26, 2003","89,250m3",14.5kt,NK,null,225.00m,32.26m,19.30m,13.994m,"38,871t","75,730mt",MAN B&W 7S50MC-C diesel,null,Sea301.pdf
Red Iris,Bulk carrier,Sanoyas Hishino Meisho Corp.,F. J. Lines Inc.,1210,"Aug. 28, 2003",null,15.2 kt,LRS,null,239.00m,42.00m,21.30m,14.85m,"56,204t","105,250mt",DU-SULZER 6RT-FLEX58T-B diesel,null,Sea301.pdf
Opal Stream,Bulk carrier,"Oshima Shipbuilding Co., Ltd.",Opal Stream Shipping S. A.,10344,"Sept. 24, 2003",null,14.5kt,NK,null,225.00m,32.26m,19.39m,14.12m,"39,000t","76,500t",KAWASAKI MAN B&W 5S60MC-C,null,Sea301.pdf
Sea Lady,Tanker,"Sumitomo Heavy Industries Marine & Engineering Co., Ltd.",Artemis Shipping UK Limited,1295,null,null,null,null,null,null,null,null,null,null,null,null,null,Sea301.pdf
Maroudio,"56,000DWT bulk carrier","Mitsui Engineering & Shipbuilding Co., Ltd. (MES), Tamano Works",Appleton Shipping Ltd. of Liberia,1573,"Oct. 23, 2003","about 70,800m3",14.5kt,LR,Liberia,189.99m,32.26m,17.90m,12.55m,"31,269t","56,020mt",Mitsui-MAN B&W 6S50MCC diesel x 1 unit,"9,480KW x 127.0rpm",Sea302.pdf
Pacific Notus,Moss type LNG carrier,"Mitsubishi Heavy Industries, Ltd. (MHI), Nagasaki Shipyard & Machinery Works",Pacific LNG Shipping Limited,2176,"Sept. 30, 2003","137,006m3",19.2kt,NK,null,293.55m (including helicopter deck),46.0m,25.5m,11.0m,"111,553",null,Mitsubishi Marine Steam Turbine MS32-2,"21,320kW x 81rpm",Sea302.pdf
Mare Salernum,"110,000DWT double hull tanker","Mitsui Engineering & Shipbuilding Co., Ltd. (MES), Tamano Works",Fratelli d’Amico Armatori S.p.A. of Italy,1567,"Oct. 15, 2003","128,000m3 (100%)",14.9kt,RINA/LR,null,245.50m,42.00m,21.50m,14.95m,"59,700t","110,500t",Mitsui-MAN B&W 7S60MC diesel x 1 unit,"14,280kW x 105rpm",Sea302.pdf
Unique Privilege,double-hull Aframax clean product carrier,"Sumitomo Heavy Industries Marine & Engineering Co., Ltd. (SHI-ME), Yokosuka Shipyard",Unique Shipping (H. K.) Limited,null,"Nov. 4, 2003","122,330m3",15.2kt at 12.19 draft,NK,null,239.00m,42.00m,21.30m,12.19m,"56,285t","105,400t",DU-Sulzer 6RTA58T diesel x 1 unit,null,Sea302.pdf
Fucsia,Aframax crude oil carrier,"Sanoyas Hishino Meisho Corp., Mizushima Works and Shipyard",San Mark Shipping Corp.,1209,null,"131,617m3",about 14.7kt,ABS,null,249.00m,44.00m,21.20m,14.825m,"61,991t","115,482mt",MAN B&W 6S60MC-C diesel x 1 unit,"18,420ps",Sea302.pdf
Rokkosan,VLCC,Universal Shipbuilding Corporation,Carol Shipping Navigation S.A.,230,"Oct. 28, 2003",null,16.1kt,NK,null,333.00m,60.00m,29.60m,20.865m,"160,066t","300,257t",DU Sulzer 7RTA 84T-B x 1 unit,null,Sea302.pdf
Kinko Maru,Tanker,"Namura Shipbuilding Co., Ltd.",Daiichi Chuo Kisen Kaisha,240,"Oct. 28, 2003",null,null,NK,null,241.03m,42.00m,21.20m,14.923m,"56,659t","abt. 105,433t",B&W 6S60MC diesel x 1 unit,null,Sea302.pdf
Aquaglory,Bulk Carrier,"Sasebo Heavy Industries Co., Ltd.",Delfini Naviera S. A.,490,"Oct. 10, 2003",null,null,NK,null,289m,44.98m,24.40m,17.95m,"87,597t","171,015t",Mitsui B&W 6S70MC,null,Sea302.pdf
Martorell,Car carrier,"Toyohashi Shipbuilding Co., Ltd.",New Auto Carrier S. A.,3561,"Nov. 19, 2003","5,342 cars & trucks",16.85kt,ABS,null,199.54m,32.26m,33.81m,9.725m (ext.),"57,789t","19,531t",Kobe Diesel Mitsubishi (Mark VI) diesel x 1 unit,null,Sea302.pdf
Global Galaxy,Bulk carrier,"Oshima Shipbuilding Co., Ltd.",Global Bulkship S. A.,10351,"Sept. 24, 2003",null,14.5kt,NK,null,189.00m,32.26m,17.15m,12.14m,"29,353t","53,020t",Mitsubishi 6UEC50LS II x 1 unit,null,Sea302.pdf
MOL Endurance,Container ship,IHI Marine United Inc.,Lunar River Line S.A.,3165,"Sept. 23, 2003","4,500TEUs",24.5kt,NK,null,294.13m,32.26m,19.03m,13.54m,"53,096t","61,441t",DU SULZER 9RTA96C diesel x 1 unit,null,Sea302.pdf
NYK Argus,Large container carrier,IHI Marine United Inc. (IHI MU) at the Kure Shipyard,Glorious River Line S.A. (for NYK),null,"Feb. 4, 2004","6,492TEU",approx. 25.0kt,NK,null,284.00m,40.00m,23.90m,14.035m,"75,484t","81,171t",DU-Sulzer 12RTA96C diesel x 1 unit,"61,350kW x 97.7rpm (MCR)",Sea303.pdf
ASTRA,Handymax bulk carrier (Future 48),IHI Marine United Inc. (IHI MU) at the Yokohama Shipyard,AM Nomikos Transworld Maritime,null,null,null,14.5kt,NK,null,181.00m (L b.p.),32.20m,16.50m,10.70m,"28,171t","48,821t",DU-Sulzer 6RTA48T diesel x 1 unit,null,Sea303.pdf
Loch Long,Panamax bulk carrier,"Sanoyas Hishino Meisho Corp., Mizushima Works and Shipyard",Salivan Shipping S. A.,1216,"Jan. 20, 2004","89,250m3 (grain)",14.5kt,NK,null,225.00m,32.26m,19.30m,13.994m,"38,871t","75,785mt",MAN B&W 7S50MC-C diesel x 1 unit,12.200ps (MCR),Sea303.pdf
Clipper Harvest,Log/Bulk Carrier,"The Hakodate Dock Co., Ltd.",Colas Harvest Ltd. (Clipper group),795,"Jan. 9, 2004",null,null,ABS,Bahamas,176.85m,29.40m (mld.),13.50m (mld.),9.560m (ext.),"19,730t","32,038t",Mitsubishi 6UEC52LA diesel engine,"6,620 kW (9,000ps) x 130rpm",Sea303.pdf
Liberty Eagle,Handymax bulker,"Oshima Shipbuilding Co., Ltd. (OSY)",Liberty Shipping Group,null,"Jan. 27, 2004",675TEU,15.30kt,ABS,USA,189.99m,32.26m,16.67m,12.25m,"28,762t","51,812t",KAWASAKI MAN B&W 6S50MC-C diesel x 1 unit,"9,480kW x 127.0rpm (MCR)",Sea303.pdf
Shin Kenryu,Bulk carrier (Newcastle Max.),Universal Shipbuilding Corporation (USC),null,null,Mar-03,"217,700m3",14.5knots,NK,null,299.95m,50.00m,24.10m,17.88m (scantling),"101,953ton","203,508ton",MES MAN B&W 6S70MC Mark VI,"16,020kW x 91min-1",Sea303.pdf
Himawari No.5,RO/RO cargo ship,"Mitsubishi Heavy Industries, Ltd., Shimonoseki Shipyard","Nippon Express Co., Ltd. and Shosen Mitsui Ferry Co., Ltd.",1096,24th September 2003,Trailer chassis: 160 units; Ordinary car: 251 units,23.0kt,NK,null,166.90m,27.00m,23.27m,6.60m,"10,470t (Japanese)","6,202t",9UEC52LSE diesel x 1 unit,"15,345kW x 127rpm",Sea303.pdf
Himawari No. 6,RO/RO cargo ship,"Mitsubishi Heavy Industries, Ltd., Shimonoseki Shipyard","Nippon Express Co., Ltd. and Shosen Mitsui Ferry Co., Ltd.",null,Dec-03,null,23.0kt,NK,null,166.90m,27.00m,23.27m,6.60m,"10,470t","6,202t",9UEC52LSE diesel,null,Sea303.pdf
Sunflower Hakata,RO/RO cargo ship,"Mitsubishi Heavy Industries, Ltd., Shimonoseki Shipyard","Nippon Express Co., Ltd. and Shosen Mitsui Ferry Co., Ltd.",null,null,null,23.0kt,NK,null,166.90m,27.00m,23.27m,6.60m,"10,470t","6,202t",9UEC52LSE diesel,null,Sea303.pdf
Sunflower Tokyo,RO/RO cargo ship,"Mitsubishi Heavy Industries, Ltd., Shimonoseki Shipyard","Nippon Express Co., Ltd. and Shosen Mitsui Ferry Co., Ltd.",null,null,null,23.0kt,NK,null,166.90m,27.00m,23.27m,6.60m,"10,470t","6,202t",9UEC52LSE diesel,null,Sea303.pdf
Ooita,passenger/car ferry,"Naikai Zosen Corporation (NZC), Setoda Works","Uwajima Unyu Co., Ltd. and Corporation for Advanced Transport & Technology (CATT)",688,null,"35 trucks, 25 passenger cars, 500 persons",20.2kt,JG,null,115.00m,16.00m,10.60m,4.45m,"2,453t","1,175t",Daihatsu 6DKM-36 diesel x 2 units,null,Sea303.pdf
Sabrewing,Methanol carrier,"Naikai Zosen Corporation (NZC), Setoda Works",New Glory Shipping S. A.,678,null,"57,844m3",15.867kt (max. trial),ABS,null,186.00m,32.20m (mld.),18.40m (mld.),11.60m (mld.),"29,647t","49,323t",Hitachi Zosen MAN B&W 6S50MC-C diesel x 1 unit,"9,480kW x 127 min-1 (MCR)",Sea303.pdf
Clipper Moon,LPG carrier,Kawasaki Shipbuilding Corporation,Solvang ASA and Bergesen D. Y. ASA,1531,"Dec. 4, 2003","59,388m3",16.55kt,DNV,null,204.915m,32.20m,20.20m,12.00m,"35,012t","44,822t",Kawasaki-MAN B&W 5S60MC-C diesel x 1 unit,null,Sea303.pdf
Shinyo Brilliance,Bulk carrier,Sanoyas Hishino Meisho Corp.,Shinyo Brilliance Limited,1215,"Jan. 15, 2004",null,14.5kt,NK,null,225.00m,32.26m,19.30m,13.994m,"38,886t","75,707mt",MAN B&W 7S50MC-C diesel x 1 unit,null,Sea303.pdf
Yamayuri,Self-unloading coal carrier,"Imabari Shipbuilding Co., Ltd.","Japan Railway Construction, Transport and Technology and Agency; Bingo Kyodo Kisen Co., Ltd.; and Naigai Kisen Co., Ltd.",589,"Dec. 19, 2003",null,13.5kt,NK,null,139.92m,26.00m,13.60m,6.499m,"12,588t","15,128t",7UEC37LS II x 1 unit,null,Sea303.pdf
Diamond Princess,cruise ship,"Mitsubishi Heavy Industries, Ltd. (MHI), Nagasaki Shipyard & Machinery Works",Princess Cruises,null,"February 27, 2004","Passenger cabins: 1,339; Passengers: 2,670",22.1 knots,null,null,290.0m,37.5m,41.3m,8.05m,"abt. 116,000",null,Diesel-generators; Gas turbine-generator; Propulsion motors,"9,450kW x 2 units; 8,400kW x 2 units; 25,000kW x 1 unit; 20,000kW x 2 units",Sea304.pdf
Sapphire Princess,cruise ship,"Mitsubishi Heavy Industries, Ltd. (MHI), Nagasaki Shipyard & Machinery Works",null,null,May-04,null,null,null,null,null,null,null,null,null,null,null,null,Sea304.pdf
Berlian Ekuator,LPG carrier,"Mitsubishi Heavy Industries, Ltd. (MHI), Nagasaki Shipyard & Machinery Works",Rolling Hills Maritima S. A.,null,29-Jan-04,"Cargo tank capacity: 35,437m3",16.45kt,NK,null,169.9m,27.4m,18.2m,11.125m,"22,209t","26,776t",Mitsubishi 7UEC50LSII x 1 unit,null,Sea304.pdf
Navios Hyperion,Panamax bulk carrier,"Sanoyas Hishino Meisho Corp., Mizushima Works and Shipyard",Mi-Das Line S. A. of Panama,1208,10-Feb-04,"Cargo hold capacity: 89,250m3 (grain)",about 14.5kt,NK,null,225.00m,32.26m,19.30m,13.994m,"38,871t","75,707mt",MAN B&W 7S50MC-C diesel x 1 unit,"MCR: 12,200ps",Sea304.pdf
Atlantic Breeze,Panamax Bulk Carrier,"Sumitomo Heavy Industries Marine & Engineering Co., Ltd. (SHI-ME), Yokosuka Shipyard",Alice Shipping UK Limited,null,25-Mar-04,"Cargo capacity: 90,600m3",14.5kt,"ABS, ACCU, SH",null,225m,32.26m,19.30m,14.00m,"39,800t","76,200t",Mitsui MAN B&W 7S50MC-C,null,Sea304.pdf
Federal Kushiro,bulk carrier,"Onishi Works of Shin Kurushima Dockyard Co., Ltd. (SKD)",Wealth Line Inc. of Panama,null,"Feb. 4, 2004",null,14.4kt,ABS,null,190.43m,23.60m,15.20m,10.65m,"19,223t","32,762t",6UEC52LA,"MCR: 7,080 kW x 133min-1",Sea304.pdf
Saffron,Bulk carrier,Kawasaki Shipbuilding Corporation,Adoramar Shipping Inc.,1542,"Jan. 21, 2004",null,null,NK,null,189.80m,32.26m,16.90m,11.90m,"28,200t","50,000t",Kawasaki MAN B&W 6S50MC-C diesel x 1 unit,"MCR: 8,090kW x 127rpm",Sea304.pdf
Puteri Zamrud Satu,LNG carrier,"Mitsui Engineering & Shipbuilding Co., Ltd.",Malaysia International Shipping Corporation Berhad,1507,"Jan. 15, 2004",null,21.38kt,LR,null,276.00m,43.40m,25.50m,11.01m,"94,446t","76,144t",MHI MS40-2 steam turbine x 1 unit,null,Sea304.pdf
Celebrity,Tanker,"Sumitomo Heavy Industries Marine & Engineering Co., Ltd.",Victory Trading Company/Dynacom Tankers Management Ltd.,1300,"Feb. 24, 2004",null,15.10kt,LRS,null,237.74m,42.00m,21.30m,14.85m,"56,227t","105,200t",DU Sulzer 6RTA58T diesel x 1 unit,null,Sea304.pdf
Torm Anholt,Bulk carrier,"Namura Shipbuilding Co., Ltd.",ND Shipping S. A.,235,"Feb. 23, 2004",null,14.5kt,NK,null,224.93m,32.20m,19.30m,13.952m,"39,035t","74,195t",Hitachi B&W 7S50MC (MK VI) diesel x 1 unit,null,Sea304.pdf
Isuzugawa,VLCC,Universal Shipbuilding Corp.,Isuzugawa Shipping S.A.,232,"Jan. 23, 2004",null,15.6 kt,NK,null,333.0m,60.0m,29.6m,18.6m,"159,929t","299,984t",DU Sulzer 76TA84T-B x 1 unit,null,Sea304.pdf
Muscat LNG,LNG carrier,Kawasaki Shipbuilding Corporation,Oasis LNG Carrier S. A. of Panama,1527,"Apr. 12, 2004","145,494m3 (at -163oC, 98.5%)",approx. 19.5kt,NK,Panama,289.50m,49.00m,27.00m,11.90m,"118,219t","77,351t",KAWASAKI UA-400 steam turbine x 1 unit,"26,900kW at 80rpm",Sea305.pdf
Sapphire Princess,Large Cruise Ship,"Mitsubishi Heavy Industries, Ltd.",Princess Cruises,null,"May 27, 2004","1,339 private cabins; 3,078 persons",null,null,null,290.0 m,41.5 m,null,null,"About 116,000",null,cogeneration system and an electrical propulsion system combining a gas turbine and diesel engines,null,Sea305.pdf
Hual Dubai,Panamax car carrier,"Toyohashi Shipbuilding Co., Ltd.",Dynamic Rainbow Marine S. A. of Panama,null,null,"6,402 vehicles",19.8kt,NV/KR (Double Class.),Panama,199.99m,32.26m,35.80m,9.60m,"59,217t","18,369t",Mitsui-MAN B&W 7S60MC (Mark 6) diesel x 1 unit,"14,280 kW (19,416 PS) x 105 min-1",Sea305.pdf
Ikan Bilis,Panamax bulker,Sanoyas Hishino Meisho,Mi-Das Line S. A.,1217,"May 18, 2004","89,250m3 (grain)",null,NK,null,225.00m,32.26m,19.30m,13.994m,"38,871t","75,729mt",MAN B&W 7S50MC-C diesel x 1 unit,"12,200ps",Sea305.pdf
Sanko Confidence,crude oil carrier,"Onomichi Dockyard Co., Ltd.",Deepsea Agency Ltd. of Liberia,499,null,null,16.1kt,ABS,Liberia,228.55m,32.20m,19.60m,13.70m,"38,700t","71,000t",MAN B&W 6S60MC (Mark-VI) x 1 unit,"16,641ps x 105rpm",Sea305.pdf
Kirana Tritya,product tanker,Naikai Zosen Corporation,Kirana Tanker Pte. Ltd.,682,null,"24,568.4m3",13.7kt,NK,null,160.00m,27.90m,11.20m,7.00m,"13,203t","18,774t",Hitachi Zosen B&W 7S35MC (MK6) diesel x 1 unit,"4,900kw x 170-1",Sea305.pdf
Clipper Horizon,Bulk carrier,"The Hakodate Dock Co., Ltd.",Colas Horizon Ltd.,796,"March 12, 2004",null,14.0kt,ABS,null,null,29.40m,13.50m,9.56m,"19,730t","32,040t",Mitsubishi 6UEC52LA diesel x 1 unit,null,Sea305.pdf
Ferry Oki,Passenger/car ferry,"Mitsubishi Heavy Industries, Ltd.",Oki Kisen Kabusiki Kaisha,1100,"Mar. 18, 2004",null,abt. 18.9kt,JG,null,null,16.00m,30m (at upper deck),4.5m,"2,366",895t,"Daihatsu 6DKM-36(L) (4,500ps x 2 units)",null,Sea305.pdf
Star Osakana,Bulk carrier,"Oshima Shipbuilding Co., Ltd.",Masterbulk Pte Ltd.,10333,"Apr. 23, 2004",null,17.0kt,DNV,null,199.00m,32.26m,19.00m,12.00m,"36,324t","48,712t",Kawasaki MAN B&W 6S60MC x 1 unit,null,Sea305.pdf
Scarlet Ibis,Chemical & product tanker,"Imabari Shipbuilding Co., Ltd./Iwagi Zosen Co., Ltd.",Green Garden Navigation S. A.,S-Z223,"Jan. 23, 2004",null,15.4kt,NK,null,179.0m,32.20m,19.05m,11.85m,"30,411t","46,719t",7S50MC-C diesel x 1 unit,null,Sea305.pdf
Olympic Flag,Crude oil tanker,Namura Shipbuilding Co. Ltd.,Onassis Group,242,"Mar. 26, 2004",null,null,ABS,null,273.97m,47.00m,23.30m,17.126m,"80,591t","155,009t","Mitsubishi 7UEC68LSE (18,630kW at 91.0rpm) x 1 unit","18,630kW at 91.0rpm",Sea305.pdf
Nichioh,VLCC,Universal Shipbuilding Corporation,Golden Pacific Maritime S. A. (Panama),5005,"Mar. 30, 2004",null,16.1kt,NK,Panama,332.98m,60.00m,29.40m,20.48m,"159,872t","303,994t",Hitachi Zosen-MAN B&W 6S90MC-C diesel Engine,null,Sea305.pdf
Azzura,Future-52 type bulk carrier,IHI Marine United Inc.,Cello Inc.,3195,"June 30, 2004",Four deck cranes of 30t capacity,14.7kt,NK,null,189.96m,32.20m,17.30m,12.26m,"29,407t","52,050t",DU-Sulzer 6RTA48TB diesel x 1 unit,"MCR: 8,100kW x 118.0rpm",Sea306.pdf
New Camellia,car/passenger ferry,"Mitsubishi Heavy Industries, Ltd.",NYK Line,1104,null,"522 passengers, 220TEUs and 40 passenger cars",23.5kt,null,null,170.0m,24.0m,null,6.0m,"19,961t","4,642t",Medium speed diesel x 2 units,"MCR: 26,920ps",Sea306.pdf
Star Japan,general cargo/container carrier,"Mitsui Engineering & Shipbuilding Co., Ltd.",Grieg Shipping A/S,1532,"June 30, 2004",null,16.55kt,DNV,null,198.00m,31.00m,19.00m,12.00m,"32,844t","46,387t (at 12.3m draft)",Mitsui-MAN B&W 6S60MC diesel x 1 unit,"MCR: 10,520kW x 96rpm",Sea306.pdf
Clipper Sky,LPG carrier,Kawasaki Shipbuilding Corporation,Partrederiet Clipper Sky DA,1543,null,"59,363m3",16.55kt,DNV,null,204.915m,"32,20m",20.20m,12.00m,"35,158t","44,617t",Kawasaki-MAN B&W 5S60MC-C diesel x 1 unit,"MCR: 11,275kW x 105rpm",Sea306.pdf
Mykali,Panamax bulk carrier,"Sumitomo Heavy Industries Marine & Engineering Co., Ltd.",Rain Lily Inc.,null,"June 17, 2004","abt. 90,600m3",14.5kts,"ABS, ACCU, SH",null,225m,32.26m,19.30m,14.00m,"39,818t","abt. 76,400t",Mitsui MAN B&W 7S50MC-C diesel x 1 unit,null,Sea306.pdf
Gaia Pegasus,ore carrier,"Namura Shipbuilding Co., Ltd.",Elara Maritima S.A.,247,"May 26, 2004","146,958m3",15.1kt,NK,null,319.58m,54.00m,24.30m,18.10m,"113,929t","229,186mt",MITSUBISHI 6UEC85LSII x 1 unit,"Output: 30,500ps x 76rpm",Sea306.pdf
High Energy,product tanker,Naikai Zosen Corporation,Diamond Product Tanker S. A.,683,"June 28, 2004","54,907.5m3",15.7kt,NK,null,179.90m,32.20m,19.25m,11.65m,"28,245t","46,874t",Hitachi-B&W 6S50MC-C diesel x 1 unit,"NCR: 8,530kW x 123min-1",Sea306.pdf
Courageous Ace,pure car carrier,"Minaminippon Shipbuilding Co., Ltd.",Courageous Shipholding S. A.,null,null,"6,400 units (small car equivalent)",20.0kt,NK,null,198.00m,32.20m,33.70m,null,"57,000t",null,null,"14,160kW",Sea306.pdf
Sunflower Tokyo,high-speed RO/RO,"Mitsubishi Heavy Industries, Ltd.",null,null,null,"160 units (12m trailer chassis), 251 units (ordinary cars)",23.0kt,NK,null,166.90m,27.00m,23.27m (at upper deck),6.60m,"10,500t","6,200t",9UEC52LSE diesel x 1 unit,null,Sea306.pdf
Timaru Star,Bulk carrier,"The Hakodate Dock Co., Ltd.",Thompson Shipping (BVI) Limited,794,"May 28, 2004",null,14.3kt,NK,null,null,29.40m,13.70m,9.56m,"19,779t","31,893t",Mitsubishi 6UEC52LA diesel x 1 unit,null,Sea306.pdf
Takamine,VLCC,"Mitsubishi Heavy Industries, Ltd.",Amarcord Maritima S. A.,2189,"June 30, 2004",null,abt. 15.5kt,NK,null,abt. 333.00m,60.00m,29.10m,20.80m,"159,984t","306,206t",Mitsubishi-UE 7UEC85LSII,"27,020kW x 76.0rpm",Sea306.pdf
Sibulk Tradition,Bulk carrier,"Oshima Shipbuilding Co., Ltd.",Sibulk Tradition A/S,10357,"July 16, 2004",null,14.5kt,DNV,null,189.00m,32.26m,17.67m,12.46m,"30,645t","55,362t",Kawasaki MAN B&W 6S50MC-C x 1 unit,null,Sea306.pdf
Chemroad Echo,Chemical tanker,"Shinkurushima Dockyard Co., Ltd.",Orchard Maritime (Panama) S. A.,5248,"Apr. 27, 2004",null,15.0kt,NK,null,174.38m,27.70m,16.00m,11.00m,"20,117t","33,944t",Kobe Diesel 6UEC52LS diesel x 1 unit,null,Sea306.pdf
Monte Toledo,Tanker,Universal Shipbuilding Corporation,Borus Transportes Maritimos Lda,240,"May 13, 2004",null,15.2kt,LRS,null,274.30m,48.00m,22.40m,15.30m,"78,896t","141,700t",DU Sulzer 6RTA72 diesel x 1 unit,null,Sea306.pdf
Pacific Glory,Ore carrier,"Imabari Shipbuilding Co., Ltd./Saijo Shipyard",Fir Shipping S. A.,8021,"June 15, 2004",null,15.4kt,NK,null,316.94m,55.00m,24.30m,18.100m,"118,249t","233,694t",6S80MC-C x 1 unit,null,Sea306.pdf
Kavo Topaz,Bulk carrier,Sanoyas Hishino Meisho Corp.,United Ventures S. A.,1218,"June 25, 2004","89,250m3",14.5kt,ABS,null,225.00m,32.26m,19.30m,13.997m,"38,845t","75,499mt",MAN B&W 7S50MC-C diesel x 1 unit,null,Sea306.pdf
JAPANAMAX,bulk carrier,"Oshima Shipbuilding Co., Ltd.",null,null,null,"approx. 96,000m3",approx. 14.5kt,NK,null,225.00m,32.26m,19.99m,14.44m,"43,600","approx. 82,000MT",MAN B&W 5S60MC-C diesel x 1 unit,"MCR: 12,750ps x 88.0rpm",Sea307.pdf
Azul Challenge,bulk carrier,"Universal Shipbuilding Corporation (USC), Ariake Shipyard",null,null,Jun-04,"over 200,000DWT at the scantling draft",14.7kts,NK,null,abt. 300.00m,50.00m,24.10m,17.88m,"101,933t","203,277t",Hitachi Zosen MAN B&W 6S70MC Mk6 diesel x 1 unit,null,Sea307.pdf
Bungo Spirit,bulk carrier,"Kawasaki Shipbuilding Corporation, Kobe Works",N. C. N. Corporation of Panama,1551,Sept. 14,null,null,NK,Panamanian,189.80m,32.26m,16.90m,11.90m,"28,200t","50,000t",Kawasaki MAN B&W 6S5OMC-C diesel x 1 unit,"MCR: 8,090kW x 127rpm",Sea307.pdf
Utopia Ace,roll on roll off type vehicle carrier,"Mitsubishi Heavy Industries, Ltd. (MHI), Kobe Shipyard & Machinery Works","Mitsui O.S.K. Lines, Ltd. (MOL)",null,"July 30, 2004","approximately 6,400 passenger cars (RT Type)",20.65kt,"Nippon Kaiji Kyokai NS* (Vehicle Carrier), MNS* (MO)",null,null,32.26m,34.52m,null,"60,175t",null,Mitsubishi-UE 7UEC60LSII diesel x 1 unit,null,Sea307.pdf
Medi Vancouver,Panamax bulk carrier,"Sanoyas Hishino Meisho Corp., Mizushima Works and Shipyard",Hexad Shipping S. A.,1219,null,"89,201m3 (grain)",about 14.5kt,NK,null,225.00m,32.26m,19.30m,13.994m (ext.),"38,877t","75,772mt",MAN B&W 7S50MC-C diesel x 1 unit,"MCR: 12,200ps",Sea307.pdf
High Power,product tanker,"Naikai Zosen Corporation, Setoda Works",Golden Product Tankers S. A. of Panama,684,"Sept. 30, 2004","54,911.3m3",15.7kt,NK,Panama,179.90m,32.20m,19.25m,11.65m,"28,245t","46,866t",Hitachi Zosen B&W 6S50ME-C diesel x 1 unit,"MCR: 9,480kW x 127min-1; NCR: 8,530kW x 123min-1",Sea307.pdf
Iver Eagle,product tanker,"Onomichi Dockyard Co., Ltd.",Eagle One S. A. of Panama,501,null,"53,703.7m3",16.11kt (Max),NK,Panama,182.50m,32.20m,18.10m,12.60m,"26,902t","47,474mt",MAN B&W 6S5OMC (Mark-VI) diesel x 1 unit,null,Sea307.pdf
NYK Atlas,Container carrier,IHI Marine United Inc.,Glorious River Line S.A.,3169,"July 21, 2004",null,25.0kt,NK,null,299.90m,40.00m,23.90m,14.00m,"75,519t","81,171t",DU-Sulzer 12RTA96C diesel x 1 unit,"61,350kW x 97.7rpm",Sea307.pdf
Anthemis,Bulk carrier,"Sumitomo Heavy Industries Marine & Engineering Co., Ltd.",Blue Waters Shipping Ltd.,1306,"July 16, 2004",null,abt. 14.5kt,ABS,null,225.00m,32.26m,19.30m,14.00m,"39,818t","76,150t",MAN B&W 7S50MC-C diesel x 1 unit,"MCR 9,210KW x 109.3rpm",Sea307.pdf
Olympic Future,Tanker,"Namura Shipbuilding Co., Ltd.",Onassis Group,243,"Aug. 9, 2004",null,null,ABS,null,273.97m,47.00m,23.30m,17.126m,"80,591t","155,039t",Mitsubishi 7UEC68LSE diesel x 1 unit,"18,630kW x 91.0rpm",Sea307.pdf
Sea Victory,Bulk carrier,"Koyo Dockyard Co., Ltd.",Pedregal Maritime S. A.,2157,"Aug. 9, 2004",null,15.35kt,NK,null,288.93m,45.00m,24.70m,18.151m,"90,091t","184,805t",Mitsui MAN B&W 6S70MC-C diesel x 1 unit,"MCR: 18,630kW",Sea307.pdf
Nord Strait,Product carrier,"Shin Kurushima Dockyard Co., Ltd.",Stiringaster Line Inc.,5213,"July 28, 2004",null,15.1kt,NK,null,179.88m,32.2m,18.7m,12.0m,"28,059t","45,934t",MAN B&W 6S50MC-C diesel x 1 unit,null,Sea307.pdf
Lalla Fatma N’soumer,LNG carrier,Kawasaki Shipbuilding Corporation,Algeria Nippon Gas Transport Corporation,1534,"Oct. 29, 2004","145,445m3 (at -163°C, 98.5%)",approx. 19.3kt,BV,null,289.50m,49.00m,27.00m,11.90m,"118,363t","77,379t",Kawasaki UA-400 steam turbine x 1 unit,"MCR: 26,900kW x 80rpm",Sea308.pdf
Dukhan,LNG carrier,"Mitsui Engineering & Shipbuilding Co., Ltd. (MES)",Qatar LNG Transport Ltd.,1561,"Oct. 12, 2004","approx. 135,000m3 at low temperature",21.32kt,NK,null,297.50m,45.75m,25.50m,10.95m,"111,162t","72,533t",MHI MS40-2 x 1 unit,"MCR: 26,800kW x 89rpm",Sea308.pdf
Oriental Queen,LPG carrier,Universal Shipbuilding Corp. (USC),Phoenix Navigation Limited (Hong Kong),null,null,"82,524m3",approx. 16.75kt,NK,null,225.00m,36.60m,21.8m,11.25m,"47,279","53,194t",Mitsui MAN-B&W 6S70MC Mk6) x 1 unit,"MCR: 14,000kW x 103rpm",Sea308.pdf
Ultra Handymax Bulker,Bulk carrier,"Oshima Shipbuilding Co., Ltd.",null,null,null,"74,600m3",14.5kt,NK,null,190.00m,32.26m,18.55m,13.04m,"33,600","approx. 60,000MT",MAN B&W 6S50MC-C,"MCR: 11,400ps x 113.0rpm",Sea308.pdf
Phoenix Leader,PCC,"Imabari Shipbuilding Co., Ltd.",Ohjin Shipholding S. A.,1423,null,"5,400 units",abt. 20kt,NK,null,199.94m,32.26m,34.80m,10.00m,"61,804t",null,"Kobe Diesel-Mitsubishi UE diesel engine, 8UEC60LSII x 1 unit","MCR: 15,540kW x 104rpm",Sea308.pdf
Loch Maree,Panamax bulk carrier,Sanoyas Hishino Meisho Corp.,"Legenda Maritime, S.A.",1220,"Sept. 17, 2004","89,201m3 (grain)",Approx. 14.5kt,NK,null,225.00m,32.26m,19.30m,13.994m,"38,871t","75,798mt",MAN B&W 7S50MC-C diesel x 1 unit,"MCR: 12,200ps",Sea308.pdf
Alrar,LPG carrier,Kawasaki Shipbuilding Corporation,SONATRACH Petroleum Corporation,1546,"Sept. 17, 2004","59,363m3",Approx. 17.1kt,DNV,null,204.92m,32.20m,20.20m,12.10m,"35,306t","44,445t",Kawasaki-MAN B&W 6S60MC-C diesel x 1 unit,"MCR: 13,560kW x 105rpm",Sea308.pdf
Ioannis Zafirakis,Bulk carrier,"Namura Shipbuilding Co., Ltd.","Capital Marine Co., Ltd.",224,"Aug. 25, 2004",null,16.85kt,LRS,null,224.89m,32.20m,19.30m,13.966m,"39,037t","73,305t",Hitachi B&W 7S50MC-C diesel x 1 unit,"Output: 10,371kW x 119.3rpm",Sea308.pdf
Stavanger Viking,Oil Tanker,"Sumitomo Heavy Industries Marine & Engineering Co., Ltd.",Stavanger Viking KS/Det Stavangerske Dampskibsselskab ASA,1312,"Oct 21, 2004",null,15.25kt,LRS,null,239.00m,42.00m,21.30m,12.10m,"56,172t","105,400t",Diesel United-Sulzer 6RTA58T diesel x 1 unit,null,Sea308.pdf
Bow Santos,Chemical tanker,"Shin Kurushima Dockyard Co., Ltd.",Long Life Shipping S.A.,5315,"Nov. 5, 2004",null,14.8kt,NK,null,147.83m,24.2m,12.8m,9.428m,"11,986t","19,997t",7UEC45LA diesel x 1 unit,null,Sea308.pdf
Lowlands Ghent,bulk carrier,"Sasebo Heavy Industries Co., Ltd.",White Rose Marine S. A.,711,"July 6, 2004",null,null,KRS,null,225.00m,32.20m,19.80m,12.20m,"40,014t","76,801t",Mitsui B&W 7S50MC-C x 1 unit,"MCR: 9,230kW x 106rpm",Sea308.pdf
Cook Strait,Bulk carrier,"The Hakodate Dock Co., Ltd.",Good Future International Holdings Limited,797,"Aug. 5, 2004",null,14.3kt,NK,null,null,29.40m,13.70m,9.56m,"19,779t","31,894t",Mitsubishi 6UEC52LA diesel x 1 unit,null,Sea308.pdf
Super Liner Ogasawara,passenger/cargo ship,"Mitsui Engineering & Shipbuilding Co., Ltd. (MES) Tamano Shipyard",Techno-Seaways Inc.,null,end of October 2005 (scheduled),"740 persons (max.), 210 metric tons (max.) cargo loading capacity",approx. 39 knots,null,null,140.0m,29.8m,10.5m,null,"approx. 14,500 tons",null,Gas turbine x 2 sets,null,Sea309.pdf
Rhourd Enouss,LPG carrier,Kawasaki Shipbuilding Corporation,Rhourd Enouss Transportation Corp.,1547,null,"59,392m3",approx. 17.1kt,DNV,null,204.92m,32.20m,20.20m,12.10m,"35,306t","44,399t",Kawasaki-MAN B&W 6S60MC-C diesel,"13,560kW x 105rpm",Sea309.pdf
Pyxis Leader,pure car carrier,"Toyohashi Shipbuilding Co., Ltd.",Pyxis Shipholding S. A. of Panama,null,null,"5,427 units",20.0kt (max. trial: 21.82kt),NK,null,199.94m,32.26m,34.80m,10.30m,"62,195t","21,466t",Kobe Diesel-Mitsubishi 8UEC 60LSII,"15,540 kW (21,129ps) x 104 min-1",Sea309.pdf
P&O Nedlloyd Mondriaan,container ship,IHI Marine United Inc. (Kure Shipyard),P&O Nedlloyd B.V.,3191,"Dec. 14, 2004","8,176TEUs (in case of 7 tiers on deck)",24.5kt,Germanischer Lloyd,null,335.0m,42.8m,24.4m,14.0m,"94,724t","97,517t",DU-Sulzer 12RT-flex 96C,"61,900kW x 94.0rpm",Sea309.pdf
Ivs Nightjar,general cargoship,Naikai Shipbuilding Corporation (Setoda Works),Diamond Island Maritime S. A.,691,"Oct. 29, 2004","42,166.9m3 (grain)",14.2kt,NK,null,172.90m,29.40m,14.00m,9.00m,"20,283t","32,316t",Hitachi B&W 6S46MC-C diesel,"6,400kW x 111min-1",Sea309.pdf
TOBA,VLCC,"Imabari Shipbuilding Co., Ltd. (Saijo Works)",Toba Shipholding S.A.,8022,null,15 cargo oil tanks and 2 slop tanks,15.55kt,NK,null,332.99m,60.00m,29.00m,20.533m,"160,068t","299,980t",MITSUI-MAN B&W 8S80MC-C,"27,960kW x 76.0rpm",Sea309.pdf
Maritime Anita,Panamax bulk carrier,"Sasebo Heavy Industries Co., Ltd. (SSK)",Four Shrine Corporation,null,null,"90,911m3",14.5kt,NK,null,225.00m,32.20m,19.80m,12.20m,null,"76,737t",MAN B&W 7S50MC-C,"9,230kW",Sea309.pdf
Kai-Ei,VLCC,IHI Marine United Inc.,Pyxis Maritime S.A./Little Fountain Maritima S.A.,3173,"Sept. 30, 2004",null,15.7kt,NK,null,333.0m,60.0m,29.0m,20.5m,"159,942t","300,562t",DU-Sulzer 7RTA84TB,"27,160kW at 74.0rpm",Sea309.pdf
Torrens,Pure car truck carrier,"Mitsubishi Heavy Industries, Ltd.",null,2196,"Oct. 29, 2004","6,500 Units",abt. 20.0kt,DNV,null,abt. 199.99 m,32.26 m,36.02 m,9.5m,"61,321t","14,512t",Mitsubishi-UE 7UEC60LS,"13,240 kW x 105.0rpm",Sea309.pdf
Lowlands Phoenix,Bulk carrier,"Namura Shipbuilding Co., Ltd.","Great Homes Maritime, S. A.",253,"Nov. 9, 2004",null,17.50kt (trial max.),NK,null,288.97m,45.00m,24.40m,17.955m,"89,543t","177,036t",B&W 6S70MC (Mk VI) diesel,"16,860kW x 91.0rpm",Sea309.pdf
Lodestar Forest,Bulk carrier,"The Hakodate Dock Co., Ltd.","I. M. A. Lines Co., S. A.",798,"Jan. 7, 2005",null,14.4kt,NK,null,null,29.40m,13.70m,9.55m,"19,789t","31,923t",Mitsubishi 6UEC52LA diesel,null,Sea309.pdf
Medi Genova,Bulk carrier,Sanoyas Hishino Meisho Corp.,"Leo Ocean, S.A.",1221,"Oct. 28, 2004",null,abt. 14.5kt,NK,null,225.00m,32.26m,19.30m,13.994m,"38,855t","75,767mt",MAN B&W 7S50MC-C diesel,null,Sea309.pdf
SANHA LPG FPSO,Liquefied petroleum gas floating production storage and offloading unit,"Kure Shipyard, IHI Marine United Inc.",Single Buoy Moorings Inc (SBM),1063,"Nov. 4, 2004","135,000m3 LPG storage in total",null,American Bureau of Shipping,"Nassau, Commonwealth of Bahamas",260.00m,45.00m,24.00m,13.20m (Extreme/Summer),"111,246t","93,000t",Steam turbine generators and diesel generators,null,Sea310.pdf
Kiso,luxury passenger and vehicle ferry,MHI Shimonoseki Shipyard & Machinery Works,Taiheiyo Ferries Co. Ltd.,null,"Jan. 5, 2005","800 persons; 183 units of 12m trucks, 5 units of 8.5m trucks, 47 units of private cars",23.0kt,Japanese Government,null,199.9m,27.00m,20.20m,6.70m (design),"35,100 (International tonnage)","7,042t (at d = 6.85m)",Mitsubishi-MAN 9L58/64 x 2 units,"MR 11,840kW X 428 min-1/unit",Sea310.pdf
Cape Riviera,large bulk carrier,"Sakaide Works, Kawasaki Shipbuilding Corporation",“K” Line Bulk Shipping (UK) Limited,1581,"Jan 7, 2005","Cargo hold capacity: 205,722m3",about 14.7kt,NK,null,290m,47.00m,24.40m,17.95m,"93,006t","185,875t",Kawasaki MAN B&W 6S70MC Mk VI diesel x 1 unit,"MCR: 16,860kW x 91rpm",Sea310.pdf
Cape Heron,bulk carrier (Dunkerquemax Capesize bulker),"Chiba Works, Mitsui Engineering & Shipbuilding Co., Ltd. (MES)",Trinity Bulk S. A. of Panama,1615,"Feb. 25, 2005","197,050m3 cargo hold capacity",15.0kt,NK,null,289.00m,45.00m,24.40m,17.95m,"88,494t","177,656t",Mitsui-MAN B&W 6S70MC diesel x 1 unit,"MCR: 16,860kW x 91rpm",Sea310.pdf
Ise Maru,passenger/car ferry,"Setoda Shipyard, Naikai Zosen Corporation","Japan Railway Construction, Transport and Technology Agency (JRTT) and Isewan Ferry Co., Ltd.",686,null,"500 people; 13 buses, or 43 passenger cars",17.75kt,"JG, still water",null,73.32m,13.80m,9.90m (at P. D.),3.70m,"2,200t",425t,Niigata 6MG28HLX x 2 units (two shafts),"MCR: 2,206kW x 750/209min-1; NCR: 1,765kW x 696/194min-1 at 80%",Sea310.pdf
Esteem Splendour,crude oil tanker (Aframax tanker),"Ariake Shipyard, Universal Shipbuilding Corp. (USC)","Lepta Shipping Co., Ltd",null,Jan-05,null,null,LRS,null,243.00m,42.00m,20.70m,14.73m,"56,300t","105,930t",Sulzer 7RTA58T diesel x 1 unit,"MCO: 14,000 kW x 103 min-1",Sea310.pdf
Loch Alyn,Panamax bulk carrier,"Mizushima Works and Shipyard, Sanoyas Hishino Meisho Corp.","Orient Hakusan Shipping, S.A.",1225,null,"Cargo hold capacity: 89,201m3 (grain)",14.5kt,NK,null,225.00m,32.26m,19.30m,13.994m,"38,877t","75,744t",MAN B&W 7S50MC-C diesel x 1 unit,null,Sea310.pdf
Lodestar Princess,Bulk carrier,"The Hakodate Dock Co., Ltd.",Global Dream S. A.,799,"Feb. 22, 2005",null,14.4kt,NK,null,null,29.40m,13.70m,9.56m,"19,789t","31,901t",Mitsubishi 6UEC52LA diesel x 1 unit,null,Sea310.pdf
Elegant Star,Bulk carrier,"Namura Shipbuilding Co., Ltd.",Green Spanker Shipping S. A.,245,Jan. 7. 2005,null,17.03kt (trial max.),NK,null,288.97m,279.00m,45.00m,17.955m,"89,587t","177,216t",B&W 6S70MC (Mk 6) diesel x 1 unit,null,Sea310.pdf
Ginga Cougar,Chemical tanker,"Shin Kurushima Dockyard Co., Ltd.",Panther Navigation Inc.,5317,"Mar. 9, 2005",null,about 15.5kt,NK,null,159.98m,26.8m,14.2m,9.876m,"16,232t","25,435t",6UEC52LA diesel x 1 unit,null,Sea310.pdf
Federal Nakagawa,Bulk carrier,"Oshima Shipbuilding Co., Ltd.","Michina Marina, S. A.",10377,"Feb. 15, 2005",null,14.5kt (trial max.),DNV,null,199.99m,23.76m,14.85m,10.73m,"20,661t","36,489t",KAWASAKI MAN B&W 6S46MC-C x 1 unit,null,Sea310.pdf
Rudy,Product tanker,"Onomichi Dockyard Co. , Ltd.","Wah Kwong Shanghai Development Co., Ltd.",506,"Jan. 20, 2005","Cargo tank capacity: 53,704m3",15.0kt,B. V.,null,182.50m,32.20m,18.10m,12.617m,"26,924t","47,278t",Mitsui MAN B&W 6S50MC (Mk VI) diesel x 1 unit,null,Sea310.pdf
Formosaproduct Brick,Product tanker,Universal Shipbuilding Corporation,Formosa Brick Marine Corporation,4999,"Apr. 1, 2005",null,15.0kt,BV,null,228.50m,32.20m,19.60m,13.62m,"39,307t","70,426t",MAN B&W 7S50MC Mk6 diesel x 1 unit,null,Sea310.pdf
Energy Advance,large LNG carrier,Kawasaki Shipbuilding Corporation,"Tokyo LNG Tanker Co., Ltd.",1521,"Mar. 30, 2005","145,410m3 (at -163oC, 98.5%)",abt. 19.5kt,NK,null,289.53m,49.00m,27.00m,11.404m,"119,233t","71,586t",Kawasaki UA-400 steam turbine x 1 unit,"26,900kW x 80rpm",Sea311.pdf
Puteri Mutiara Satu,membrane type LNG carrier,"Mitsui Engineering & Shipbuilding Co., Ltd. (MES)",Malaysia International Shipping Corporation Berhad (MISC),1562,"Apr. 22, 2005","about 137,595m3",21.38kt (trial max),LR,null,276.00m,43.40m,25.50m,11.01m,"94,446","76,229t",Steam turbine x 1 unit,"26,800kW x 89rpm",Sea311.pdf
Star Lady,double-hull Aframax crude oil carrier,"Sumitomo Heavy Industries Marine & Engineering Co., Ltd. (SHI-ME)",Amadeus Shipping UK Limited,null,"June 2, 2005","122,330m3",15.2kt at 12.19 draft,LR,null,239.00m,42.00m,21.30m,12.19m,"abt. 56,500t","abt. 105,250t",DU-Sulzer 6RT-flex58T-B diesel x 1 unit,null,Sea311.pdf
Seiryu Maru,trailing suction hopper dredger/oil recovery vessel,"Mitsubishi Heavy Industries, Ltd. (MHI)","Ministry of Land, Infrastructure and Transport (MLIT)",null,null,"Hopper capacity: 1,700m3, Recovered oil storage tank: 1,500m3",13.5kt (light condition),null,null,104m,17.4m,7.5m,5.6m,"4,792t",null,Two diesel engines,null,Sea311.pdf
JP AZURE,coal carrier,"Imabari Shipbuilding Co., Ltd.",Oak Spring Maritima S. A.,1443,null,"abt 101,600m3",14.7kt,NK,null,229.93m,38.00m,19.90m,13.801m,"48,028t","88,111t",MITSUI-MAN B&W 6S60MC (Mark VI) x 1 unit,"12,240kW x 105rpm",Sea311.pdf
Yuyo Berge,LPG Carrier,"Mitsubishi Heavy Industries, Ltd.","Sunny Gas Transportation, S. A.",2193,"March 28, 2005","78,908m3",16.7kt,NK,null,abt. 230m,36.60m,20.80m,10.60m,"45,965t","48,912t",Mitsubishi 7UEC60LS x 1 unit,null,Sea311.pdf
Port Star,Bulk carrier,"The Hakodate Dock Co., Ltd.",Sun Olive Line Corp.,800,"Apr. 20, 2005",null,14.4 kt,NK,null,null,29.40m,13.70m,9.56m,"19,802t","31,921t",Mitsubishi 6UEC52LA diesel x 1 unit,null,Sea311.pdf
Graecia Universalis,Bulk Carrier,"Namura Shipbuilding Co., Ltd.",Graecia Universalis Shipping Limited,252,"Apr. 8, 2005",null,16.87kt (trial max),LRS,null,224.90m,32.20m,19.30m,13.962m,"39,041t","73,902t",B&W 7S50MC-C diesel x 1 Unit,"10,371 kW x 119.3rpm",Sea311.pdf
Ginga Cougar,Chemical tanker,"Shin Kurushima Dockyard Co., Ltd.",Panther Navigation Inc.,5317,"Mar. 9, 2005",null,15.5kt,NK,null,159.98m,26.8m,14.2m,9.00/9.85m,"16,232t","25,435t",6UEC52LA diesel x 1 unit,null,Sea311.pdf
Bunga Kasturi Dua,VLCC,Universal Shipbuilding Corporation,Malaysia International Shipping Corporation Berhad,014,"Feb. 28, 2005",null,16.0 kt,ABS,null,329.99m,60.00m,29.70m,21.60m,"157,098t","300,542t",Hitachi Zosen B&W 7S80MC (Mk 6) x 1 unit,null,Sea311.pdf
Grand Phoenix,Car carrier,"Toyohashi Shipbuilding Co., Ltd.",Dynamic Aurora Shipping S. A.,3572,null,null,19.8kt,KR,null,199.99m,32.26m,35.80m,9.60m,"59,217t","18,383t",MITSUI MAN B&W 7S60MC (Mark 6) diesel x 1 unit,"14,280 kW (19,416ps) x 105 min-1 (rpm)",Sea311.pdf
Hamanasu,High-speed ferry,"Mitsubishi Heavy Industries, Ltd.","Shin Nihonkai Ferry Co., Ltd.",null,"June 25, 2004","Number of passengers: 820, Trucks & trailers (12m): 158, Cars: 65",30.5 knots,"JG, Non-International (Greater Coastal Service)",null,224.82m,26.00m,20.40m,7.20m,"34,181t","6,649t","2 x Wartsila 12V46C diesels, 1 x ABB Azipod + 1 x CPP","2 x 12,600kW",Sea312.pdf
Akashia,High-speed ferry,"Mitsubishi Heavy Industries, Ltd.","Shin Nihonkai Ferry Co., Ltd.",null,"June 28, 2004","Number of passengers: 820, Trucks & trailers (12m): 158, Cars: 65",30.5 knots,"JG, Non-International (Greater Coastal Service)",null,224.82m,26.00m,20.40m,7.20m,"34,181t","6,649t","2 x Wartsila 12V46C diesels, 1 x ABB Azipod + 1 x CPP","2 x 12,600kW",Sea312.pdf
Glover,asymmetric catamaran ferry,"Setouchi Craft Co., Ltd.",null,null,null,null,null,null,null,null,null,null,null,null,null,null,null,Sea312.pdf
Katsuragisan,VLCC,Kawasaki Shipbuilding Corporation,Rhapsody Shipping S. A.,1563,"July 15, 2005","351,580m3",15.55kt,NK,null,333.00m,60.00m,29.00m,20.896m,"160,292t","311,620t",Kawasaki-MAN B&W 7S80MC-C diesel x 1 unit,null,Sea312.pdf
Altair Trader,Malaccamax VLCC,"Mitsui Engineering & Shipbuilding Co., Ltd.",Fortitude Shipping Navigation S. A. of Panama,1600,null,"354,275m3",null,NK,null,333.00m,60.00m,28.80m,20.338m,"160,216t","299,985t",Mitsui-MAN B&W 7S80MC-C diesel x 1 unit,"27,160kW",Sea312.pdf
Alam Penting,Bulk carrier,IHI Marine United Inc. (IHIMU),Eminence Bulk Carriers Pte. Ltd.,3185,19-Jul-05,null,14.5kt,LRS,null,229.00 m,36.50 m,19.90 m,14.10 m,"47,000t","87,000t",DU-SULZER 6RTA 58T diesel x 1 unit,"10,300kW",Sea312.pdf
Patagonian Mystic,methanol carrier,Naikai Zosen Corporation,New Seagull Shipping S. A.,690,"July 15, 2005","58,495.528m3",14.6kt,ABS,null,186.00m,32.20m,18.40m,11.60m,"29,606t","49,414t",Hitachi-MAN B&W 6S50MC-C diesel x 1 unit,"9,480 kW",Sea312.pdf
Wana Bhum,Container carrier,"Mitsubishi Heavy Industries, Ltd",Regional Container Lines Pte. Ltd.,1107,"June 15, 2005","2,378TEUs",22.0kt,NK,null,194.9m,30.60m,16.80m,11.40m,"23,922","30,832t",Mitsubishi 7UEC68LSE x 1 unit,null,Sea312.pdf
Nectar,Tanker,"Sumitomo Heavy Industries Marine & Engineering Co., Ltd.",Crystal Mountain Investment Inc.,1310,"July 8, 2005",null,15.2kt,DNV,null,239.00m,42.00m,21.30m,12.19m,"65,500t","105,250t",DU-Sulzer 6RTA58T diesel x 1 unit,null,Sea312.pdf
Shin Nichiho,Bulk carrier,Universal Shipbuilding Corporation,Shinope Maritima S. A.,242,"Apr. 22, 2005",null,14.50kt,NK,null,299.95m,50.00m,24.10m,17.88m,"101,953t","203,180t",MAN B&W 6S70MC Mk6 x 1 unit,null,Sea312.pdf
Port Alice,Bulk carrier,"The Hakodate Dock Co., Ltd.","Citrus Maritime, S. A.",801,"June 28th, 2005",null,14.3kt,NK,null,null,29.40m,13.70m,9.56m,"19,791t","31,871t",Mitsubishi-6UEC52LA diesel x 1 unit,null,Sea312.pdf
Lotus Blossom,Bulk carrier,Sanoyas Hishino Meisho Corp.,Crest Ocean Traders S. A.,1227,"June 22, 2005","89,201m3 (grain)",14.5kt,NK,null,225.00m,32.26m,19.30m,13.994m,"38,871t","75,804mt",MAN B&W 7S50MC-C diesel x 1 unit,null,Sea312.pdf
COSCO DALIAN,Container carrier,"Imabari Shipbuilding Co., Ltd./Koyo Dockyard Co., Ltd.",South Great Shipping Inc.,2192,"Mar. 31, 2005",null,25.6kt,BV,null,278.94m,40.00m,24.00m,14.00m,"66,380t","67,209t",Mitsui MAN-B&W 10K98MC diesel x 1 unit,"77,770ps",Sea312.pdf
CHIKYU,deep-sea drilling vessel,"Mitsubishi Heavy Industries, Ltd. (MHI)",Japan Agency for Marine-Earth Science and Technology (JAMSTEC),null,29-Jul-05,Max. complement: 150,Abt. 12 Knots,NK,null,210.0m,38.0m,16.2m,9.2m,"57,087GT",null,null,"35,000kW",Sea313.pdf
KN. Alugara,disaster response ship,PT. PAL Indonesia,Directorate General of Sea Communication of Indonesia,1642,Jul-05,null,17.6kt,BKI (Biro Klasifikasi Indonesia),null,60.01m,8.00m,4.50m,null,530t,null,Marine high-speed diesel engine,"1,620kw (2,200PS) x 2 units",Sea313.pdf
Hestiana,molten sulfur carrier,"Shin Kurushima Dockyard Co., Ltd.",Fukurokuju Maritima S. A.,5251,Apr-05,null,abt. 13.0kt,NK,null,95.02m,14.00m,7.60m,5.616m,"2,849","3,599t",Hanshin LH38L,null,Sea313.pdf
Negishi Maru,Aframax type crude oil tanker,"Koyo Dockyard Co., Ltd.",Nippon Oil Tanker Corporation,null,Jul-05,null,14.55kt,NK,JAPAN,246.80m,42.00m,21.30m,14.798m,"58,225t","106,650t",MITSUI-MAN B&W 6S60MC-C,"13,530KW x 105.0rpm",Sea313.pdf
P&O Nedlloyd Michelangelo,Container Carrier,IHI Marine United Inc.,Michelangelo Star Schifffahrtsgesellschaft MBH & Co. KG,3193,"June 15, 2005",null,24.5kt,Germanischer Lloyd,null,335.0m,42.8m,24.4m,14.0m,"94,724","97,517t",DU-Sulzer 12RT-flex 96C,"61,900kW x 94.0rpm",Sea313.pdf
Sea Confidence,Bulk carrier,"Oshima Shipbuilding Co., Ltd.","Greenfield Shipholding Co., S.A.",10392,"June 3, 2005",null,14.80kt,BV,null,188.50m,32.26m,17.15m,12.143m,"29,377t","52,677mt",Kawasaki-MAN B&W 6S50MC-C (Derating),null,Sea313.pdf
African Robin,Bulk carrier,"The Hakodate Dock Co., Ltd.",Handbell Shipping S.A.,802,"Aug. 30, 2005",null,14.4kt,NK,null,null,29.40m,13.70m,9.56m,"19,783t","31,982t",Mitsubishi 6UEC52LA diesel,null,Sea313.pdf
Jin-Ei,VLCC,Universal Shipbuilding Corporation,Giulietta Maritima S. A./ Ocean Link Maritime S.A.,037,"Sept. 16, 2005",null,15.65kt,NK,null,332.98m,60.00m,29.40m,20.832m,"160,007t","299,998t",MAN B&W 6S90MC-C diesel,null,Sea313.pdf
Cape Provence,Bulk carrier,"Namura Shipbuilding Co., Ltd.","Fuyo Kaiun Co., Ltd.",249,"July 13, 2005",null,17.40kt,NK,null,288.97m,45.00m,24.40m,17.955m,"89,651t","177,022mt",Mitsubishi 6UEC68LSE diesel,"16,860kW x 91.0rpm",Sea313.pdf
Peppino D’Amato,Bulk carrier,Sanoyas Hishino Meisho Corp.,Takanawa Line Inc.,1229,"Sept. 28, 2005","Cargo hold capacity: 89,201m3",14.5kt,NK,null,225.00m,32.26m,19.30m,13.995m,"38,849t","75,698mt",MAN B&W 7S50MC-C diesel,"12,200ps",Sea313.pdf
Mecca,trailing suction hopper dredger,"Mitsubishi Heavy Industries, Ltd.",Suez Canal Authority of Egypt,null,null,"10,000m3",Free running: 15.57kt; Dredging: 2 - 5kt,BV,null,127.5m,26.0m,10.7m,8.65m (operation),"11,316t","16,865 t",MAN B&W 8L48/60 x 2 units,"max. 3,300kW (motors)",Sea314.pdf
Recoleta,Panamax tanker,"Sasebo Heavy Industries Co., Ltd. (SSK)","Empresa Naviera Petrolera Atlantica, S. A. (Argentina)",null,null,"85,056m3",abt. 15.1kts,LR,null,null,32.26m,20.60m,13.43m (summer draft),"42,014","69,950mt",B&W7S50MC-C x 1 unit,"MCR: 11,060kW x 127.0rpm; NCR: 9,950kW x 122.6rpm",Sea314.pdf
Seapacis,Aframax tanker (Crude oil carrier),"Namura Shipbuilding Co., Ltd.",Seaway Navigation Ltd. of the Valles Steamship Group (Valles),261,"Sept. 9, 2005",null,15.35kt (trial max.),ABS,null,null,42.00m,21.20m,14.943m,"56,489t","105,747t",Hitachi B&W 6S60MC diesel x 1 unit,"12,240 kW x 105.0rpm",Sea314.pdf
Orange Express,product oil carrier,"Imabari Shipbuilding Co., Ltd.",Paraiso Shipping S. A.,SZ232,null,"57,289.382m3 (100%)",15.1kt,NK,null,179.99m,32.20m,19.05m,12.486m (ext.),"28,799t","48,673t",Mitsui-MAN B&W 6S60MC-C x 1 unit,"MCR: 9,480 kW x 127 rpm",Sea314.pdf
Bantry,caustic soda/bulk carrier (CABU),"Oshima Shipbuilding Co., Ltd.","CABU V Investment, Inc.",10415,"Aug. 11, 2005",null,14.4kt,DNV,null,225m,32.26m,18.9m,13.922m,"38,883t","72,562t",Kawasaki MAN B&W 7S50MC-C x 1 unit,null,Sea314.pdf
Felicity,oil tanker,"Onomichi Dockyard Co., Ltd.",Reed Trading Ltd. (Liberia),null,"July 13, 2005","82,013m3",15.9kt,BV,null,228.56m,32.20m,19.60m,13.7m,"38,842t","71,029t",MAN B&W 6S60MC (Mark-VI) diesel x 1 unit,"12,240kW x 105 min-1",Sea314.pdf
Kota Kaya,container carrier,"Toyohashi Shipbuilding Co., Ltd.",Pacific International Lines (Pte) Ltd.,null,Aug-05,"3,081TEU",22.0kt,NK,null,233.17m,32.20m,17.10m,11.70m,"31,070t","39,932t",MITSUI-MAN B&W 7S70MC-C diesel x 1 unit,MCR: 21 735 kW x 91min-1,Sea314.pdf
Young Spirit,Bulk carrier,"The Hakodate Dock Co., Ltd.","Stevens Line Co., Ltd.",803,"Oct. 31, 2005",null,14.4kt,NK,null,null,29.40m,13.70m,9.56m,"19,781t","31,894t",Mitsubishi 6UEC52LA diesel x 1 unit,null,Sea314.pdf
Medi Chennai,Bulk carrier,Kawasaki Shipbuilding Corporation,K. T. M. Corporation S. A.,1560,"Oct. 11, 2005",null,14.6kt,NK,null,189.90m,32.26m,"17,80m",12.50m,"31,000t","55,500t",Kawasaki-MAN B&W 6S50MC-C diesel x 1 unit,"8,200kW x 110rpm",Sea314.pdf
Hatsu Shine,Container Ship,"Mitsubishi Heavy Industries, Ltd., Kobe Shipyard",Hatsu Marine Limited,1265,"Sept. 27, 2005","7,024TEUs",null,LRS,null,abt. 300.0m,42.80m,24.20m,14.20m,"75,246t","78,693t",Mitsubishi-Sulzer 10RTA96C diesel x 1 unit,"54,900 kW x 100 rpm",Sea314.pdf
New Spirit,VLCC,Universal Shipbuilding Corporation,New Spirit Shipping Inc.,012,"July 26, 2005",null,16.0kt,BV,null,329.99m,60.00m,29.70m,19.20m,"156,973t","298,972t",MAN B&W 7S80MC (Mk6) diesel x 1 unit,null,Sea314.pdf
Ocean Lyra,Bulk carrier,Sanoyas Hishino Meisho Corporation,"Sealift Maritime, S. A.",1230,"Oct. 26, 2005","89,201m3 (grain)",14.5kt,NK,null,225.00m,32.26m,19.30m,13.995m,"38,877t","75,656mt",MAN B&W 7S50MC-C diesel x 1 unit,"12,200ps",Sea314.pdf
NORTH PIONEER,"Pressure build-up type 2,500m3 LNG carrier",Kawasaki Shipbuilding Corporation,"the Japan Railway Construction, Transport and Technology Agency and Japan Liquefied Gas Transport Co., Ltd.",1571,Feb. - Mar. 2006,"2,513 m3",13.3kt,NK,null,89.2m,15.3m,7.2m,4.3m,"3,056t","1,938t",Akasaka A38S marine diesel,"2,206kW x 250rpm (MCR)",Sea315.pdf
ARCTIC PRINCESS,Moss type LNG carrier,"Mitsubishi Heavy Industries, Ltd.",Joint Gas Ltd.,2184,"Jan. 13, 2006","147,835m3",19.5kt,DNV,null,288.0m,49.0m,26.8m,11.5m,"121,597",null,Marine steam turbine x 1 unit,"27,600kW x 81rpm",Sea315.pdf
YUFUSAN,DH VLCC,"Mitsui Engineering & Shipbuilding Co., Ltd.",Infinity Shipping Navigation S. A. of Panama,1601,"Nov. 1, 2005","354,689m3",null,NK,null,333.00m,60.00m,28.80m,20.90m,"160,216t","311,389t",Mitsui-MAN B&W 7S80MC-C diesel x 1 unit,"27,160KW x 76rpm",Sea315.pdf
MOL PARAMOUNT,"6,350TEU type container carrier","Koyo Dockyard Co., Ltd.",Leo Ocean S. A.,null,"Oct. 26, 2005","6,350TEUs",26.0kt,NK,Panama,293.19m,40.00m,24.30m,14.00m,"71,892t","72,968t",MITSUI MAN B&W 11K98MC (MARK 6) x 1 unit,"62,920kw x 94.0rpm",Sea315.pdf
TAKASAKI,"300,000 MTDW type VLCC",IHI Marine United Inc.,Violeta Maritima Lines S. A.,3215,"Dec. 26, 2005",null,15.55kt,NK,null,333.0m,60.0m,29.0m,20.5m,"159,939t","300,390t",DU-Sulzer 7RTA84TB x 1 unit,"27,160kW at 74.0rpm",Sea315.pdf
HIGH LIGHT,"45,900DWT product tanker",Naikai Zosen Corporation,Ansei Shipholding S. A.,693,"Oct. 25, 2005","55,159.3m3 (grain)",15.7kt,NK,null,179.90m,32.20m,19.25m,11.65m,"28,245t","46,843t",Hitachi-MAN B&W 6S50MC-C diesel x 1 unit,"9,480kW x 127min-1",Sea315.pdf
KAVO ALKYON,"75,409DWT Panamax bulk carrier",Sanoyas Hishino Meisho Corp.,Falcon Ventures S. A.,1231,"Nov. 22, 2005","89,250m3 (grain)",abt. 14.5kt,ABS,null,225.00m,32.26m,19.30m,13.997m,"38,845t","75,409mt",MAN B&W 7S50MC-C diesel x 1 unit,"12,200ps",Sea315.pdf
OTOWASAN,VLCC,Kawasaki Shipbuilding Corporation,Volts Shipping Navigation S. A.,1570,"Dec. 6, 2005",null,15.55kt,NK,null,333.00m,60.00m,29.00m,20.391m,"160,292t","302,477t",Kawasaki-MAN B&W 7S80MC-C diesel x 1 unit,"27,160kW x 76rpm",Sea315.pdf
GLOBAL WISDOM,Bulk carrier,"The Hakodate Dock Co., Ltd.",Global Eagle S. A.,804,"Jan. 11, 2006",null,14.4kt,NK,null,null,29.40m,13.70m,9.56m,"19,789t","31,896t",Mitsubishi-6UEC52LA diesel x 1 unit,null,Sea315.pdf
CAPE SOPHIA,Bulk Carrier,"Imabari Shipbuilding Co., Ltd.",ISC1431 Shipping S. A.,1431,"Nov. 1, 2005",null,14.5kt,NK,null,249.94m,43.00m,18.70m,12.89m,"55,285t","99,047",KAWASAKI-MAN B&W 6S60MC (Mark 6) diesel x 1 unit,"12,240kW x 105rpm",Sea315.pdf
OCEANIC BREEZE,Bulk carrier,"Namura Shipbuilding Co., Ltd.","May Flower Maritime, S. A.",263,"Nov. 29, 2005",null,null,NK,null,224.99m,32.26m,19.50m,14.04m,"40,689t","77,075mt",B&W 6560MC (Mark 6) diesel x 1 unit,"9,930 kW x 105.0rpm",Sea315.pdf
SANKO BREEZE,Tanker,"Sumitomo Heavy Industries Marine & Engineering Co., Ltd.",South Stability Shipping Inc.,1314,"Oct. 18, 2005",null,null,LRS,null,239.00m,42.00m,21.30m,12.19m,"56,500t","105,400mt",Diesel United-Sulzer 6RTA58T diesel x 1 unit,"12,000kW x 103rpm",Sea315.pdf
PACIFIC STAR,Bulk carrier,Universal Shipbuilding Corporation,"Lepta Shipping Co., Ltd.",026,"Oct. 26, 2005",null,14.5kt,NK,null,225.00m,32.20m,19.15m,12.40m,"39,643t","75,250t",MAN B&W 6S60MC (Mk 6) diesel x 1 unit,null,Sea315.pdf
BERGE BONDE,bulk carrier,Imabari Shipbuilding,La Darien Navegacion S. A.,8049,null,"220,021.91m3",15.1kt,NK,null,299.94m,50.00m,24.50m,18.083m,"104,727t","206,312t",KAWASAKI-MAN B&W 6S70MC-C x 1 unit,"MCR: 18,630kW x 91rpm",Sea316.pdf
CAPE DOVER,bulk carrier,Kawasaki Shipbuilding Corporation,“K” Line Bulk Shipping (UK) Limited.,1582,"Jan. 31, 2006","205,722m3",abt. 14.7kt,NK,null,290.00m,47.00m,24.40m,17.95m,"92,993t","185,805t",Kawasaki-MAN B&W 6S70MC MkVI diesel x 1 unit,"MCR: 16,860kW x 91rpm",Sea316.pdf
NSS GRANDEUR,bulk carrier,"Mitsui Engineering & Shipbuilding Co., Ltd.",Grand Shipping S. A. of Panama,1646,"Jan. 23, 2006","197,014m3",15.0kt,NK,null,289.00m,45.00m,24.40m,17.95m,"88,819t","176,882t",Mitsui-MAN B&W 6S70MC diesel x 1 unit,"MCR: 16,860KW x 91rpm",Sea316.pdf
SPLENDIKS,bulk carrier,Universal Shipbuilding Corporation,Lepta Shipping S. A.,null,Jan-06,null,14.7kt,NK,null,about 300.00m,50.00m,24.10m,17.88m,"101,933GT","203,233DWT",MAN B&W 6S70MC Mk6 x 1 unit,null,Sea316.pdf
COLORADO HIGHWAY,car carrier,Naikai Zosen Corporation,River Spring Corporation,695,"Dec. 20, 2005","4,300 units",20.0kt,NK,Panama,183.00m,30.20m,28.80m,7.70m,"44,382t","12,806t",MAN B&W 6S60MC-C diesel x 1 unit,"MCR: 11,620 kW",Sea316.pdf
ARCTIC DISCOVERER,LNG carrier,"Mitsui Engineering & Shipbuilding Co., Ltd.",Lloyds TSB Equipment Leasing (No.1) Limited.,1564,"Feb. 15, 2006","abt. 140,000m3",21.08kt,DNV,null,289.50m,48.40m,26.50m,11.30m,"118,571t","75,485t",Steam turbine x 1 unit,"MCR: 27,000kW x 81rpm",Sea316.pdf
CETUS LEADER,car carrier,"Toyohashi Shipbuilding Co., Ltd.",Zuijin Shipholding S. A. of Panama,null,null,"5,427 units",20.0kt,NK,null,199.94m,32.26m,34.80m,10.30m,"62,195t","21,466t",Kobe Diesel-Mitsubishi 8UEC 60LSII diesel x 1 unit,"MCR: 15,540kW (21,129PS) x 104min-1 (rpm)",Sea316.pdf
NIZWA LNG,LNG carrier,Kawasaki Shipbuilding Corporation,Oryx LNG Carrier S. A.,1562,"Dec. 19, 2005","145,469m3",abt. 19.5kt,NK,null,289.50m,49.00m,27.00m,11.90m,"118,608t","77,252t",Kawasaki-UA-400 steam turbine engine x 1 unit,"MCR: 26,900kW x 80rpm",Sea316.pdf
GAS FRIEND,LPG Carrier,"Mitsubishi Heavy Industries, Ltd.",KSS Line Ltd.,2212,"Dec. 20, 2005","78,913m3",16.7kt,KR,null,abt. 230m,36.60m,20.80m,10.60m,"46,129t","48,826t",Mitsubishi-7UEC60LS diesel x 1 unit,null,Sea316.pdf
TRIDENT STAR,Tanker,"Namura Shipbuilding Co., Ltd.",Green Spanker Shipping S. A.,250,"Nov. 9, 2005",null,16.24kt,ABS,null,241.03m,42.00m,21.20m,14.923m,"56,365t","105,996t",B&W 6S60MC (Mk 6) diesel x 1 unit,"Output: 11,770kW x 103.6rpm",Sea316.pdf
YASA TEAM,Bulk carrier,Sanoyas Hishino Meisho Corp.,Clyde Maritime S. A.,1233,"Feb. 2, 2006","89,201m3",14.5,NK,null,225.00m,32.26m,19.30m,13.995m,"38,895t","75,621mt",MAN B&W 7S50MC-C diesel x 1 unit,"MCR: 12,200ps",Sea316.pdf
TOKIWA GLORY,Bulk carrier,"Mitsui Engineering & Shipbuilding Co., Ltd.","I. M. A. Lines Co., S. A.",1609,"Feb. 8, 2006",null,14.5kt,NK,null,189.99m,32.26m,17.90m,12.55m,"31,279t","55,742t",Mitsui MAN B&W 6S50MC-C diesel x 1 unit,"MCR: 9,480kW x 127.0rpm",Sea316.pdf
SIMURGH,Bulk Carrier,"Oshima Shipbuilding Co., Ltd.","Bulkstar Enterprise Co., Ltd.",10400,"Nov. 9, 2005",null,15.70kt,NK,null,189.99m,32.26m,17.62m,12.515m,"31,385t","54,881t",Kawasaki MAN B&W 6S50MC-C (Derating),"MCR: 11,160 ps x 110.0rpm",Sea316.pdf
General cargo and oil tanker,General cargo and oil tanker,"IHI Marine United Inc. / Sanuki Shipbuilding & Iron Works Co., Ltd.","Niijima Bussan Co., Ltd and Japan Railway Construction, Transport and Technology Agency (JRTT)",3241,null,null,null,null,null,Approx.59.20m,9.80m,3.50m,3.40m,480t,Approx. 663mt,CRP electric motor driven system,null,Sea317.pdf
Chemical tanker,Chemical tanker,"IHI Marine United Inc. / Koa Sangyo Co., Ltd.","Kokuho Kisen Co., Ltd. and JRTT",3245,null,null,null,null,null,Approx. 64.99m,10.00m,4.50m,4.00m,499t,"Approx.1,199mt",CRP electric motor driven system,null,Sea317.pdf
MAERSK SEVILLE,container ship,IHI Marine United Inc.,Maersk Line through Reederei Blue Star GmbH,3200,"Mar. 30, 2006","8,466TEUs",24.5kt,Germanischer Lloyd,null,335.0m,42.8m,24.4m,14.0m,"93,500t","abt. 97,000t",DU-Sulzer 12RT-flex 96C diesel x 1 unit,"61,900kW x 94.0rpm",Sea317.pdf
MAPLE HILL,Handymax bulk carrier,"Imabari Shipbuilding Co., Ltd.",Ambitious Line S. A.,625,null,"68,927.4m3",15.0kt,NK,null,189.94m,32.26m,17.30m,12.282m,"30,002t","53,452t",HITACHI B&W 6S50MC-C diesel x 1 unit,"9,480kW x 127rpm",Sea317.pdf
BRITISH CONFIDENCE,LPG carrier,"Mitsubishi Heavy Industries, Ltd.",Abbie Ltd.,2202,"March 31, 2006","83,270m3",17.0kt,LR,null,230.0m,36.6m,21.65m,11.628m,"48,772",null,MAN B&W 7S60MC (Mark VI) diesel x 1 unit,"13,700kW x 104rpm",Sea317.pdf
SHIGA,Capesize bulker,"Namura Shipbuilding Co., Ltd.",Handbell Shipping S. A.,256,"Feb. 14, 2006",null,16.71 knots,NK,null,288.97m,45.00m,24.40m,17.955m,"89,653t","176,990t",B&W 6570MC (Mk VI) diesel x 1 unit,"16,860kW x 91.0rpm",Sea317.pdf
CONSTANTIN S,container carrier,Naikai Zosen Corporation,H+H Schepers GmbH & Co. KG,699,"Mar. 24, 2006","2,450TEUs",22.2kt,NK,null,199.93m,32.20m,16.60m,9.80m,"27,094t","33,355t",Hitachi MAN B&W 7S70MC-C diesel x 1 unit,"21,735kW x 91min-1",Sea317.pdf
DIAMOND STREAM,Panamax bulk carrier,"Sasebo Heavy Industries Co., Ltd.",Wealth Line Inc.,729,null,"90,900m3",null,NK,null,225.00m,32.20m,19.80m,12.20m,"40,042t","76,741t",MAN B&W 7S50MC-C diesel x 1 unit,"9,230kW x 106.0rpm",Sea317.pdf
POS JADE,Bulk carrier,"The Hakodate Dock Co., Ltd.",White Crocus Shipping S. A.,805,"Mar. 17, 2006",null,14.4kt,NK,null,null,29.40m,13.70m,9.56m,"19,796t","31,886t",Mitsubishi 6UEC52LA diesel x 1 unit,null,Sea317.pdf
SYMPHONIC,VLCC,Universal Shipbuilding Corporation,Skyview Shipping Co. S. A.,029,"Mar. 24, 2006",null,16.0kt,ABS,null,329.99m,60.00m,29.70m,21.523m,"156,933t","298,522t",MAN B&W 7S80MC (MK VI) diesel x 1 unit,null,Sea317.pdf
KIRANA QUARTTA,Tanker (Product carrier),Naikai Zosen Corporation,Kirana Tanker Pte. Ltd.,701,"Mar. 31, 2006","24,400m3",13.5kt,NK,null,160.00m,27.90m,11.20m,7.11m,"13,202t","19,000t",Hitachi MAN B&W 7S35MC (Mk VI) diesel x 1 unit,null,Sea317.pdf
YASA UNITY,Bulk carrier,Sanoyas Hishino Meisho Corp.,Tiffany Navigation S. A.,1234,"Apr. 6, 2006","89,201m3 (grain)",14.5kt,NK,null,225.00m,32.26m,19.30m,13.995m,"38,895t","75,580mt",MAN B&W 7S50MC-C diesel x 1 unit,"12,200ps",Sea317.pdf
DUNCAN BAY,Bulk carrier,"Imabari Shipbuilding Co., Ltd./Shimanami Shipyard Co., Ltd.",Kowa Shipping S. A.,508,"Feb. 14, 2006",null,15.9kt,NK,null,169.26m,27.20m,13.60m,9.761m,"16,951t","28,414t",Makita-Mitsui-MAN B&W 6S42MC (Mark VI) diesel x 1 unit,"5,850kW x 129rpm",Sea317.pdf
DREAM ANGEL,PCC,"Shin Kurushima Dockyard Co., Ltd.",Dynamic Driving Marine S. A.,5327,"Feb. 21, 2006",null,19.2kt,KR,null,186.03m,28.20m,29.43/12.45m,8.524m,"41,662t","15,089t",B&W 8S50MC (Mark VI) diesel x 1 unit,null,Sea317.pdf
KOHYOHSAN,Capesize bulk carrier,Universal Shipbuilding Corporation,"Mitsui O.S.K. Lines, Ltd.",null,2001,null,null,null,null,null,null,null,null,null,"172,000DWT",null,null,Sea318.pdf
HOKUREN MARU,roll-on/roll-off cargo carrier,"Imabari Shipbuilding Co., Ltd.",Japanese domestic owner,604,null,"135 units (12m chassis), 64 cars, 12 passengers",24 knots,NK NS*,null,173.3m,26.6m,21.75m,7.14m,"13,950t","6,597mt",KAWASAKI MAN B&W 8L60MC-C (M-VIII),"17,840 kW x 123 rpm",Sea318.pdf
GAIA CELERIS,ore carrier,"Namura Shipbuilding Co., Ltd.",Seaside View Maritima S. A.,270,"Apr. 12, 2006",null,17.20kt,NK,null,319.58m,54.00m,24.30m,18.10m,"113,925t","229,045mt",Mitsubishi 6UEC 85 LSII diesel,"22,432 kW x 76.0rpm",Sea318.pdf
MIMOSA AFRICANA,chip carrier,Sanoyas Hishino Meisho Corporation,CYGNET BULK CARRIER S. A.,1236,"Apr. 20, 2006","111,471m3 (grain)",null,NK,null,203.50m,37.20m,21.60m,10.518m,"45,011t","52,001mt",MAN B&W 6S50MC-C diesel,"12,400ps",Sea318.pdf
ROYAL CHORALE,bulk carrier,"Mitsui Engineering & Shipbuilding Co., Ltd.","Lepta Shipping Co., Ltd. of Liberia",1616,"Mar. 3, 2006","197,050m3",15.0kt,NK,null,289.00m,45.00m,24.40m,17.95m,"88,491t","177,544t",Mitsui MAN B&W 6S70MC diesel,"16,860kW x 91rpm",Sea318.pdf
JINWA,coasting passenger/car ferry,Naikai Zosen Corporation,"Nakajima Kisen Co., Ltd.",null,"July 26, 2006","4 trucks or 18 passenger cars, 310 passengers",14.0kt,JG,null,49.50m,11.00m,3.70m,2.65m,462t,null,Daihatsu 60DKM-20 x 2 units,956kW x 900/255min-1,Sea318.pdf
AMBROSIA,double-hull Aframax tanker,"Sumitomo Heavy Industries Marine & Engineering Co., Ltd.",Ambrosia Shipping Inc.,null,21-Jun-06,"122,330m3",15.2kt,LR,null,239.00m,42.00m,21.30m,12.19m,"56,500t","105,250mt",DU-Sulzer 6RTA58T diesel,null,Sea318.pdf
OOCL DUBAI,container carrier,"Koyo Dockyard Co., Ltd.",Southern Route Maritime S. A.,null,"June 29, 2006","5,888TEUs",25.0kt,NK,Hong Kong,280.54m,40.00m,24.0m,14.00m,"66,462","66,940t",MITSUI-MAN B&W 10K98MC (MARK VI),"57,200kw x 94.0rpm",Sea318.pdf
MAERSK SHEERNESS,Container Carrier,IHI Marine United Inc.,Mendelssohn STAR Schifffahrtsgesellschaft mbH & Co. KG,3201,"May 31, 2006",null,24.5kt,GL,null,335.00m,42.80m,24.40m,14.00m,"94,724t","97,517t",DU-Sulzer 12RT-flex 96C diesel,null,Sea318.pdf
IKAN SERONG,Bulk carrier,"Mitsui Engineering & Shipbuilding Co., Ltd.","Ever Rock Navigation, S. A.",1614,"June 28, 2006",null,14.5kt,NK,null,189.99m,32.26m,17.90m,12.55m,"31,247t","56,023t",Mitsui-MAN B&W 6S50MC-C diesel,"9,480KW x 127.0rpm",Sea318.pdf
IBRI LNG,LNG carrier,"Mitsubishi Heavy Industries, Ltd.",Dune LNG Carrier S. A.,2215,"July 14, 2006","145,000 m3",19.5 kt,NK,null,289.50m,49.00m,27.00m,11.40m,"118,608t","71,766t",KAWASAKI UA-400 steam turbine,"26,900kW x 80 rpm",Sea318.pdf
POS LEADER,Bulk carrier,"The Hakodate Dock Co., Ltd.",White Orchid Marine S. A.,807,"July 3, 2006",null,14.4kt,KR,null,null,29.40m,13.70m,9.56m,"19,796t","31,907t",Mitsubishi 6UEC52LA diesel,null,Sea318.pdf
DANANN ISLAND,Bulk carrier,Sanoyas Hishino Meisho Corp.,"Kotobuki Shipping Corporation, S. A.",1238,"May 17, 2006","89,201m3",14.5kt,NK,null,225.00m,32.26m,19.30m,13.995m,"38,891t","75,637mt",MAN B&W 7S50MC-C diesel,"12,200ps",Sea318.pdf
UMIAK I,Ice-breaking bulk carrier,Universal Shipbuilding Corporation,Fednav Limited,10003,"Apr. 18, 2006",null,13.5kt,DNV,null,188.80m,26.60m,15.70m,11.751m,"22,462t","31,992t",MAN B&W 7S70ME-C diesel,null,Sea318.pdf
ORANGE HOPE,high-speed ferry,"Imabari Shipbuilding Co., Ltd.","Shikoku Kaihatsu Ferry Co., Ltd. and Japan Railway Construction, Transportation and Technology Agency",606,2005,218 passengers; 154 trucks (12m long chassis); 205 trucks (9m long chassis),22.2kt,null,null,168.00m,27.50m,18.15m,6.50m,"15,732t","5,144mt",DU S.E.M.T. PIELSTICK 14PC4-2B x 1 unit,"18,550kW",Sea319.pdf
ORANGE 8,ferry,null,null,null,null,139 trucks (9m long chassis),null,null,null,150.00m,25.60m,13.21m,5.516m,null,"2,952mt",null,"19,860kW",Sea319.pdf
CHIKYU,"scientific research ship, deep-drilling ship","Mitsubishi Heavy Industries, Ltd. and Mitsui Engineering & Shipbuilding Co., Ltd.",Japan Agency for Marine-Earth Science and Technology (JAMSTEC),null,null,"150 persons (crew: 100, researchers: 50)",12kt,null,null,210.0m,38.0m,16.2m,9.2m,"57,087t",null,12ADD30V x 6 units (Main engines/generators),"5,000kW x 6 units",Sea319.pdf
ARCTIC VOYAGER,LNG carrier,Kawasaki Shipbuilding Corporation,Lloyds TSB Equipment Leasing (No. 1) Limited,1532,"July 14, 2006","140,618m3 (at -163°C, 98.5%)",19.3kt,DNV,null,289.50m,48.40m,26.50m,11.90m,"118,571t","75,434t",Kawasaki UA-400 steam turbine x 1 unit,"27,000kW x 81rpm",Sea319.pdf
POSITIVE LEADER,vehicle carrier,"Mitsubishi Heavy Industries, Ltd. (Shimonoseki Shipyard)",Oceanic Trader S. A.,null,"July 13, 2006","3,930 passenger cars (RT type); Complement: 24",19.9kt,"NK, NS* (Vehicles Carrier) MNS* (M0)",null,180.00m,30.00m,30.94m,8.20m,"43,810t","10,862mt",Mitsubishi-UE 8UEC50LSII diesel x 1 unit,"MCR: 11,560 kW x 127min-1",Sea319.pdf
POSITIVE STAR,vehicle carrier,"Mitsubishi Heavy Industries, Ltd.",null,null,"Aug. 20, 2004",null,null,null,null,null,null,null,null,null,null,null,null,Sea319.pdf
POSITIVE PIONEER,vehicle carrier,"Mitsubishi Heavy Industries, Ltd.",null,null,"Feb. 15, 2005",null,null,null,null,null,null,null,null,null,null,null,null,Sea319.pdf
KIHO,VLCC,IHI Marine United Inc. (Kure Shipyard),Dragon’s Mouth Carriers S. A.,3199,"Aug. 28, 2006",null,15.55kt,NK,null,333.0m,60.0m,29.0m,20.5m,"159,923t","300,866t",DU-Wartsila 7RT-flex84T-D diesel x 1 unit,"27,160kW x 74.0rpm",Sea319.pdf
KASAGISAN,VLCC (Mitsui Malacca Doublemax),"Mitsui Engineering & Shipbuilding Co., Ltd. (Chiba Works)",MOLTANK S. A.,1645,"Aug. 2, 2006","Cargo tank capacity (100%): 354,689m3; Complement: 30",null,NK,null,333.00m,60.00m,28.80m,20.466m,"160,216t","302,478t",Mitsui-MAN B&W 7S80MC-C diesel x 1 unit,"27,160kW x 76rpm",Sea319.pdf
HIGH GLOW,product tanker,Naikai Zosen Corporation (Setoda Works),Golden Pegasus Navigation S. A.,694,"July 31, 2006","Cargo tank capacity: 55,158.9m3; Complement: 25",15.7kt,NK,null,179.90m,32.20m,19.25m,11.65m,"28,245t","46,846t",Hitachi-MAN B&W 6S50ME-C diesel x 1 unit,"8,530kW x 123min-1",Sea319.pdf
BRITISH COURAGE,LPG Carrier,"Mitsubishi Heavy Industries, Ltd.",Charlotte Shipping Company Ltd.,2203,"Aug. 31, 2006","Cargo tank capacity: 83,270m3",17.0 kt,LR,null,230.0m,36.6m,21.65m,11.628m,"48,772t","53,783t",MAN B&W 7S60MC (Mk 6) diesel x 1 unit,"13,700kW x 104min-1",Sea319.pdf
GLORIC,VLCC,Universal Shipbuilding Corporation,Wavecrest Investment Co. S. A.,030,"June 30, 2006","Cargo tank capacity: 340,219m3",16.0kt,ABS,null,329.99m,60.00m,29.70m,21.523m,"156,933t","298,495t",Hitachi MAN B&W 7S80MC (Mk 6) diesel x 1 unit,"25,090 kW x 78.6min-1",Sea319.pdf
SANTA LUCIA,Bulk carrier,"Namura Shipbuilding Co., Ltd.","Mitsubishi Ore Transport Co., Ltd.",269,"Aug. 4, 2006",null,16.30tk (at.85% MO),NK,null,288.97m,45.00m,24.40m,17.955m,"89,726t","176,760t",B&W 6S70MC (Mk6) diesel x 1 unit,"16,860kW x 91.0rpm",Sea319.pdf
FILOMENA LEMBO,Bulk carrier,Tsuneishi Corporation,"Lepta Shipping Co., Ltd.",1318,"June 5, 2006",null,16.33kt (trial max),NK,null,228.99m,32.26m,19.90m,14.40m,"42,887t","82,790mt",MAN B&W 6S60MC diesel x 1 unit,"11,000kW x 98rpm",Sea319.pdf
DREAM BEAUTY,Car carrier,"Shin Kurushima Dockyard Co., Ltd.",Dynamic Leader Shipping S. A.,5328,"June 1, 2006",null,19.2kt,KR,null,186.03m,28.20m,29.43m,8.52m,"41,662t","15,119t",B&W 8S50MC (Mk 6) diesel x 1 unit,null,Sea319.pdf
NORD JUPITER,Bulk Carrier,"Oshima Shipbuilding Co., Ltd.","Compania Flor de Vapores, A. S.",10387,"June 2, 2006",null,14.5kt,NK,null,225.00m,32.26m,19.39m,14.189m,"40,017t","77,171mt",MAN B&W 6S60MC (Mk 6) (Derating) diesel x 1 unit,"9,326kW x 87.0rpm",Sea319.pdf
ROCKIES HIGHWAY,pure car/truck carrier,Naikai Zosen Corporation,River Spring Corporation of Panama,696,"Sept. 29, 2006","4,318 units",20.0kt,NK,Panama,183.00m,30.20m,28.80m (at upper deck),7.70m (full load),"44,364t","12,828t",MAN B&W 6S60MC-C diesel x 1 unit,"11,620kW",Sea320.pdf
SEA ODYSSEY,chip carrier,Sanoyas Hishino Meisho Corporation,Cygnet Bulk Carrier S. A.,1237,"Sept. 7, 2006","111,471m3 (3,936,587ft3) (grain)",null,NK,null,203.50m,37.20m,21.60m,10.518m,"45,011t","51,976mt",MAN B&W 6S50MC-C diesel x 1 unit,"12,400ps",Sea320.pdf
DYNA GLOBE,bulk carrier (ore carrier),"Imabari Shipbuilding Co., Ltd.",Dyna Future Steam Ship (HK) Limited,1444,"Sept. 15, 2006","111,727m3",14.5kt,NK,null,249.94m,43.00m,18.70m,12.886m,"55,281t","99,347t",MITSUI-MAN B&W 6S60MC (Mark VI) x 1 unit,"12,240kW x 105rpm",Sea320.pdf
CMB SAKURA,Panamax bulk carrier,Sanoyas Hishino Meisho Corp.,Ever Bright Shipping S. A.,1243,"Sept. 15, 2006","89,201m3 (grain)",About 14.5kt,NK,null,225.00m,32.26m,19.30m,13.995m,"38,891t","75,765mt",MAN B&W 7S50MC-C diesel x 1 unit,"12,200ps",Sea320.pdf
Kakumei Maru,Oil tanker,"Hakata Shipbuilding Co., Ltd.","Tsurumi Sunmarine Co., Ltd.",676,null,null,null,null,null,104.1m,16.0m,8.2m,null,"3,486t",null,Hanshin Diesel Works Ltd. LH46LA,"4,500 ps (3,309 kW)",Sea320.pdf
Nippon Maru,round haul netter,"Miho Shipyard Co., Ltd.",Nippon Corporation jointly established by seven fishing companies,null,"Oct. 1, 2006",null,16.20kt,null,null,75.97m,13.40m,7.50m/5.00m,null,"1,817t (Int'l)/744t (Jpn)",null,Niigata 6M G34H,"2,647kW",Sea320.pdf
HOSHO MARU,Car and general cargo carrier,"Mitsubishi Heavy Industries, Ltd.","Toyofuji Shipping Co., Ltd./ Miyazaki Sangyo Kaiun Co., Ltd.",1118,"Sept. 12, 2006","2,000 cars",21.0kt,NK,null,165 m,27.6 m,24.15 m,6.2m,"12,687t","5,490t",Mitsubishi 7UEC52LSE diesel x 1 unit,null,Sea320.pdf
OKLAHOMA,Tanker,"Sumitomo Heavy Industries Marine & Engineering Co., Ltd.",Cygnus Transport Ltd.,1323,"Sept. 15, 2006",null,abt.14.8knots,LRS,null,237.71m,42.00m,21.30m,14.85m (Scantling),"56,172t","abt.105,400t",Diesel United-Sulzer 6RTA58T diesel x 1 unit,"12,000kW x 103rpm",Sea320.pdf
KEN REI,Bulk carrier,"The Hakodate Dock Co., Ltd.",Delica Shipping S.A.,808,"Aug. 22, 2006",null,14.4kt,NK,null,null,29.40m,13.70m,9.56m,"19,781t","31,866t",Mitsubishi 6UEC52LA diesel x 1 unit,null,Sea320.pdf
ICE EXPLORER,Crude Oil Tanker,Universal Shipbuilding Corporation (Tsu Shipyard),Fletching Corp.,031,"Sept. 19, 2006",null,15.70kt,LRS,null,274.200m,48.000m,22.400m,16.035m,"77,636t","146,427t (summer)",Hitachi Zosen MAN B&W 7S65ME-C diesel x 1,"17,990kW x 92.0min-1",Sea320.pdf
SHOYO,Bulk carrier,"Namura Shipbuilding Co., Ltd.","Usui Kaiun Co., Ltd./Mitsui OSK Lines, Ltd.",265,"Sept. 6, 2006",null,14.1kt,NK,null,224.99m,32.26m,19.50m,14.078m,"40,608t","76,942t",Hitachi B&W 6S60MC (Mk VI) diesel x 1 unit,null,Sea320.pdf
Miyajima Maru,passenger ferry,"Miho Shipyard Co., Ltd.",null,null,Jan-06,null,null,null,null,null,null,null,null,null,null,null,null,Sea320.pdf
HUMBER BRIDGE,"9,040TEU container ship",IHI Marine United Inc.,"Kawasaki Kisen Kaisha, Ltd. (K Line)",3205,"Oct. 31, 2006","9,040TEUs",24.5kt,NK,null,336.0m,45.8m,24.4m,null,"98,800t","abt. 87,000t",MAN B&W 12K98ME diesel,"67,270kW x 93.4rpm",Sea321.pdf
YM NEW JERSEY,"4,923TEU container carrier","Koyo Dockyard Co., Ltd.",Paraiso Shipping S. A.,null,"Nov. 24, 2006","4,923TEU",23.8kt,NK,Panama,294.03m,32.20m,21.50m,13.50m,"54,828","65,123t",MITSUI MAN B&W 8K98MC (MARK VI) diesel,"45,760kw x 94.0rpm",Sea321.pdf
HELENE S,"2,450TEU container carrier",Naikai Zosen Corporation,H+H Schepers Reederei GmbH & Co. KG,700,"Dec. 20, 2006","2,450TEU",22.2kt,NK,null,199.93m,32.20m,16.60m,9.80m,"27,213t","32,878t",MAN B&W 7S70MC-C diesel,"21,735 kW x 91min-1",Sea321.pdf
CAPE PROGRESS,"185,000DWT bulk carrier",Kawasaki Shipbuilding Corporation,Ocean Transit Carrier S. A.,1589,"Nov. 28, 2006","205,722m3",about 14.7kt,NK,null,290.00m,47.00m,24.40m,17.95m (extreme),"92,993t","185,920t",Kawasaki-MAN B&W 6S70MC (Mk 6) diesel,"16,860kW x 91rpm",Sea321.pdf
SHIN-SHO,"177,000DWT bulk carrier","Mitsui Engineering & Shipbuilding Co., Ltd. (MES)","Lepta Shipping Co., Ltd.",1624,"Sept. 15, 2006","197,050m3",15.0kt,NK,null,289.00 m,45.00 m,24.40 m,17.95 m,"88,541 tons","177,489t",MITSUI-MAN B&W 6S70MC diesel,"16,860kW x 91rpm",Sea321.pdf
SHIN OHGISHIMA,"200,000DWT type bulk carrier",Universal Shipbuilding Corporation,Erica Navigation S. A.,null,"August 15, 2006","217,968m3",16.25kt,NK,Liberia,299.95m,50.00m,24.10m,17.88m,"101,953t","203,280MT",Hitachi Zosen MAN B&W 6S70MC (Mk 6) diesel,null,Sea321.pdf
RIVER ETERNITY,"105,000 MTDW double-hull Aframax clean petroleum product carrier","Sumitomo Heavy Industries Marine & Engineering Co., Ltd. (SHI-ME)",Wealth Line Inc.,null,Nov-06,"122,330m3",15.2kt,NK,null,239.00m,42.00m,21.30m,12.19m,"56,285t","105,200t",DU-Sulzer 6RTA58T diesel,null,Sea321.pdf
BRITISH COMMERCE,LPG Carrier,"Mitsubishi Heavy Industries, Ltd.",Hazel Shipping Company Ltd.,2204,"Nov. 30, 2006","83,269 m3",17.0kt,LR,null,230.0m,36.6m,21.65m,11.60m,"48,772t","54,478t",MAN B&W 7S60MC (Mark 6) diesel,"13,700kW x 104min-1",Sea321.pdf
SEA SENATOR,Tanker,"Namura Shipbuilding Co., Ltd.","Valles Steamship Company, Limited",262,"Jan. 5, 2007",null,15.38kt,ABS,null,241.03m,42.00m,21.20m,14.953m,"56,489t","105,715t",Hitachi B&W 6S60MC (Mark 6) diesel,"12,240 kW x 105.0rpm",Sea321.pdf
ICE FIGHTER,Tanker,"Onomichi Dockyard Co.,Ltd.",Raymond Enterprises S. A.,519,"Sept. 26, 2006","82,012.6m3",15.5kt,ABS,null,228.56m,32.20m,19.60m,13.718m,"38,832t","70,374t",Mitsui MAN B&W 6S60MC (Mark-6) diesel,"12,240kW x 105min-1",Sea321.pdf
FAVORITE ACE,PCC,"Shin Kurushima Dockyard Co., Ltd.",Glory Ocean Shipping S. A.,5308,"Nov. 11, 2006",null,20.65kt,NK,null,199.99m,32.26m,34.26m,9.70m,"60,118t","17,709t",Kobe Diesel-Mitsubishi 8UEC60LSII diesel,null,Sea321.pdf
MIZUNAGI MARU,Bulk carrier,Tsuneishi Holdings Corporation,Bluemountains Shipping S. A.,1351,"Oct. 25, 2006",null,14.5kt,NK,null,229.00m,32.26m,20.03m,14.40m,"43,143t","82,619t",Mitsui MAN-B&W 7S50MC-C diesel,"9,800kW x 113rpm",Sea321.pdf
CAPE KNOX,Bulk carrier,"Shimanami Shipyard Co., Ltd.",Cape Knox Limited,507,"Nov. 22, 2006",null,14.kt,ABS,null,169.26m,27.20m,13.60m,9.761m,"16,951t","28,442t",Makita-Mitsui-MAN B6W 6S42MC (Mk 6) diesel,"5,850kW x 129rpm",Sea321.pdf
HANJIN SURABAYA,container carrier,"Imabari Shipbuilding Co., Ltd.",domestic owner,S-672,"Jan. 20, 2007","1,708TEUs",about 19.7kt,NK,null,171.99m,27.60m,14.00m,9.5m,"17,225t","21,978t",MITSUI-MAN B&W 7S60MC (Mk 7) diesel,"15,820kW x 105rpm",Sea322.pdf
YAMATOGAWA,VLCC,Kawasaki Shipbuilding Corporation,KAW1572 SHIPPING S. A.,1572,Dec-06,"351,643m3",15.58kt,ABS,null,333.00m,60.00 m,29.00 m,20.417m at full load,"160,231t","302,488t",Kawasaki-MAN B&W 7S80MC-C diesel,"27,160kW x 76rpm",Sea322.pdf
GENMAR KARA G,Suezmax tanker,Universal Shipbuilding Corporation,GMR NEWBUILDING 2 LLC,null,"January 15, 2007","170,108m3",16.2kt,DnV,null,274m,48m,22.4m,16m,"79,235","150,296MT",Sulzer 6RTA72 diesel,null,Sea322.pdf
SIERRA NEVADA HIGHWAY,PCC (vehicle carrier),Naikai Zosen Corporation,River Spring Corporation of Panama,697,"Jan. 31, 2007","4,300 units in terms of passenger cars",about 20.0kt,NK,Panama,183.00 m,30.20 m,28.80m,7.70m,"44,364t","12,851t",MAN B&W 6S60MC-C diesel,"11,620kW",Sea322.pdf
NiigataMax,chemical tanker,"Niigata Shipbuilding & Repair, Inc.",null,null,2008,null,about 13.5 knots,ABS,null,119.2m,20m,11.65m,null,"about 7,350t","11,500t",Makita-Mitsui MAN B&W 7L35MC diesel,"4,550kW",Sea322.pdf
THERESE SELMER,bulk carrier,"Mitsui Engineering & Shipbuilding Co., Ltd.","Oskar Wehr KG GmbH & Co., Germany",1632,null,"over 70,000 m3",14.5 knots,DNV,Marshall Islands,189.99 m,32.26 m,17.90 m,12.55 m,"31,222t","55,682t",MITSUI-MAN B&W 6S50MC-C diesel,"9,480kW x 127.0 rpm",Sea322.pdf
Shinei Maru,General cargo/oil tanker,"Sanuki Shipbuilding & Ironworks Co., Ltd.",Niijima Bussan Kabushiki Kaisha,null,"Feb. 11, 2007",null,11.9kt,null,Japan,55.0m,9.8m,3.5m,null,492t,null,electric-drive CRP,Generators: 400kW x 3 units; Propulsion units: 500kW inverter-control electric motors x 2 units,Sea322.pdf
KASHIMASAN,VLCC,"Mitsubishi Heavy Industries, Ltd.",Breeze Shipping Navigation S. A.,2214,"Jan. 31, 2007",null,abt. 15.5kt,NK,null,abt. 333.00m,60.00m,29.10m,20.50m,"159,873t","300,579t",7UEC85LSII diesel,"27,020kW x 76.0rpm",Sea322.pdf
PACIFIC EXPLORER,Bulk carrier,"Mitsui Engineering & Shipbuilding Co., Ltd.","Lepta Shipping Co., Ltd.",1654,"Jan. 16, 2007",null,15.0kt,NK,null,289.00m,45.00m,24.40m,17.95m,"88,484 t","177,456t",MITSUI-MAN B&W 6S70MC diesel,"16,860kW x 91rpm",Sea322.pdf
SAGA EXPLORER,General cargo carrier,"Oshima Shipbuilding Co., Ltd.",Navire Shipping Company Limited,10471,"Dec. 15, 2006",null,14.90kt,DNV,null,199.20m,30.50m,16.40m,10.00m,"29,900t","46,500t",Diesel United Sulzer 7RTA52 diesel,null,Sea322.pdf
CAPE LILAC,Bulk carrier,"Namura Shipbuilding Co., Ltd.",Fair Wind Navigation S. A.,257,"Jan. 10, 2006",null,about 15.0kt,NK,null,288.97m,45.00m,24.40m,17.955m,"89,651t","177,003t",B&W 6S70MC (Mk 6) diesel,"16,860kW x 91.0rpm",Sea322.pdf
STAVANGER BLOSSOM,Tanker,"Sumitomo Heavy Industries Marine & Engineering Co., Ltd.",Stavanger Blossom KS,1329,"Feb. 28, 2007",null,15.25kt,LRS,null,239.00m,42.00m,21.30m,12.19m,"56,172t","105,400t",Diesel United-Sulzer 6RTA58T diesel,"12,000kW x 103rpm",Sea322.pdf
OCEAN MINERVA,Bulk carrier,Sanoyas Hishino Meisho Corporation,S. S. Harmony Shipping S. A.,1249,"Jan. 16, 2007","89,201m3 (grain)",abt. 14.5kt,NK,null,225.00m,32.26m,19.30m,13.995m,"38,887t","75,698t",MAN B&W 7S50MC-C diesel,"12,200ps",Sea322.pdf
Hull No. 1681,LNG carrier,"Mitsui Engineering & Shipbuilding Co., Ltd.","Ice Gas LNG Shipping (joint venture company by Mitsui-OSK, Kawasaki and Primorsk Shipping)",1681,2004,"about 145,000m3",,,,about 289.50,about 49.00m,about 26.50 m,about 12.30m,,,,Sea323.pdf,
LUNA SPIRIT,vehicle carrier,"Mitsubishi Heavy Industries, Ltd. (MHI), Shimonoseki Shipyard and Machinery Works",Fair Wind Navigation S. A.,,"April 16, 2007","3,930 passenger cars (RT type)",19.9kt,"NK, NS* (Vehicles Carrier) MNS* (MO)",,180.00m,30.00m,30.94m (10th Deck),8.20m,"43,810t",Mitsubishi-UE 8UEC50LSII x 1 unit,"MCR: 11,560 kW x 127min-1",Sea323.pdf,"11,100t"
SHIN SANYO MARU,coal carrier,"Oshima Shipbuilding Co., Ltd. (OSY)",Antlers Maritima S. A.,,"February 28, 2007","108,929m3",14.3kt,NK,,235.00m,43.00m,18.55m,12.90m,"50,464t",MITSUBISHI 6UEC60LSII diesel x 1 unit,"MCR: 16,200ps x 105.0rpm",Sea323.pdf,"91,439t"
WESTERN HIGHWAY,pure car carrier,"Shin Kurushima Dockyard Co., Ltd., Onishi Shipyard","Bulkstar Enterprise Co., Ltd.",5346,Mar-07,3893 units,abt. 20.0 knots,NK,,188.03m,28.20m,27.97m,8.524m,"39,422t",8UEC 50LSII diesel x 1 unit,,Sea323.pdf,"12,980t"
NORD LEADER,bulk carrier,"Kawasaki Shipbuilding Corporation, Kobe Shipyard",Forever Shipping S. A.,1576,"Mar. 30, 2007",,,NK,,189.90m,32.26m,17.80m,12.50m,"31,000t",Kawasaki-MAN B&W 6S50MC-C diesel x 1 unit,"MCR: 8,200kW x 110rpm",Sea323.pdf,"55,500t"
Onomichi Mark IV product carrier,MR type product carrier,"Onomichi Dockyard Co., Ltd.",,,,"abt. 55,000m3 (slop tanks incld.)",15.8kt to 14.2kt,,,abt. 182.5m,32.20m,19.05m,10.75m / 11.80m,"abt. 29,500",MAN B&W 6S50MC-C (Mk 7) x 1 unit,,Sea323.pdf,"50,000DWT"
DONIAMBO,open bulk carrier,"Naikai Zosen Corporation, Setoda Works",Santa Gloria Navigation S. A.,702,"Mar. 28, 2007","30,321m3",13.0kt,NK,,161.00m,26.00m,14.00m,9.00m,"28,428t",Hitachi MAN B&W 7S35MC (MARK7) diesel x 1 unit,"NCR: 4,410kW x 164min-1",Sea323.pdf,"16,992t"
CORAL EMERALD,Panamax bulk carrier,"Sanoyas Hishino Meisho Corp., Mizushima Works","Picer Marine, S. A.",1250,"Mar. 14, 2007","89,201m3 (grain)",About 14.5kt,NK,,225.00m,32.26m,19.30m,13.995m,"38,893t",MAN B&W 7S50MC-C diesel x 1 unit,"MCR: 12,200ps",Sea323.pdf,"75,632mt"
HUMEN BRIDGE,Container carrier,IHI Marine United Inc.,KLB3207SHIPPING,3207,"Apr. 23, 2007","9,040TEUs",24.5kt,NK,,336.0m,45.8m,24.4m,,"98,747t",MAN B&W 12K98ME diesel x 1 unit,"Output: 67,270kW (MCR)",Sea323.pdf,"abt. 99,214t"
BAOSTEEL EVOLUTION,Bulk carrier,"Imabari Shipbuilding Co., Ltd. (Saijyo Shipyard)",Ambitious Line S. A.,8033,"Mar. 28, 2007",,15.1kt,NK NS*,,299.94m,50.00m,24.50m,18.083m,"104,721t",Mitsui-MAN B&W 6S70MC-C diesel x 1 unit,"Output: 18,630kW x 91rpm",Sea323.pdf,"206,331t"
TAIGA,VLCC,"Mitsui Engineering & Shipbuilding Co., Ltd.",Fortis Maritime S. A.,1669,"Mar. 28, 2007","354,751.2m3",,NK,,333.00m,60.00m,28.80m,20.943m,"160,109t",Mitsui-MAN B&W 7S80MC-C diesel x 1 unit,"Max. continuous output: 27,160kW x 76rpm",Sea323.pdf,"311,141t"
NICOLE,Bulk carrier,"Namura Shipbuilding Co., Ltd. (Imari Shipyard & Works)",Transmed Shipping Ltd.,293,"Mar. 28, 2007",,14.5kt,NK,,224.99m,32.26m,19.50m,14.078m,"40,690t",Hitachi B&W 6S60MC (Mk 6) diesel x 1 unit,"Output: 9,930 x 105.0rpm",Sea323.pdf,"77,096t"
LOYAL UNION,Bulk carrier,"The Hakodate Dock Co., Ltd.",Sarpen Maritime Co.,830,"Feb. 20, 2007",,14.0kt,NK,,,32.00m,16.55m,11.655m,"27,729t",Mitsubishi 6UEC50LSE diesel x 1 unit,,Sea323.pdf,"48,549t"
NORDBAY,Oil tanker,Universal Shipbuilding Corporation (Tsu Shipyard),Nordbay Navigation Company Limited,062,"Mar. 14, 2007","131,340m3",15.3kt,LRS,,249.0m,44.00m,20.80 m,13.71m,"62,241t",DU SULZER 7RTA58T diesel x 1 unit,"MCR: 14,000kw x 103.0min-1",Sea323.pdf,"116,104t"
SERI BAKTI,membrane type LNG carrier,"Mitsubishi Heavy Industries, Ltd. (MHI) / Nagasaki Shipyard & Machinery Works",MISC,2220,"June 29, 2007","152,944m3",19.0kt,LRS,null,Approx. 289.80m,46.50m,25.80m,11.25m,"105,335",null,Mitsubishi Marine Steam Turbine MS36-2A,"24,500kW",Sea324.pdf
MINERAL NIPPON,Bulk Carrier,Universal Shipbuilding Corporation / Tsu Shipyard,"Southern Route Maritime, S.A.",null,"March 30, 2007","217,968m3",16.25kt,NK,null,299.95m,50.00m,24.10m,17.88m,"101,933t","203,275t",MAN B&W 6S70MC x 1 unit,null,Sea324.pdf
CHUETSU SPIRIT,chip carrier,Tsuneishi Shipbuilding Company / Tsuneishi Works,null,null,null,"3,600,000 cubic feet (about 102,000 cubic meters)",14.6kt,NK,null,199.9m,32.2m,22.75m,null,"about 40,300","about 49,350mt",Mitsui MAN B&W 6S50MC diesel x 1 unit,null,Sea324.pdf
SHIN-ZUI,bulk carrier,"Koyo Dockyard Co., Ltd. (Imabari Group)",San Clemente Shipping S.A.,null,"Apr. 26, 2007",null,15.35kt,NK,Panama,288.93m,45.00m,24.70m,18.15m,"90,092","180,200t",Mitsui MAN B&W 6S70MC-C diesel x 1 unit,"18,630 kW x 91.0rpm",Sea324.pdf
HANJIN NINGBO,container carrier,Naikai Zosen Corporation / Setoda Works,Peony Shipholding S.A.,707,"July 19, 2007","2,553TEUs",abt. 22.2kt,NK,null,199.93m,32.20m,16.60m,9.80m (ext.),"27,104t","33,632t",Hitachi MAN B&W 7S70MC-C diesel x 1 unit,"21,735kW",Sea324.pdf
NSS HONESTY,ore carrier,"Mitsui Engineering & Shipbuilding Co., Ltd. (MES) / Chiba Works",Heyday Shipping S.A.,1647,"April 27, 2007",null,15.55kt,NK,null,327.0m,52.00m,24.30m,18.10m,"113,628t","229,548t",Mitsui-MAN B&W 6S80MC diesel x 1 unit,"21,840kW x 79rpm",Sea324.pdf
POLLUX,Bulk carrier,"The Hakodate Dock Co., Ltd.",Format Shipping Company Limited,811,"Apr. 17, 2007",null,14.4kt,NK,null,null,29.40m,13.70m,9.64m,"19,846t","32,017t",Mitsubishi 6UEC52LA diesel x 1 unit,null,Sea324.pdf
CORAL GARNET,Bulk carrier,Sanoyas Hishino Meisho Corp.,Lua Line S.A.,1251,"Apr. 25, 2007","89,201m3 (grain)",14.5kt,NK,null,225.00m,32.26m,19.30m,13.995m,"38,893t","75,674mt",MAN B&W 7S50MC-C diesel x 1 unit,"12,200ps",Sea324.pdf
SHINING BLISS,Bulk carrier,"Namura Shipbuilding Co., Ltd.",“K” Line Pte Ltd,266,"Apr. 19, 2007",null,15.83kt,NK,null,224.99m,32.26m,19.50m,14.078m,"40,717t","76,939t",B&W 6S60MC (Mk 6) diesel x 1 unit,"9,930kW x 105.0rpm",Sea324.pdf
NORD OPTIMISER,Product tanker,"Onomichi Dockyard Co., Ltd.",Pine Maritime Corporation,522,"Apr. 13, 2007","53,682.1m3",15.0kt at d = 12.600m (ext.),NK,null,182.50m,32.20m,18.10m,12.617m,"26,900t","47,371t",Mitsui MAN B&W 6S50MC (Mk 6) diesel x 1 unit,"8,580kW x 127min-1",Sea324.pdf
BM BONANZA,Tanker,"Sumitomo Heavy Industries Marine & Engineering Co., Ltd.",MI-DAS LINE S. A.,1330,"July 19, 2007",null,about 14kt,LRS,null,237.71m,42.00m,12.19m,14.85m,"56,172t","105,400t",DU-Sulzer 6RTA58T diesel x 1 unit,"12,000kW x 103rpm",Sea324.pdf
AZALEA ISLAND,Bulk Carrier,"Oshima Shipbuilding Co., Ltd.",Ambitious Line S.A.,10430,"Jan. 15, 2007",null,14.3kt,NK,null,255.22m,43.00m,19.39m,13.44m,"58,107t","106,445t",MAN B&W 6S60MC x 1 unit,null,Sea324.pdf
WAKANATSU,Coasting RO-RO cargo ship,"Onomichi Dockyard Co., Ltd. and Saiki Heavy Industries Co., Ltd.",Ryukyu Kaiun Kabushiki Kaisha,618 (SH-1156),"Sept. 12, 2006",170 vehicles,21.5kt,NK,null,168.71m,26.00m,13.90m,6.00m,"6,890t",null,MAN-B&W 8S50MC-C (Mk-8) diesel x 1 unit,"13,280 KW x 127 min-1",Sea325.pdf
LNG DREAM,LNG carrier,Kawasaki Shipbuilding Corporation,Lloyds TSB Equipment Leasing Limited,1545,"Sept. 13, 2006","145,254m3",19.5kt,NK,null,289.50m,49.00m,27.00m,11.404m,"118,876t","71,845t",Kawasaki UA-400 steam turbine x 1 unit,"26,900kW",Sea325.pdf
MOL CREATION,Large container carrier,"Mitsubishi Heavy Industries, Ltd. (MHI)","Mitsui O.S.K. Lines, Ltd. (MOL)",2225,"June 29, 2007","8,110TEUs",25.25kt,NK,null,316.0m,45.6m,25.0m,14.5m,"86,692t","90,678t",Mitsubishi Sulzer 11RT-Flex 96C diesel x 1unit,"62,920kW x 102rpm",Sea325.pdf
ORANGE KYUSHU,Combination ferry,"Imabari Shipbuilding Co., Ltd. (Nishi Shipbuilding Co., Ltd.)",Japanese domestic owner,448,null,"500 people, 37 trucks, 37 cars",19.85 knots,JG,null,119.91m,16.40m,11.00m / 6.00m,4.731m,"2,924t (JG)",957mt,(P) DAIHATSU DIESEL 6DKM-360 x 1 unit (S) DAIHATSU DIESEL 6DKM-360L x 1 unit,"3,309 kW x 600/210rpm",Sea325.pdf
BW BROKER,LPG carrier,Kawasaki Shipbuilding Corporation,Fair Wind Navigation S.A.,1583,null,"80,126m3",17kt,NK,null,226.00m,37.20m,21.00m,11.20m,"45,805","53,293",Kawasaki-MAN B&W 7S60MC-C diesel x 1 unit,"14,000kW x 94rpm",Sea325.pdf
CHEIKH EL MOKRANI,Mediterranean Max type LNG carrier,Universal Shipbuilding Corporation,Mediterranean LNG Transport Corporation (MLTC),055,null,"75,759m3",17.5kt,BV,null,219.95m,35.00m,22.55m,9.75m,"52,855t","38,164t",Steam turbine x 1 unit,null,Sea325.pdf
RTM WAKMATHA,Bulk Carrier,"Namura Shipbuilding Co., Ltd.",Rio Tinto Shipping Limited,null,"Aug. 10, 2007",null,15.0kt,LRS,United Kingdom,235.67m,43.00m,19.50m,12.80m,"53,988T","90,338t",HITACHI-MAN B&W 6S60MC-C (Mark7) diesel x 1 unit,"13,500 kW x 105rpm",Sea325.pdf
ALCANTARA SANTOS,Trailing Hopper Dredger,"Mitsubishi Heavy Industries, Ltd. (Kobe Shipyard)",Emodraga E.P.,1259,"June 27, 2007","1,000m3",10.9kt,BV,null,68.68m,14.00m,4.70m,4.0m,"1,705t",null,Yanmar 6N21A-SV diesel x 2 units,null,Sea325.pdf
MG COURAGE,Bulk carrier,"Imabari Shipbuilding Co., Ltd.",Venus Sea Marine S.A.,8036,"June 5, 2007",null,about 15.1kt,NK,null,299.94m,50.00m,24.50m,18.105m,"104,721t","206,254t",Mitsui-MAN B&W 6S70MC-C diesel x 1 unit,"18,630 kW x 91rpm",Sea325.pdf
HANJIN QINGDAO,Container carrier,Naikai Zosen Corporation,Mitsubishi Corporation,704,"July 30, 2007","2,553TEUs",about 22.2kt,NK,null,199.93m,32.20m,16.60m,9.80m,"27,104t","33,648t",Hitachi MAN B&W 7S70MC-C diesel x 1 unit,"21,735kW x 91min-1",Sea325.pdf
PRO GRACE,Wood chip carrier,Sanoyas Hishino Meisho Corp.,Forester Shipping S.A.,1255,"July 19, 2007","115,686m3",null,NK,null,203.50m,37.20m,22.30m,10.818m,"46,543t","53,896t",MAN B&W 6S50MC-C diesel x 1 unit,"12,400ps",Sea325.pdf
BM MIMOSA,Tanker,"Sumitomo Heavy Industries Marine & Engineering Co., Ltd.",Asian Cruiser S.A.,1331,"Sept. 10, 2007",null,about 14.8kt,LRS,null,237.71m,42.00m,21.30m,12.19m,"56,172t","105,576t",DU Sulzer 6RTA58T diesel x 1 unit,"12,000kW x 103rpm",Sea325.pdf
TORENIA,Bulk carrier,"Mitsui Engineering & Shipbuilding Co., Ltd.","Lepta Shipping Co., Ltd.",1648,"July 12, 2007",null,14.5kt,NK,null,189.99m,32.26m,17.90m,12.55m,"31,236t","56,049t",Mitsui-MAN B&W 6S50MCC diesel x 1 unit,"9,480kW x 127.0rpm",Sea325.pdf
MAERSK SINGAPORE,"8,450TEU Container Ship",IHI Marine United Inc. (Kure Shipyard),Maersk Line through Reederei Blue Star GmbH,Not stated,"Aug. 30, 2007","8,450TEUs",24.5kt,Germanischer Lloyd,Not stated,335.0m,42.8m,24.4m,14.0m,"94,000","abt. 97,000t",DU-Sulzer 12RT-flex 96C diesel x 1 unit,"MCR: 61,900kW x 94.0rpm",Sea326.pdf
RHOURD EL ADRA,"22,500cbm Semi-Ref. type LPG Carrier","Namura Shipbuilding Co., Ltd. (Imari Shipyard & Works)",Hyproc Shipping Company,Not stated,"Aug. 31, 2007","22,500cbm",16.5kt,BV,Not stated,156.07m,25.00m,16.5m,8.3m,"16,938",Not stated,B&W 6S50MC (Mk 6),"8,090kW x 120.0rpm",Sea326.pdf
GINGA PANTHER,"25,000DWT chemical tanker","Shin Kurushima Dockyard Co., Ltd. (Hiroshima Dockyard)",Achilles Line Shipping S.A.,5428,"June 7, 2007",28 cargo tanks,abt. 15.5kt,NK,Not stated,159.98m,26.80m,14.20m,9.85m,"16,222","25,338t",Mitsubishi 6UEC52LA diesel x 1 unit,Not stated,Sea326.pdf
KOTA PERDANA,"2,553TEU container carrier",Naikai Zosen Corporation (Innoshima Shipyard),Not stated,705,"Nov. 14, 2007","2,553TEUs",about 22.2kt,NK,Panama,199.93m,32.20m,16.60m,9.80m (designed),"27,104","33,423t",Hitachi-MAN B&W 7S70MC-C diesel x 1 unit,"MCR: 21,735 kW x 91min-1",Sea326.pdf
MORNING CHARLOTTE,Pure Car Carrier,"Imabari Shipbuilding Co., Ltd. (Marugame Works)",EUKOR,1464,"Aug. 31, 2007","6,502 units",20.15 kt,"NK, NS* (Vehicle Carrier) and *MNS, M0",Not stated,199.94m,32.2m,34.34m,10.016m,"60,876","22,578t",KOBE DIESEL-MITSUBISHI 8UEC 60LSII x 1 unit,"MCR: 15,540 kW x 104rpm",Sea326.pdf
MARE ITALICUM,"110,000 DWT Double Hull Tanker","Mitsui Engineering & Shipbuilding Co., Ltd. (Chiba Works)",Fratelli d’Amico Armatori S.p.A.,1675,"Sept. 12, 2007","128,073m3",14.9kt,RINA/LR,Not stated,245.50m,42.00m,21.50m,14.95m at full load,"59,611","110,295t",MITSUI-MAN B&W 7S60MC diesel x 1 unit,"MCR: 14,280kW x 105rpm",Sea326.pdf
EVER SAFETY,Container ship,"Mitsubishi Heavy Industries, Ltd., Kobe Shipyard",Evergreen International S.A. (Operator),1274,"Oct. 5, 2007","7,024TEUs",Not stated,ABS,Not stated,abt. 300.0m,42.80m,24.20m,14.20m,"75,246","78,618t",Mitsubishi-Sulzer 10RTA96C diesel x 1 unit,"MCR: 54,900kW x 100rpm",Sea326.pdf
DIAMOND OCEAN,Bulk carrier,"The Hakodate Dock Co., Ltd.","Star Bulk Carrier Co., S.A.",813,"July 31, 2007",Not stated,14.4kt,NK,Not stated,Not stated,29.40m,13.70m,9.64m,"19,816","31,931t",Mitsubishi 6UEC52LA diesel x 1 unit,Not stated,Sea326.pdf
GRAND HERO,Pure car carrier,"Toyohashi Shipbuilding Co., Ltd.",Dynamic Player Shipping S.A.,3598,"July 2, 2007","6,402 cars",19.8kt,KR,Not stated,199.99m,32.26m,35.80m,9.60m,"59,217","18,085t",Mitsui-MAN B&W 7S60MC (Mk 6) diesel x 1 unit,"MCR: 14,280kW (19,416PS) x 105min-1",Sea326.pdf
RICH QUEEN II,Tanker,"Sumitomo Heavy Industries Marine & Engineering Co., Ltd.",Spring Oil Carriers S.A.,1332,"Oct. 23, 2007",Not stated,abt. 14.9kt at designed draft,LR,Not stated,239.00m,42.00m,21.30m,12.19m,"56,172","105,572t",Diesel United-Sulzer 6RTA58T diesel x 1 unit,"MCR: 12,000kW x 103rpm",Sea326.pdf
NAVIOS ESPERANZA,Bulk Carrier,Universal Shipbuilding Corporation (Maizuru Shipyard),Pine Maritime Corporation,059,"Aug. 9, 2007","abt. 89,430.0m3 (Grain)",14.5kt,NK,Not stated,224.95m,32.20m,19.15m,12.40m,"39,643","75,200t",HITACHI ZOSEN MAN-B&W 6S60MC (Mk VI) diesel engine x 1 unit,Not stated,Sea326.pdf
GRAND ELENA,Moss type LNG carrier,"Mitsubishi Heavy Industries, Ltd. (MHI)",NYK-SCF LNG Shipping No.1 Limited,2229,"Oct. 31, 2007","145,580m3",19.5kt,LR,null,288.0m,49.0m,26.8m,11.25m,"122,239",null,Marine steam turbine x1,"23,600kW x 80rpm",Sea327.pdf
BRASIL MARU,very large ore carrier,"Mitsui Engineering & Shipbuilding Co., Ltd. (MES)",Tamou Line S.A.,1660,"Dec. 7, 2007",null,15.0kt,NK,null,340.00m,60.00m,28.15m,21.13m,"160,774","327,180t",Mitsui-MAN B&W Diesel 7S80MC -C x 1 unit,"23,640kW x 66rpm",Sea327.pdf
SUNFLOWER GOLD,"11,000 GT passenger and vehicle ferry","Mitsubishi Heavy Industries, Ltd. (MHI)","Diamond Ferry Co, Ltd.",null,"Nov. 15, 2007","138 units (12m truck), 9 units (8m truck), 75 units (passenger car), 748 persons",23.2kt,null,null,165.5m,27.00m,14.30m (4th deck),6.00 m,"11,178","4,458t",JFE SEMT-PIELSTICK 12PC2-6B diesel x 2 units,"9,000kW x 600min-1/unit",Sea327.pdf
SUN ARROWS,LNG carrier,Kawasaki Shipbuilding Corporation,Maple LNG Transport Inc.,1593,"Nov. 9, 2007","19,176m3",about 18.1kt,NK,null,151.00m,28.00m,16.00m,7.60m,"20,620","11,142t",Kawasaki UA-120 steam turbine x 1 unit,"8,830kW x 121rpm",Sea327.pdf
HOUYO,power max type bulk carrier,"Namura Shipbuilding Co., Ltd.","S.K.F. MARITIME, S.A.",null,"Dec. 5, 2007",null,15.0kt,NK,Republic of Panama,234.88m,38.00m (mld),20.00m (mld),14.20m,"50,933","93,492 t",MAN B&W 6S60MC (Mark 6) x 1 set,"12,240 kW x 105rpm",Sea327.pdf
BW ODEL,"205,000 DWT type bulk carrier",Imabari shipbuilding,E.K. LINE S. A.,8055,null,"220,021.91m3",15.1 kt,NK,null,299.94m,50.00m,24.50m,18.083m,"104,721t","206,330t",MITSUI-MAN B&W 6S70MC-C x 1 unit,"18,630kW x 91rpm",Sea327.pdf
NEW ADVANCE,double-hull Aframax tanker,"Sumitomo Heavy Industries Marine & Engineering Co., Ltd. (SHI-ME)",New Advance Shipping Inc.,null,"Dec. 10, 2007","122,330m3",14.9kt,LR,null,239.00m,42.00m,21.30m,12.19m,"abt. 56,170","abt. 105,500MT",DU-Sulzer 6RTA58T diesel x 1 unit,null,Sea327.pdf
PAX SILVA,wood chip carrier,Sanoyas Hishino Meisho Corp.,"Kotobuki Shipping Corporation, S.A.",1252,"Nov. 29, 2007","102,040m3 (grain)",about 14.3kt,NK,null,199.99m,32.20m,22.75m,11.178m,"39,802","46,900t",MAN B&W 6S 50 MC-C diesel x 1 unit,"10,800ps",Sea327.pdf
PEARL NAOMI,bunker tanker,"Niigata Shipbuilding & Repair, Inc.",Consort Bunkers Pte. Ltd.,null,null,null,13.33kt,null,null,119.02m,21.00m,10.10m,7.50m,"7,120","11,652.09t",Niigata diesel engines x 2 units,null,Sea327.pdf
CHARLOTTE BULKER,Bulk carrier,"The Hakodate Dock Co., Ltd.",White Cosmos Shipping S.A.,814,"Sept. 26, 2007",null,14.4kt,KR,null,null,29.40m,13.70m,9.64m,"19,831","32,132t",Mitsubishi 6UEC52LA diesel x 1 unit,null,Sea327.pdf
NYK OCEANUS,Container carrier,IHI Marine United Inc.,Ruta Shipholding S.A.,3226,"Sept. 28, 2007",null,25kt,NK,null,336.0m,45.8m,null,14.0m,"98,799","99,563t",DU SULZER 12RT-flex96C diesel x 1 unit,"65,210kW",Sea327.pdf
DUBAI GALACTIC,Bulk carrier,"Oshima Shipbuilding Co., Ltd.",Galactic Maritime Inc.,10450,"Oct. 12, 2007",null,null,NK,null,189.99m,32.26m,17.62m,12.48m,"30,719","55,418t",Kawasaki MAN B&W 6S50MC-C diesel x 1 unit,"8,208kW at 110rpm",Sea327.pdf
AOMI,Coal carrier,"Sasebo Heavy Industries Co., Ltd.",Kumiai Navigation (Pte) Ltd,S750,"Nov. 26, 2007",null,16.50knot,NK,null,229m,36.5m,18.5m,12.8m,"43,605","77,215",Mitsui B&W 5S60MC diesel x 1 unit,"9,855kW x 102.0min-1",Sea327.pdf
KOHZAN MARU V,Chemical/product tanker,"Shin Kurushima Dockyard Co., Ltd.",JSMC Panama S.A.,5401,"Oct. 10, 2007",null,14.9kt,NK,null,182.03m,28.20m,18.20m,11.320m,"25,184","37,784t",6UEC50LS II diesel x 1 unit,null,Sea327.pdf
TRITON OSPREY,Bulk carrier,Universal Shipbuilding Corporation,Triton Navigation B.V.,111,"Nov. 14, 2007","abt. 96,030.0m3",14.6kt,NK,null,225.00m,32.26m,20.00m,14.38m,"42,702","81,200t",Hitachi Zosen MAN-B&W 7S50MC-C type diesel x 1 unit,"8,730kW x 112.0rpm",Sea327.pdf
CELESTINE RIVER,LNG Carrier,Kawasaki Shipbuilding Corporation,Chariot Finance Limited,1587,"Dec. 14, 2007","145,394m3",about 19.5kt,DNV,null,289.70m,49.00m,27.00m,11.90m,"117,895","77,163t",Kawasaki UA-400 steam turbine,"26,900kW x 80rpm",Sea328.pdf
IDEMITSU MARU,crude oil carrier,IHI Marine United Inc.,"Idemitsu Tanker Co., Ltd.",null,"Nov. 30, 2007",null,15.65kt,NK,null,333.0m,60m,29m,19.2m,"160,300","abt. 300,100t",DU-Sulzer 7RT-flex 84T-D diesel,"27,160kW x 74.0rpm",Sea328.pdf
GOLDEN SPRING,Panamax bulk carrier,Sanoyas Hishino Meisho Corp.,Golden Spring Maritime S.A.,1259,"Jan. 31, 2008","96,152m3 (grain)",about 14.0kt,NK,null,229.00m,32.24m,20.20m,14.555m,"44,146","83,730mt",MAN B&W 6S60MC-C diesel,"14,600ps",Sea328.pdf
AZUR,JAPANAMAX bulk carrier,"Oshima Shipbuilding Co., Ltd.",null,null,"Nov. 12, 2007","96,041m3",14.5kt,NK,null,224.86m,32.26m,20.05m,14.40m,"42,712","82,282MT",KAWASAKI MAN B&W 5S60MC-C diesel,"10,959kw at 102.0rpm",Sea328.pdf
VALENTE VENUS,open bulk carrier,Naikai Zosen Corporation,Floral Shipping Navigation S.A.,714,"Jan. 16, 2008","about 30,200m3",about 13.0kt,NK,null,161.00m,26.00m,14.00m,9.00m,"16,992","28,401t",Hitachi MAN B&W 7S35MC (MARK 7) diesel,"4,410 kW (5,985ps)",Sea328.pdf
CAPE UNITY,bulk carrier,"Imabari Shipbuilding Co., Ltd.",null,8035,null,"199,724m3",15.35kt,NK,null,288.93m,45.00m,24.70m,18.174m,"90,092","181,181t",MITSUI-MAN B&W 6S70MC-C diesel,"18,630kW x 91rpm",Sea328.pdf
LADY GIOVI,Panamax bulk carrier,"Mitsui Engineering & Shipbuilding Co., Ltd.",Clio Marine Inc.,1687,"Dec. 10, 2007",null,15.0 knots,NK,Liberia,225.00m,32.25m,19.90m,14.35m,"43,408t","81,791mt",Mitsui-MAN B&W 6S60MC-C diesel,"12,100kW x 94rpm",Sea328.pdf
RIO GENOA,crude oil tanker,Universal Shipbuilding Corporation,Pine Maritime Corporation,null,Oct-07,null,15.25kt,ABS,null,about 276.88m,50.00m,22.40m,16.142m,"83,722","159,395t",MAN B&W 6S70MC-C,null,Sea328.pdf
EVER SALUTE,Container ship,"Mitsubishi Heavy Industries, Ltd., Kobe Shipyard",null,1275,"Jan. 11, 2008","7,024TEUs",null,ABS,null,abt. 300.0m,42.80m,24.20m,14.20m,"75,246","78,733t",Mitsubishi-Sulzer 10RTA96C diesel,"54,900kW x 100min-1",Sea328.pdf
REIMEI,LPG carrier,Kawasaki Shipbuilding Corporation,Sherwood Overseas S.A.,1586,"Dec. 21, 2007",null,About 16.85,NK,null,null,37.20m,21.00m,11.20m,"45,811","53,100t",Kawasaki-MAN B&W 7S60MC-C diesel,null,Sea328.pdf
YASA GOLDEN MARMARA,Tanker,"Mitsui Engineering & Shipbuilding Co., Ltd.","Lepta Shipping Co., Ltd.",1672,"Jan. 25, 2008","128,073m3",15.3kt,LR,null,245.50m,42.00m,21.50m,14.95m,"59,745","110,769t",MITSUI-MAN B&W 7S60MC diesel,"14,280kW x 105rpm",Sea328.pdf
OWARI MARU,Ore carrier,"Namura Shipbuilding Co., Ltd.",Samarinda Maritima S.A.,271,"Nov. 21, 2007",null,15.1kt,NK,null,319.58m,54.00m,24.30m,18.127m,"113,928","229,013t",6UEC 85 LSII diesel,"22,432kW x 76.0rpm",Sea328.pdf
EAGLE HOPE,Product tanker,"Onomichi Dockyard Co., Ltd.",Eagle Hope Partnership,528,"Feb. 4, 2008",null,15.7kt,ABS,null,228.49m,32.20m,20.65m,14.368m,"40,865","73,965t",Mitsui MAN B&W 6S60MC-C (Mark-7) diesel,null,Sea328.pdf
PACIFIC HORIZON,Chemical tanker,"Shin Kurushima Dockyard Co., Ltd.",Cameleer Shipping S.A.,5495,"Dec. 18, 2007",null,14.9kt,NK,null,182.03m,28.2m,18.2m,11.3m,"25,180","37,981t",6UEC50LSII diesel,null,Sea328.pdf
TRINITY ARROW,LNG carrier,"Imabari Shipbuilding Co., Ltd.",Trinity Transport S.A.,2258,"Mar. 31, 2008","154,982m3",20.15 kt,Lloyd’s Register of Shipping (LRS),null,289.93m,44.70m,26.00m,12.073m,"108,010","79,556t",KAWASAKI UA400 steam turbine x 1 unit,"29,420kW x 81rpm",Sea329.pdf
CSCL KINGSTON,container carrier,Naikai Zosen Corporation,Peony Shipholding S.A.,716,"May 30, 2008","2,553TEUs",about 22.2kt,NK,null,199.93m,32.20m,16.60m,9.80m,"33,651","27,104t",Hitachi MAN B&W 7 S70MC-C diesel x 1 unit,"21,735kW (29,540ps) x 91rpm",Sea329.pdf
AQUAMARINE ACE,roll-on roll-off type vehicle carrier,"Mitsubishi Heavy Industries, Ltd.","Mitsui O.S.K. Lines, Ltd. (MOL)",null,"Mar. 21, 2008","approximately 6,400 passenger cars (RT Type)",abt. 20.65kt,Nippon Kaiji Kyokai,null,null,32.26m,34.52m,null,"60,143",null,Mitsubishi-UE 7UEC60LSII (P/U) diesel x 1 unit,null,Sea329.pdf
UNICORN OCEAN,Panamax bulk carrier,Sanoyas Hishino Meisho Corp.,Takanawa Line Inc.,1266,"Mar. 13, 2008","91,188m3 (grain)",about 14.5kt,NK,null,225.00m,32.24m,19.90m,14.379m,"41,662","78,888mt",MAN B&W 7S50MC-C diesel x 1 unit,"9,560kW",Sea329.pdf
GLADIATOR,Suezmax Tanker,Universal Shipbuilding Corporation,Tourel Ltd.,null,"March 26, 2008","170,046m3",16.0kt,LR,null,274m,48m,22.4m,16m,"78,845","149,944MT",Sulzer 6RTA72 x 1 unit,null,Sea329.pdf
TOSA,Tanker,"IHI Marine United, Inc.",Nippon Yusen Kaisha,null,"Mar. 31, 2008",null,16kt,NK,null,333.00m,60.00m,29.00m,20.50m,"160,000","abt. 300,000t",DU-SULZER 7RTflex84TD diesel x 1 unit,"27,160kW x 74.0rpm",Sea329.pdf
RBD CAPRI,Bulk carrier,"Shin Kasado Dockyard Co., Ltd.",A Panamanian owner,1468,"Feb. 29, 2008",null,15.25kt,NK,null,224.94m,32.26m,19.50m,14.119m,"39,737","76,619t",MAN B&W 6S60MC (MK 6) diesel x 1 unit,"10,320kW x 89.0rpm",Sea329.pdf
WINDSOR ADVENTURE,Bulk carrier,"Mitsui Engineering & Shipbuilding Co., Ltd.","Keymax Maritime Co., Ltd./ Fairmont Shipping (H.K.) Ltd.",1666,"March 26, 2008",null,14.5kt,NK,null,189.99m,32.26m,17.90m,12.55m,"31,247","55,975t",MITSUI-MAN B&W Diesel Engine 6S50MCC diesel x 1 unit,"9,480kW x 127.0rpm",Sea329.pdf
CHAMPION PLEASURE,Product carrier,"Namura Shipbuilding Co., Ltd.",Crux Maritime S.A.,279,"Jan. 15, 2008",null,14.7kt,NK,null,241.03m,42.00m,21.20m,14.90m,"56,362","105,852t",B&W 6S60MC (MK 6) diesel x 1 unit,"11,770kW",Sea329.pdf
FENGTUN FEI,Bulk carrier,"Oshima Shipbuilding Co., Ltd.",Erica Navigation S.A.,10491,"January 16, 2008",null,14.3kt,NK,null,235m,43m,18.55m,12.904m,"50,464","91,486MT",MITSUBISHI 6UEC60LSII diesel x 1 unit,"11,910kW x 105rpm",Sea329.pdf
PROMETHEUS LEADER,PCC,"Shin Kurushima Dockyard Co., Ltd.",Bacchus Shipping Pte. Ltd.,S-5502,"Mar. 26, 2008",null,19.5kt,NK,null,190.03m,28.20m,31.25/14.32m,9.326m,"41,886","14,382t",Kobe Diesel 7UEC52LSE diesel x 1 unit,"11,335kW",Sea329.pdf
BRASIL MARU,Bulk carrier,"Mitsui Engineering & Shipbuilding Co., Ltd.",Tamou Line,null,null,"Iron ore (327,180MT)",15.0kt,null,null,null,60.00m,28.13m,null,"160,774","320,000DWT class",MITSUI MAN-B 7S80MC-C,"23,640kW",Sea330.pdf
ALTO ACRUX,Moss type LNG carrier,"Mitsubishi Heavy Industries, Ltd. (MHI)",Kanto Leasing Limited,2219,"Mar. 31, 2008","147,798m3",19.5kt,LR,null,288.0m,49.0m,26.8m,11.27m,"122,361",null,Mitsubishi Marine Steam Turbine MS32-2,"22,930kW x 76rpm",Sea330.pdf
SHIGE MARU,Coastal tanker,"Niigata Shipbuilding & Repair, Inc.","Eiyu Kaiun Co., Ltd.",null,null,"6,127m3",14.9kt,null,null,null,16.00m,8.50m,6.4m,"4,289","4,999t",Wartsila 9L20,"1,650kW x 2 units",Sea330.pdf
DR. KAIYO,Marine maintenance vessels (refuse and oil skimming ship),"IHI AMTEC Co., Ltd.","The Ministry of Land, Infrastructure, Transport and Tourism (MLIT)",null,null,Refuse and oils,15.4kt,null,null,null,11.6m,4.2m,2.64m,196t,null,MTU4000M60 diesel,"1,320kW x 2 units",Sea330.pdf
CYPRIA SOYA,Passenger/car ferry,Naikai Zosen Corporation,Heart Land Ferry Company,729,"Apr. 22, 2008",21 units 8t trucks; 55 units passenger cars; 600 people,19.6kt,Japanese Government,null,95.70m,15.00m,9.95m,4.00m,"3,555",623t,Daihatsu 8DKM-28 diesel,"2,350kW x 750/215 min-1",Sea330.pdf
OCEAN COMET,Capesize bulk carrier,"Namura Shipbuilding Co., Ltd.",Fair Wind Navigation S.A.,276,"March 19, 2008",null,14.6kt,NK,Panama,288.97m,45.00m,24.40m,17.93m,"89,603T","176,943t",MAN B&W 6S70MC Mark VI,"16,860 kW x 91.0rpm",Sea330.pdf
MOL PRESENCE,Container carrier,"Koyo Dockyard Co., Ltd.",Southern Route Maritime S.A.,null,"Mar. 19, 2008","6,350TEU",26.0kt,NK,Panama,293.18m,40.00m,24.30m,14.00m,"71,776","72,912t",MITSUI MAN B&W 11K98MC (Mark VI),"62,920kW x 94.0rpm",Sea330.pdf
TURQUOISE,Anchor handling tug and supply vessel (AHTSV),Universal Shipbuilding Corporation,CH Offshore Ltd,0028,"May 30, 2008",150t bollard pull,14.7kt,ABS,null,64.0m,16.4m,7.2m,6.0m,"2,400T","approx.2,440MT",Wartsila 9L32 diesel,"4,500kW at 750rpm x 2 units",Sea330.pdf
HOKUETSU IBIS,Wooden chip carrier,"Oshima Shipbuilding Co., Ltd.",null,null,"April 23, 2008","122,153m3 (4,313,796 ft3)",14.5kt,NK,null,210.00m,36.50m,22.95m,11.50m,"49,166","60,527t",KAWASAKI MAN B&W 7S50MC-C diesel,"9,670kW at 125.0rpm",Sea330.pdf
NAVIOS ARMONIA,Bulk carrier,Kawasaki Shipbuilding Corporation,MI-DAS LINE S.A.,1607,"June 6, 2008",null,15.9,NK,null,189.90m,32.26m,17.80m,12.50m,"31,000","55,100t",Kawasaki-MAN B&W 6S50MC-C Mark VII diesel,"8,200kW x 110rpm",Sea330.pdf
TORM SALTHOLM,Bulk carrier,Sanoyas Hishino Meisho Corporation,Solar Oceania Corp.,1271,"May 28, 2008","96,152m3 (grain)",abt. 14.0kt,NK,null,229.00m,32.24m,20.20m,14.555m,"44,146","83,685t",MAN B&W 6S60MC-C diesel,"10,740kW",Sea330.pdf
CHALLENGE POINT,Product tanker,"Shin Kurushima Dockyard Co., Ltd.","Seven Ocean Lines, S.A.",5453,"Apr. 17, 2008",null,15.1kt,NK,null,179.88m,32.20m,18.70m,10.922m,"28,049","45,997t",B&W 6S50MC-C Mark VII diesel,null,Sea330.pdf
SUNNY LEO,Chemical tanker,"Niigata Shipbuilding & Repair, Inc.",Solar Shipping and Trading S.A.,0027,"Mar, 26, 2008",null,14.67kt,NK,null,109.61m,17.20m,8.90m,6.65m,"4,550","6,717.55t",Hitachi Zosen-MAN B&W 5L35MC Mark VI diesel,"3,250 kW x 210rpm",Sea330.pdf
AZUL LEGENDA,Bulk carrier,"Imabari Shipbuilding Co., Ltd.","Funada Kaiun Co., Ltd.",8053,"Mar. 18, 2008",null,15.1kt,NK,null,299.94m,50.00m,24.50m,18.083m,"104,719","206,331t",MAN B&W 6S70MC-C diesel,"18,630kW x 91rpm",Sea330.pdf
CHALLENGE PEARL,Product tanker,"Onomichi Dockyard Co., Ltd.",Ocean Line Maritime S.A.,532,"June 10, 2008",null,16.116kt,NK,null,182.50m,32.20m,18.10m,12.60m,"26,897","47,451t",MITSUI B&W 6S50MC Mark VI diesel,"8,580kW x 127rpm",Sea330.pdf
NYK ORPHEUS,"8,600TEU container ship",IHI Marine United Inc.,NYK Line,null,"June 30, 2008","8,600TEUs",25.0kt,NK,null,336.0m,45.8m,24.4m,13.0m,"abt. 99,400","96,490t",DU-Sulzer 12RT-flex 96C x 1 unit,"65,210kW x 100.3rpm",Sea331.pdf
CSCL HOUSTON,"2,553TEU container carrier",Naikai Zosen Corporation,Peony Shipholding S.A.,717,"Aug. 26, 2008","2,553TEU",about 22.2kt,NK,null,199.93m,32.20m,16.60m,9.80m,"27,200","33,100t",Hitachi MAN B&W 7S70MC-C diesel x 1 unit,"21,735kW x 91rpm",Sea331.pdf
ENERGY NAVIGATOR,LNG Carrier,Kawasaki Shipbuilding Corporation,"Tokyo LNG Tanker Co., Ltd. and Mitsui OSK Line",1600,"June 30, 2008","147,558m3",abt. 19.5kt,NK,null,289.53m,49.00m,27.00m,11.60m,"73,640","118,842t",Kawasaki UA-400 steam turbine x 1 unit,"26,900kW x 80rpm",Sea331.pdf
GRANDE PROGRESSO,"300,000DWT type ore carrier",Universal Shipbuilding Corporation,Kawasaki Kisen’s 100% owned foreign subsidiary,null,"May 30, 2008",null,14.3kt,NK,null,327.0m,55.00m,29.25m,21.40m,"151,137","297,351t",Hitachi MAN B&W 6S80MC-C diesel x 1 unit,null,Sea331.pdf
SANKO MINERAL,J-OPEN Type Bulk Carrier,"Oshima Shipbuilding Co., Ltd.",null,null,"June 20, 2008","57,886m3",15.5kt,NK,null,189.99m,32.26m,17.31m,12.227m,"30,360","50,757t",KAWASAKI MAN B&W 5S60MC-C diesel x 1 unit,"13,850ps x 95.0rpm",Sea331.pdf
STAR OF EMIRATES,"83,000MT-type Panamax bulker",Sanoyas Hishino Meisho Corp.,Sun Cordia Marine S.A.,1272,"July 1, 2008","96,110m3 (grain)",about 14.2kt,ABS,null,229.00m,32.24m,20.20m,14.551m,"44,251","83,610mt",MAN B&W 6S60MC-C diesel x 1 unit,"11,640kW",Sea331.pdf
YASA GOLDEN DARDANELLES,"110,000DWT type double hull crude oil tanker","Mitsui Engineering & Shipbuilding Co., Ltd. (MES)",YASA Tanker And Transportation S.A.,1673,"June 24, 2008","128,073m3 (100%)",15.3kt,LR,null,245.50 m,42.00 m,21.50 m,14.95m,"59,745","110,828t",MITSUI-MAN B&W 7S60MC diesel x 1 unit,"14,280kW x 105rpm",Sea331.pdf
PACIFIC FANTASY,"115,577DWT crude oil tanker","Sasebo Heavy Industries Co., Ltd. (SSK)",null,749,null,"126,606m3",null,ABS,null,243.80m,42.00m,21.50m,15.62m,"59,164","115,577t",Mitsui B&W 6S60MC-C diesel x 1 unit,"11,700kW x 95.0 min-1",Sea331.pdf
GRAND VICTORY,large car carrier,"Onishi Shipyard of Shin Kurushima Dockyard Co., Ltd.",Dynamic Inventor Marine S.A.,5440,Jun-08,"6,402 units",abt. 19.8kt,KR,null,199.99m,32.26m,35.80m,9.625m,"59,217","18,299t",B&W 7S60MC (Mark VI) diesel x 1 unit,null,Sea331.pdf
SUMMIT RIVER,LPG carrier,Kawasaki Shipbuilding Corporation,KAW1595 Shipping S.A.,1595,"July 10, 2008","80,170m3",abt. 17.0kt,NK,null,226.00m,37.20m,21.00m,11.20m,"46,046","52,991t",Kawasaki-MAN B&W 7S60MC-C diesel x 1 unit,"14,000kW x 94rpm",Sea331.pdf
TUBARAO MARU,Ore carrier,"Mitsui Engineering & Shipbuilding Co., Ltd.",G.O.D. Shipping S.A.,1668,"Aug. 5, 2008",null,15.0kt,NK,null,340.0m,60.00m,28.15m,21.13m,"160,774","327,127t",Mitsui-MAN B&W 7S80MC-C diesel x 1 unit,"23,640KW x 66rpm",Sea331.pdf
MOL COMPETENCE,Container Ship,"Mitsubishi Heavy Industries, Ltd.",MOL Euro-Orient Shipping S.A.,2233,"June 27, 2008","8,110TEUs",null,NK,null,abt. 316m,45.6m,25m,14.5m,"86,692","90,613t",Mitsubishi Sulzer 11RT-flex 96C diesel x 1 unit,"62,920 kW x 102 min-1",Sea331.pdf
CHIYOTAMOU,Ore carrier,"Namura Shipbuilding Co., Ltd.",G.O.D. Shipping S.A.,278,"June 4, 2008",null,null,NK,null,319.58m,54.00m,24.30m,18.10m,"113,932","228,627t",Mitsubishi 6UEC 85LSII diesel x 1 unit,"22,432kW x 76.0rpm",Sea331.pdf
TAWA ARROW,Bulk carrier,"Oshima Shipbuilding Co., Ltd.",Glory Ocean Shipping S.A.,10519,"June 11, 2008",null,14.5kt,NK,null,189.99m,32.26m,17.62m,12.425m,"30,983","54,274t",Kawasaki-MAN B&W 6S50MC-C diesel x 1 unit,"8,208 kW x 110.0rpm",Sea331.pdf
MARIELENA,Bulk carrier,Universal Shipbuilding Corporation,Fidinco Ltd.,097,"Aug. 22, 2008",null,14.6kt,DNV,null,224.90m,32.26m,20.00m,14.408m,"42,747","81,354t",Hitachi MAN B&W 7S50MC-C diesel x 1 unit,null,Sea331.pdf
LOTUS GAS,LPG carrier,Kawasaki Shipbuilding Corporation,LPG Horizon Panama S.A.,1620,"Sept. 30, 2008","80,185m3",about 17.0kt,NK,Panama,226.00m,37.20m,21.00m,11.20m at full load,"45,811","53,067t",Kawasaki MAN B&W 7S60MC-C diesel x 1 unit,"14,000kW x 94rpm",Sea332.pdf
CHEIKH BOUAMAMA,Mediterranean Max type LNG carrier,Universal Shipbuilding Corporation (Tsu Shipyard),Skikda LNG Transport Corporation (SLTC),088,null,"75,758m3",17.5kt,BV,null,219.95m,35.00m,22.55m,9.75m,"52,855t","38,127t",Steam turbine x 1 unit,null,Sea332.pdf
SHEARWATER,4.35 mil.cubic ft chip carrier,Sanoyas Hishino Meisho Corp. (Mizushima Works and Shipyard),Forester Shipping S.A.,1260,"Sept. 5, 2008","123,618m3 (4,365,558ft3) (grain)",about 14.6kt,NK,null,209.99m,37.00m,22.85m,12.029m (summer),"49,720","64,533t",MAN B&W 6S50MC-C diesel x 1 unit,"9,480kW",Sea332.pdf
ENERGY PYXIS,Panamax bulk carrier,"Namura Shipbuilding Co., Ltd. (Imari Shipyard & Works)","Morning Daedalus Navigation, S.A.",null,"Aug. 20, 2008",null,14.1kt,NK,null,224.99m,32.26m,19.50m,14.04m,"40,690","77,008t",MAN B&W 6S60MC (Mark 6) x 1 unit,"9,930kW x 105rpm",Sea332.pdf
MARE ORIENS,"110,000DWT type double hull crude oil tanker","Mitsui Engineering & Shipbuilding Co., Ltd. (Chiba Works)",Fratelli d'Amico Armatori S.p.A.,1677,Sep-08,"127,760m3",14.9kt,RINA/LR,null,245.50m,42.00m,21.50m,14.95m at full load,"59,611","110,295t",Mitsui-MAN B&W 7S60MC diesel x 1 unit,"14,280kW x 105rpm",Sea332.pdf
ARIAKE MARU,product tanker,"Shin Kurushima Dockyard Co., Ltd.","Solar Shipping and Trading S.A. and Asahi Tanker Co., Ltd.",5456,Aug-08,null,abt. 15.2kt,NK,null,179.88m,32.20m,18.70m,12.05m,"28,097","45,920t",B&W 6S50MC-C Mk 7 diesel x 1 unit,null,Sea332.pdf
TH SONATA,Aframax size crude oil tanker,Tsuneishi Holdings Corporation,null,null,"Oct. 2, 2008","127,517.3m3",16.03kt (max trial),ABS,null,243.80 m,42.00 m,21.30 m,14.55 m,"60,195","107,510t",MAN B&W 6S60MC-C (Mk 7) diesel x 1 unit,"13,560kW x 105rpm",Sea332.pdf
MOL COSMOS,"8,102TEU type container carrier","Koyo Dockyard Co., Ltd.",Luster Maritime S.A./Higaki Sangyo Kaisha Ltd.,null,"July 20, 2008","8,102TEU",25.5kt,LR,Panama,320.37m,46.00m,24.90m,14.50m,"88,089","90,466t",Mitsui MAN B&W 11K98MC (MK VII) diesel x 1 unit,"66,100kw x 97.0rpm",Sea332.pdf
SANKO KING,Bulk carrier,IHI Marine United Inc.,King Bulkship Limited,3235,"Jan. 23, 2008",null,14.5kt,NK,null,190.00m,32.26m,18.1m,12.7m,"31,532","56,678t",DU-WARTSILA 6RT-flex50 diesel x 1 unit,"8,890kW at 116.0 rpm",Sea332.pdf
OCEAN COBALT,Bulk carrier,"Imabari Shipbuilding Co., Ltd. (Saijo Shipyard)",Panamanian owner,8069,"July 11, 2008",null,15.35kt,NK,null,288.93m,45.00m,24.70m,18.151m,"90,092","180,200t",MAN B&W 6S70MC-C diesel x 1 unit,"18,630kW x 91.0rpm",Sea332.pdf
TOYOFUJI MARU NO. 2,Car and general cargo carrier,"Mitsubishi Heavy Industries, Ltd.","Toyofuji Shipping Co., Ltd.",1128,"Aug. 26, 2008","2,000 cars",21.0kt,NK,null,"165,00m",27.60m,24.15m,6.20m,"12,801","6,090t",Mitsubishi 7UEC52 LSE diesel x 1 unit,null,Sea332.pdf
LR2 PIONEER,Crude and petroleum product carrier,"Sasebo Heavy Industries Co., Ltd.",Heroic Aries Inc.,751,"Aug. 20, 2008",null,15.1kt,ABS,null,243.8m,42m,21.5m,15.62m (summer draft mold),"59,172","115,273t",MAN B&W 6S60MC-C diesel x 1 unit,"13,560kW x 105.0min-1",Sea332.pdf
SAGA PIONEER,General Cargo Carrier,"Oshima Shipbuilding Co., Ltd.",Saga Shipholding (Norway) AS,10486,"Aug. 4, 2008",null,14.9kt,DNV,null,199.20m,30.50m,16.40m,11.80m,"29,758","46,559t",DU SULZER 7RTA52 diesel x 1 unit,"12,930ps x 129.0rpm",Sea332.pdf
IS BRASTAR,iron ore carrier,"Imabari Shipbuilding Co., Ltd.",null,null,2014,five cargo holds and nine single panel hatches,15.15kt,null,null,339.9m,60.00m,28.80m,21.65m,"167,500","335,000t",B&W 7S80MC-C (Mk VIII) diesel x 1 unit,"29,260kW x 78rpm",Sea333.pdf
SERI BALHAF,No. 96 Membrane type LNG carrier,"Mitsubishi Heavy Industries, Ltd.",MISC Berhad,2223,"Jan. 1, 2009","157,720m3",19.5kt,BV,null,294.6m,46.5m,25.8m,11.15m,"107,633",null,Dual fuel engines,"24,750kW x 78rpm",Sea333.pdf
QUEEN CORAL PLUS,passenger/car ferry,"Kanda Shipbuilding Co., Ltd.","JRTT/Marix Line Co., Ltd.",498,"Nov. 27, 2008","470 passengers, 26 12m trucks, 44 passenger cars, and 246 containers",21.4kt,JG,null,143.30m,21.60m,7.65m,6.25m,"5,910","3,537t",JFE 12PC2-6V diesel x 2 units,"Two 9,000ps main engines",Sea333.pdf
JUPITER LEADER,car carrier,Naikai Zosen Corporation,River Spring Corporation,722,"Nov. 28, 2008","4,300 units (passenger cars)",abt. 20.0kt,NK,null,170.00m,30.20m,28.80m,7.70m,"44,412","12,889t",MAN B&W 6S60MC-C diesel x 1 unit,"11,620kW",Sea333.pdf
KAKUREI MARU,LNG carrier,Kawasaki Shipbuilding Corporation,"Tsurumi Sunmarine Co., Ltd.",1596,"Nov. 27, 2008","2,512m3",13.0kt,NK,null,86.29m,15.10m,7.00m,4.30m,"2,952t","1,801t",Hanshin Diesel LH38L diesel x 1 unit,"2,059kW x 240rpm",Sea333.pdf
MEDI SALERNO,bulk carrier,"Mitsui Engineering & Shipbuilding Co., Ltd.",Clio Marine Inc.,1688,"Nov. 28, 2008","96,000m3",15.0kt,NK,null,225.00 m,32.25 m,19.90 m,14.35 m,"43,408","81,702t",Mitsui-MAN B&W 6S60MC-C diesel x 1 unit,"12,100kW x 94rpm",Sea333.pdf
TANGO,Suezmax tanker,Universal Shipbuilding Corporation,PINE MARITIME CORPORATION,null,"May 30, 2008","170,046m3",16.3kt,LR,null,274.3m,48m,22.4m,16m,"78,809","149,993MT",Sulzer 6RTA72 x 1 unit,null,Sea333.pdf
ORIENT DREAM,log/bulk carrier,"Hakodate Dock Co., Ltd.","Silver Star Ship Line, S.A.",828,Nov. 2008,null,null,NK,null,175.53m,29.40m,13.70m,9.640m,"19,828","32,162t",Mitsubishi 6UEC45LSE diesel x 1 unit,"6,840kw(9,300PS) x 129r.p.m.",Sea333.pdf
KUMANO MARU,bulker,"Oshima Shipbuilding Co., Ltd.","Golden Helm Shipping Co., S.A.",10488,"Oct. 10, 2008","130,648m3",14.30kt,NK,null,254.62m,43.00m,19.39m,13.44m,"58,138","106,507MT",Kawasaki MAN B&W 6S60MC diesel x 1 unit,"16,680 PS at 105.0 rpm",Sea333.pdf
YAKUMOSAN,VLCC,IHI Marine United Inc.,Star Express Inc.,3223,"Nov. 28, 2008",null,15.8kt,NK,null,333.00m,60.00m,29.00m,19.2m,"160,300","300,000t",DU-Sulzer 7RT-flex84T-D diesel x 1 unit,"27,160kW",Sea333.pdf
APL FLORIDA,Container carrier,"Koyo Dockyard Co., Ltd.",Liberian owner,2237,"Oct. 1, 2008",null,abt. 26.0kt,NK,null,293.18m,40.00m,24.30m,14.00m,"71,787","72,912t",B&W 11K98MC (MARK VI) diesel x 1 unit,null,Sea333.pdf
BAO AN,Ore carrier,"Namura Shipbuilding Co., Ltd.",Erica Navigation S.A.,287,"Oct. 31, 2008",null,null,NK,null,319.58m,54.00m,24.30m,18.127m,"113,928","229,117t",6UEC85LSll diesel x 1 unit,"22,432kW x 76.0rpm",Sea333.pdf
STAR OF RBD,Bulk carrier,Sanoyas Hishino Meisho Corporation,Sun Cordia Marine S.A.,1273,"Nov. 11, 2008",null,abt. 14.2kt,ABS,null,229.00m,32.24m,20.20m,14.551m,"44,251","83,617t",MAN B6W 6S60MC-C diesel x 1 unit,"11,640kW",Sea333.pdf
GINGA LEOPARD,Chemical tanker,"Shin Kurushima Dockyard Co., Ltd.",Silver Sail (Panama) S.A.,5471,"Nov. 13, 2008",null,15.5,NK,null,159.98m,26.80m,14.20m,10.076m,"16,222","25,982t",6UEC52LA diesel x 1 unit,null,Sea333.pdf
FPMC C HONOR,VLCC,Universal Shipbuilding Corporation,Formosa Honor Marine Corp.,080,"Nov. 14, 2008",null,16.0kt,ABS/CCRS,null,329.99m,60.00m,29.70m,21.523m,"156,987","297,078t",MAN B&W 7S80MC (Mk 6) diesel x 1 unit,null,Sea333.pdf
LNG BARKA,LNG carrier,Kawasaki Shipbuilding Corporation,Lloyds TSB General Leasing (No. 3) Limited,1591,"Dec. 29, 2008","153,643m³",about 19.5kt,NK,null,289.50m,49.00m,27.00m,11.90m,"121,514","76,713t",Kawasaki UA-400 steam turbine engine x 1 unit,"27,600kW x 82rpm",Sea334.pdf
AURIGA LEADER,RO/RO type vehicle carrier,"Mitsubishi Heavy Industries, Ltd.",Nippon Yusen Kabushiki Kaisha (NYK Line),null,"Dec. 19, 2008","approximately 6,400 passenger cars (RT43 Type)",abt. 20.35kt,"NK NS*(RORO EQ C V), MNS* (MO)",null,null,32.26m,34.52m,null,"60,213",null,Mitsubishi-UE 7UEC60LSII (P/U) diesel x 1 unit,null,Sea334.pdf
KM MT.JADE,Bulk Carrier,Universal Shipbuilding Corporation,Kuang Ming (Liberia) Corp.,null,"Oct. 31, 2008","96,030m³",16.0kt,ABS,null,225m,32.26m,20m,14.38m,"42,707","81,487MT",MAN B&W 7S50MC-C diesel x 1 unit,null,Sea334.pdf
BRIGHT HARMONY,VLCC,"Imabari Shipbuilding Co., Ltd.","Southern Route Maritime, S.A.",8064,"Feb. 5, 2009","350,571m³",16.2kt,NK,null,332.99m,60.00m,29.00m,21.10m,"160,226","309,774t",Mitsui-MAN B&W 8S80MC-C (Mark VII) diesel x 1 unit,"31,040kW x 76.0rpm",Sea334.pdf
TAMBA,double-hull VLCC,IHI Marine United Inc.,Rafflesia Shipholding S.A.,null,"Jan. 30, 2009",null,15.7kt,NK,null,333.0m,60.0m,29.0m,20.5m,"159,927","302,107t",DU-Sulzer 7RT-flex 84T-D diesel x 1 unit,"27,160kW x 74.0rpm",Sea334.pdf
TSUSHIMA,double hull Malacca Doublemax VLCC,"Mitsui Engineering & Shipbuilding Co., Ltd. (MES)",Maybaru Shipping & Trading Pte Ltd,1697,"Dec. 16, 2008","354,689.0m³",null,NK,null,333.00m,60.00m,28.80m,20.90m,"160,116","310,391t",MITSUI-MAN B&W 7S80MC-C diesel x 1 set,"27,160kW x 76rpm",Sea334.pdf
M. STAR,VLCC,Kawasaki Shipbuilding Corporation,Probe Shipping S.A.,1590,null,"351,580m³",about 15.55kt,NK,null,333.00m,60.00m,29.00m,21.029m,"160,292","314,016t",Kawasaki MAN B&W 7S80MC-C diesel x 1 unit,"27,160kW x 76rpm",Sea334.pdf
PLEIADES SPIRIT,PCTC (vehicle carrier),"Toyohashi Shipbuilding Co., Ltd.",Fair Wind Navigation S.A.,3615,"Dec. 22, 2008",null,20.65kt,NK,null,199.99m,32.26m,34.26m,9.70m,"60,330","17,424t",MITSUI-MAN B&W 7S60MC-C (Mark 8) diesel x 1 unit,null,Sea334.pdf
RHOURD EL HAMRA,LPG carrier,"Namura Shipbuilding Co., Ltd.",Hyproc Shipping Company,260,"Nov. 11, 2008","22,760cbm",16.9kt,BV,null,156.07m,25.00m,16.50m,8.30m,"16,938","14,434t",B&W 6S50MC (Mark 6) diesel x 1 unit,"8,090kW x 120rpm",Sea334.pdf
KINUGASA MARU,Harbour tug,"Niigata Shipbuilding & Repair, Inc.",Wing Maritime Service Corporation,0032,"Jan. 13, 2009",null,15.0kt,JG,null,37.2m,9.8m,4.4m,3.2m,252,null,Niigata Power System 6L28HX diesel x 2 units,4000ps,Sea334.pdf
LAKE DAHLIA,Bulk carrier,Sanoyas Hishino Meisho Corp.,Triton Navigation B.V.,1274,"Jan. 21, 2009","91,188m³ (Grain)",about 14.5kt at 15% sea margin,NK,null,225.00m,32.24m,19.90m,14.379m,"41,662","78,802mt",MAN B&W 7S50MC-C diesel x 1 unit,"9,560kW",Sea334.pdf
LR2 POSEIDON,Product tanker,"Sasebo Heavy Industries Co., Ltd.",Heroic Crux Inc.,753,"Feb. 2, 2009",null,15.1kt,ABS,null,243.8m,42.0m,21.5m,15.62m,"59,172","115,273",Mitsui MAN B&W 6S60MC-C diesel x 1 unit,"13,560 kW",Sea334.pdf
UNITED JOURNEY,Bulk carrier,Tsuneishi Holdings Corporation,null,1413,"Mar. 9, 2009",null,14.5kt,NK,null,228.99m,32.260m,20.030m,14.429m,"43,152","82,580t",MITSUI MAN B&W 7S50MC-C diesel x 1 unit,null,Sea334.pdf
SERI BALQIS,Membrane type LNG Carrier,"Mitsubishi Heavy Industries, Ltd. (MHI)",MISC Berhad,2224,"Mar. 31, 2009","157,610m³",19.5kt,BV,null,294.6m,46.5m,25.8m,11.15m,"107,633",null,Electric propulsion motors (powered by Dual fuel engines),"24,750kW x 78rpm",Sea335.pdf
CAPE GARLAND,bulk carrier,"Mitsui Engineering & Shipbuilding Co., Ltd. (MES)",null,1693,"Jan. 30, 2009",null,15.3kt,NK,null,292.00m,44.98m,24.70m,17.95m,"92,278","178,394t",MITSUI-MAN B&W 6S70MC-C diesel,"18,660 kW x 91rpm",Sea335.pdf
CALYPSO COLOSSUS,bulk carrier,Kawasaki Shipbuilding Corporation,"""K"" Line Pte. Ltd.",1610,"Jan. 8, 2009",null,about 14.6kt,NK,null,189.90m,32.26m,17.80m,12.50m,"30,811","55,429t",KAWASAKI-MAN B&W 6S50MC-C Mk7 diesel,"8,200kW x 110rpm",Sea335.pdf
LOS ANDES BRIDGE,containership,Naikai Zosen Corporation,Kono Shipping Inc.,726,"Mar. 18, 2009","2,450TEU (including 250 reefer containers)","about 24.4kt (max), about 22.2kt (service)",NK,Panama,199.93m,32.20m,16.60m,9.80m,"about 27,300","about 32,600t",MAN B&W 7S70MC-C diesel,"21,735kW x 91min-¹",Sea335.pdf
TOHOKU MARU,bulk carrier,"Imabari Shipbuilding Co., Ltd.",null,1491,"Feb. 2, 2009","101,695m³",14.7kt,NK,null,229.93m,38.00m,19.90m,13.801m,"48,026","88,159t",HITACHI-MAN B&W 6S60MC diesel,"12,240kW x 105rpm",Sea335.pdf
ATLANTIC LEGEND,Panamax bulk carrier,Sanoyas Hishino Meisho Corporation,Solar Oceania Corporation of Liberia,1282,"Mar. 12, 2009","96,152m³ (grain)",about 14.0kt,ABS,null,229.00m,32.24m,20.20m,14.555m,"44,146","83,685mt",MAN B&W 6S60MC-C diesel,"10,740kW",Sea335.pdf
BAOSTEEL EDUCATION,ore carrier,"Namura Shipbuilding Co., Ltd.",Emerald Marine Ltd.,null,"Mar. 31, 2009",null,15.1kt,NK,null,319.58m,54.00m,24.30m,18.10m,"113,932","228,527t",Mitsubishi 6UEC85LSII diesel,"22,432kW x 76.0rpm",Sea335.pdf
RAINBOW STAR,Product Tanker,"Onomichi Dockyard Co., Ltd.",Neptune Navigation Corporation Limited,539,"Feb.27, 2009",null,15.3kt,NK,Hong Kong,172.00m,32.20m,18.10m,12.60m,"26,914","47,333t",Mitsui MAN B&W 6S50MC (MK-6) diesel,null,Sea335.pdf
OASIS RIVER,Crude oil tanker,"Sasebo Heavy Industries Co., Ltd.","""K"" Line Pte. Ltd.",S762,"Mar. 3, 2009",null,14.5kt,ABS,Singapore,243.8m,42.0m,21.5m,15.64m,"59,258","115,126t",Mitsui MAN B&W 6S60MC-C diesel,null,Sea335.pdf
JOSE PROGRESS,Chemical tanker,"Shin Kurushima Dockyard Co., Ltd.",ASL Shipholding S.A.,5546,"Feb. 19, 2009",null,15.3kt,NK,Panama,185.93m,32.20m,19.30m,11.95m,"30,969","47,018t",Kobe Diesel 6UEC60LS diesel,null,Sea335.pdf
CRANE HARMONY,Chemical tanker,"Niigata Shipbuilding & Repair, Inc.",Grulla Oceano Inc.,0019,"Mar. 13, 2009",null,13.00kt,ABS,null,119.22m,20.00m,11.65m,8.70m,"7,248","11,705t",Makita-Mitsui-MAN B&W diesel,"4,550kW x 210 min-ֿ¹",Sea335.pdf
K. ASTER,Bulk carrier,Universal Shipbuilding Corporation,Aster Maritime S.A.,114,"Apr. 3, 2009",null,14.6kt,KR,null,299.70m,50.00m,25.00m,18.20m,"106,367","207,942t",MAN B&W 6S70MC-C diesel,null,Sea335.pdf
FLORENCE LILY,Bulk carrier,"Oshima Shipbuilding Co., Ltd.",MI-DAS LINE S.A.,10482,"Feb. 3, 2009",null,14.5kt,NK,null,224.86m,32.26m,20.05m,14.40m,"42,647","82,356t",KAWASAKI MAN B&W 6S60MC diesel,"9,378kW x 88.0rpm",Sea335.pdf
CORELLA ARROW,open hatch general cargo carrier,"Oshima Shipbuilding Co., Ltd.",Glory Ocean Shipping S.A.,null,"May 11, 2009",null,15.5kt,DNV,null,225.00m,32.26m,20.56m,14.388m,"44,684","72,863t",MAN B&W 6S60ME-C diesel x 1unit,"12,577kW",Sea336.pdf
megumi,Trimaran passenger ferry of light metal hull,Kabushiki Kaisha Mokubei Zosensho,"Biwako Kisen Steamship Co., Ltd.",null,2008,200 people,18.75kt,null,null,34.20m,8.00m,2.20m,0.715m,122,null,Yanmar 6HYP-ET diesel x 2 units,423kW x 2 units,Sea336.pdf
FERRY AKEBONO,Passenger/car ferry,"Mitsubishi Heavy Industries, Ltd.","Japan Railway Construction, Transport and Technology Agency and A-Line Ferry Co., Ltd.",null,null,"Passengers: 682 people, Containers: 311TEUs, Vehicles: 50 trucks, 76 passenger cars",21.0kt,null,null,135.00m,24.00m,14.50m,6.25m,"8,083",null,JFE 12PC2-6V diesel x 2 units,"6,070kW x 2 units",Sea336.pdf
TRINITY ARROW,LNG tanker,"Koyo Dockyard Co., Ltd.","Cypress Maritime (Panama), S.A., Luster Maritime S.A., Los Halillos Shipping Co., S.A.",null,null,"154,982m³ (LNG)",20.15kt,null,null,76.00m,44.70m,26.00m,12.05m,"101,080",null,Steam turbine (KAWASAKI UA-400) x 1 unit,"29,420kW",Sea336.pdf
TOSCANA,PCTC,"Mitsubishi Heavy Industries, Ltd.",Wilhelmsen Lines Shipowning AS,null,"June 12, 2009","6,556 cars (RT-43)",abt. 20.0kt,"DNV, +1A1, Car Carrier (MCDK), E0, TMON",null,192.00m,32.26m,36.02m,null,"61,328",null,Mitsubishi-UE 7UEC60LSII (Derated) diesel x 1 unit,"13,240kW x 105.0min⁻¹",Sea336.pdf
HIGH CURRENT,product tanker,Naikai Zosen Corporation,Ansei Product S.A. of Panama,720,"Apr. 28, 2009","54,000m³",About 15.7,NK,null,179.90m,32.20m,19.25m,11.65m,"28,231","46,590t",Hitachi MAN B&W 6S50ME-C diesel x 1 unit,"9,480kW x 127min⁻¹",Sea336.pdf
PACIFIC VOYAGER,Double-Hull VLCC,IHI Marine United Inc.,Dynasty Shipping Corporation S.A.,null,"Apr. 17, 2009",null,15.80kt,NK,null,333.0m,60.0m,29.0m,20.5m,"159,943","302,290t",DU-Sulzer 7RT-flex 84T-D diesel x 1 unit,"27,160kW x 74.0rpm",Sea336.pdf
OCEAN CREATION,Bulk Carrier,Universal Shipbuilding Corporation,Asian Cruiser S.A.,null,"Apr. 22, 2009","218,790m³",16.3kt,NK,null,299.7m,50m,25.0m,18.2m,"106,367","207,935MT",MAN B&W 6S70MC-C diesel x 1 unit,null,Sea336.pdf
SAKURAGAWA,VLCC,Kawasaki Shipbuilding Corporation,KAW1612 Shipping S.A.,1612,"June 5, 2009","351,618m³",About 15.58kt,NK,null,332.93m,60.00m,29.00m,20.305m,"160,068","299,982t",Kawasaki-MAN B&W 7S80MC-C diesel x 1 unit,"27,160kW x 76rpm",Sea336.pdf
ROYAL ACCORD,Bulk carrier,"Imabari Shipbuilding Co., Ltd. (Saijo Shipyard)",Panamanian owner,8077,"Apr. 10, 2009",null,15.1kt,NK,null,288.93m,45.00m,24.70m,18.147m,"90,111","180,129t",MAN B&W 6S70MC-C diesel x 1 unit,"17,700kW x 87.0rpm",Sea336.pdf
CAPE BRITANNIA,Bulk carrier,"Mitsui Engineering & Shipbuilding Co., Ltd.","""K"" Line Bulk Shipping (UK) Limited",1694,"June 11, 2009",null,15.3kt,NK,null,292.00m,44.98m,24.70m,17.95m,"92,281","178,369t",MITSUI-MAN B&W 6S70MC-C diesel x 1 unit,"18,660kW x 91rpm",Sea336.pdf
ERICA,Bulk carrier,Sanoyas Hishino Meisho Corp.,Nikolson B. V.,1276,"May 28, 2009","96,152m³",about 14.0kt,ABS,null,229.00m,32.24m,20.20m,14.551m,"44,213","83,690t",MAN B&W 6S60MC-C diesel x 1 unit,"10,740kW",Sea336.pdf
VIGOR SW,Open hatch cargo ship,"Kanda Shipbuilding Co., Ltd.",Venus Ocean Navigation S.A.,495,"May 22, 2009",null,About 14.3knot,NK/CR,null,177.13m,28.40m,14.25m,10.00m,"20,236","32,227.25t",MITSUBISHI 6UEC52LA diesel x 1 unit,null,Sea336.pdf
TH SOUND,Tanker,Tsuneishi Holdings Corporation,null,1389,"May 20, 2009",null,15.4kt,ABS,null,243.80m,42.00m,21.30m,14.578m,"60,205","107,687t",Mitsui MAN B&W 6S60MC-C diesel x 1 unit,null,Sea336.pdf
MAIZURU DAIKOKU,Bulk carrier,"Namura Shipbuilding Co., Ltd.",Verdant Naviera S.A.,null,"July 3, 2009",null,15.0kt,NK,null,234.88m,38.00m,20.00m,14.20m,"50,933","93,521t",Mitsui MAN B&W 6S60MC (Mk 6) diesel x 1 unit,"12,240kW x 105.0rpm",Sea336.pdf
SPRING SAMCHEONPO,handy-cape bulk carrier,Sanoyas Hishino Meisho Corporation,Primavera Montana S.A. of Panama,1285,"July 14, 2009","135,684m³ (grain)",about 14.5 knots (at C.S.O. with 15% sea margin),NK,null,245.00m,43.00m,21.65m,15.404m,"64,618","119,597mt",MAN B&W 6S60MC-C diesel x 1 unit,"13,560kW",Sea337.pdf
HAMBURG BRIDGE,container ship,IHI Marine United Inc.,Kawasaki Kisen Kaisha (K Line),3232,"Aug. 25, 2009","9,040 TEUs",24.5kt,NK,null,336.0m,45.8m,24.4m,null,"98,800","about 87,000t",MAN B&W 12K98ME diesel x 1 unit,"67,270kW",Sea337.pdf
BW TOKYO,LPG carrier,"Mitsubishi Heavy Industries, Ltd.",Clio Marine Inc.,2239,"Apr. 28, 2009","83,270m³",17.0kt,NK,null,230.0m,36.6m,21.65m,11.628m,"47,985",null,MAN B&W 7S60MC (Mark 6) diesel x 1 unit,"13,700kW",Sea337.pdf
DARYA LAKSHMI,bulk carrier,"Mitsui Engineering & Shipbuilding Co., Ltd.",Lakshmi Navigation Limited of Hong Kong managed by Chellaram Shipping (Hong Kong) Ltd.,1754,"July 31, 2009","over 70,000m³",14.5 kt,LR,null,189.99 m,32.26m,17.90m,12.55m,"31,284","55,469t",Mitsui-MAN B&W 6S50MC-C diesel x 1 unit,"9,480kW",Sea337.pdf
AFRICAN KINGFISHER,bulk carrier,Kawasaki Shipbuilding Corporation,Handbell Shipping S.A.,1616,"Aug. 24, 2009",null,null,NK,null,189.90m,32.26m,17.80m,12.50m,"31,000","about 55,100t",Kawasaki-MAN B&W 6S50MC-C (Mark 7) diesel x 1 unit,"8,200kW",Sea337.pdf
GOLD EXPRESS,product tanker,"Onomichi Dockyard Co., Ltd.",Venus Ocean Navigation S.A. of Panama,null,"July 15, 2009","53,500m³",15.3kt,NK,Panama,172.60m,32.20m,18.10m,null,"26,900","47,410t",Mitsui MAN-B&W 6S50MC diesel x 1 unit,null,Sea337.pdf
SUNNY DREAM,chemical tanker,"Shin Kurushima Dockyard Co., Ltd. (SKD)","Asahi Tanker Co., Ltd. and Solar Shipping and Trading S.A.",5572,"Aug. 5, 2009",null,13.3kt,NK,null,124.03m,19.60m,11.50m,8.278m,"7,771","12,222t",B&W 6L35MC (Mark6) diesel x 1 unit,null,Sea337.pdf
PHOENIX VIGOR,VLCC,"Imabari Shipbuilding Co., Ltd. (Saijo Shipyard)",a Singaporean owner,8062,"July 27, 2009",null,16.2kt,NK,null,332.99m,60.00m,29.00m,21.100m,"160,160","309,887t",MAN B&W 8S80MC-C diesel x 1 unit,"31,040kW",Sea337.pdf
SPRING SWEETBRIER,Ore carrier,"Namura Shipbuilding Co., Ltd.",Primavera Montana S.A.,281,"June 11, 2009",null,15.1kt,NK,null,319.58m,54.00m,24.30m,18.127m,"113,932","228,531t",Mitsubishi 6UEC85LSII diesel x 1 unit,"22,432kW",Sea337.pdf
ZEBRA WIND,Bulk Carrier,"Oshima Shipbuilding Co., Ltd.",Eastern Cross Shipping S.A.,10517,"May 27, 2009",null,14.5kt,NK,null,182.98m,32.26m,17.15m,12.149m,"29,105","50,820t",Mitsui MAN B&W 6S50MC-C diesel x 1 unit,"7,760kW",Sea337.pdf
HIGH EFFICIENCY,Product tanker,Naikai Zosen Corporation,DM Shipping Limited,724,"July 31, 2009",null,about 15.7kt,NK,null,179.90m,32.20m,19.25m,11.65m,"28,231","46,547t",Hitachi MAN B&W 6S50MC-C diesel x 1 unit,"9,480kW",Sea337.pdf
BALTIC GALAXY,Crude oil tanker,"Sasebo Heavy Industries Co., Ltd.",Grand Falcon Maritime S.A.,758,"June 1, 2009",null,15.1kt,ABS,null,245.6m,42.0m,21.5m,15.643m,"59,408","114,824t",B&W 6S60MC-C diesel x 1 unit,null,Sea337.pdf
ONOZURU MARU,Bulk carrier,Universal Shipbuilding Corp.,Erica Navigation S.A.,087,"July 17, 2009",null,14.6kt,NK,null,299.70m,50.00m,25.00m,18.20m,"106,367","207,973t",MAN B&W 6S70MC-C diesel x 1 unit,null,Sea337.pdf
ATLANTIC PIONEER,Malaccamax type VLCC,"Namura Shipbuilding Co., Ltd.",Primo Shipping S.A.,null,"Oct. 1, 2009","302,303 DWT",15.50kt,NK,null,333.00m,60.00m,29.00m,20.60m,"159,943","302,303t",MITSUI MAN-B&W 7S80MC-C (Mark 8) diesel x 1 unit,"MCR: 27,160kW x 74.0rpm",Sea338.pdf
SAYAENDO 165LNGC,MOSS type LNG Carrier,"Mitsubishi Heavy Industries, Ltd.",null,null,null,"abt. 165,000m",abt. 19.5kt,"DNV, LR, NK (AIP obtained from)",null,abt. 290m,50.4m,23.0m,11.5m/12.5m,null,null,Mitsubishi UST x 1 set,null,Sea338.pdf
ALEXANDRA P,Capesize bulk carrier,"Sasebo Heavy Industries Co., Ltd. (SSK)",Auckland Trading Co. of Liberia,null,null,null,15.3kt,ABS,null,292.00m,45.00m,24.70m,16.50m,"93,385","181,255MT",B&W 6S70MC-C diesel x 1 unit,null,Sea338.pdf
BRASILIA HIGHWAY,PCC,"Imabari Shipbuilding Co., Ltd.","Kawasaki Kisen Kaisha, Ltd.",1503,"Aug. 20, 2009","6,237 units (RT43)",20.0kt,"NK, NS* (Vehicles Carrier) and MNS*, MO",null,199.97m,32.26m,34.48m,10.00m,"59,440","18,793t",Kobe Diesel-MITSUBISHI 8UEC60LSII diesel x 1 unit,"MCR: 13,260kW x 100rpm",Sea338.pdf
YUYO SPIRITS,LPG Carrier,"Mitsubishi Heavy Industries, Ltd. (MHI)",Gas Spirits Shipping S.A.,2240,"Aug. 31, 2009","78,903m",16.7kt,NK,null,230.0m,36.6m,20.80m,10.795m,"45,966",null,Mitsubishi 7UEC60LSII diesel x 1 unit,"12,360kW x 100rpm",Sea338.pdf
NORD PROGRESS,"56,000DWT type bulk carrier","Mitsui Engineering & Shipbuilding Co., Ltd. (MES)","NORDEN Shipping (Singapore) Pte. Ltd., Singapore",1782,"Sept. 16, 2009","70,000m",abt. 14.5kt,NK,null,189.99m,32.25m,18.10m,12.69m,"31,759","56,119t",Mitsui-MAN B&W 6S50MC-C diesel x 1 unit,"9,070kW x 125.0rpm",Sea338.pdf
COSCO ANSTEEL,"300,000 DWT Unimax ore carrier",Universal Shipbuilding Corporation,Sinobright Shipping Ltd.,null,"Oct. 14, 2009",null,14.5 kt,ABS,null,327.0m,55.00m,29.25m,21.40m,"150,971","297,719t",Hitachi MAN-B&W 6S80MC-C diesel x 1 unit,null,Sea338.pdf
HONG KONG BRIDGE,Container carrier,IHI Marine United Inc.,Kawasaki Kisen Kaisha (K Line),3233,"Sept. 24, 2009","9,040TEU",24.5kt,NK,null,336.0m,45.8m,24.4m,null,"98,800","abt. 87,000t",MAN B&W 12K98ME diesel x 1 unit,"MCR: 67,270kW x 93.4rpm",Sea338.pdf
QUEEN KOBE,Bulk carrier,Kawasaki Shipbuilding Corporation,San-E Maritime Corporation,1617,"Oct. 23, 2009",null,null,BV,null,189.90m,32.26m,17.80m,12.50m,"31,000","55,100t",Kawasaki MAN B&W 6S50MC-C (Mk 7) diesel x 1 unit,"MCR: 8,200kW x 110rpm",Sea338.pdf
UNITED SERENITY,Japanamax type bulk carrier,"Oshima Shipbuilding Co., Ltd.",Ocean Promise Pte. Ltd.,10530,"July 31, 2009",null,14.5kt,NK,null,224.99m,32.26m,20.05m,14.526m,"42,931","82,533t",KAWASAKI MAN B&W 5S60MC-C diesel x 1 unit,"9,378kW x 88.0rpm",Sea338.pdf
PANTERA ROSA,Bulk carrier,Sanoyas Hishino Meisho Corp.,Tateyama Naviera S.A.,1280,"Oct. 23, 2009","91,188m (Grain)",null,NK,null,225.00m,32.24m,19.90m,14.379m,"41,662","78,844t",MAN B&W 7S50MC-C diesel x 1 unit,"MCR: 9,560kW",Sea338.pdf
CHEMROAD JOURNEY,Chemical tanker,"Shin Kurushima Dockyard Co., Ltd.",Cobalt Blue Shipping S.A.,5536,"Oct. 20, 2009",null,15.0kt,NK,null,174.39m,27.70m,16.00m,10.00m/11.00m,"20,108","33,526t",6UEC52LS diesel x 1 unit,null,Sea338.pdf
CAPE CANARY,bulk carrier,Kawasaki Shipbuilding Corporation,"""K"" Line Bulk Shipping (UK) Limited",1634,"Nov. 10, 2009",null,about 15.3kt,NK,null,292.00m,45.00m,24.70m,"18.20m (full load, summer)","93,235","182,577t",Kawasaki-MAN B&W 6S70MC-C (Mk7) diesel x 1 unit,"17,780kW x 87rpm",Sea339.pdf
HOUWA-MARU,coastal chemical tanker,"Hongawara Ship Yard Co., Ltd.","Shokuyu Tanker Co., Ltd./Japan Railway Construction, Transport and Technology Agency",null,"Oct. 16, 2009",null,11.0kt,null,null,64.90m,10.00m,4.50m,null,498,"abt. 1,246t",Electric motors x 2,260kW x 2,Sea339.pdf
QUEEN SAPPHIRE,roll-on/roll-off type vehicle carrier,"Mitsubishi Heavy Industries, Ltd.",Clio Marine Inc.,null,"Sept. 30, 2009","approximately 6,400 passenger cars (RT Type)",abt. 20.65kt,"NK NS*(RORO EQ C V), MNS*(MO)",null,192.00m,32.26m,34.52m,null,"60,148",null,Mitsubishi-UE 7UEC60LSII (P/U) diesel x 1 unit,null,Sea339.pdf
KEN WAVE,bulk carrier,"Mitsui Engineering & Shipbuilding Co., Ltd.","NORDEN Shipping (Singapore) Pte. Ltd., Singapore",1764,"Nov. 19, 2009","over 70,000m³",abt. 14.5kt,NK,null,189.99m,32.25m,18.10m,12.69m,"31,759","56,104t",Mitsui-MAN B&W 6S50MC-C diesel x 1 unit,"9,070kW x 125.0rpm",Sea339.pdf
TSURUGA,crude oil carrier,"Imabari Shipbuilding Co., Ltd.",null,8063,"Oct. 20, 2009","350,583m³",15.55kt,NK,null,332.99m,60.00m,29.00m,21.10m,"160,068","309,960t",Mitsui-MAN B&W 8S80MC-C diesel x 1 unit,"27,960kW x 76.0rpm",Sea339.pdf
GRY BULKER,Dunkerquemax type bulk carrier,"Namura Shipbuilding Co., Ltd.",Lauritzen Bulkers A/S,null,"Nov. 5, 2009",null,15.0kt,NK,Republic of Panama,289.98m,45.00m,24.70m,18.00m,"91,508","174,788t",MAN B&W 6S70MC-C (Mk 7) diesel x 1 unit,"16,860kW x 91.0min-1",Sea339.pdf
SHIN KORYU,bulk carrier,Universal Shipbuilding Corporation,Picer Marine S.A.,null,"Oct. 23, 2009","218,790m³",16.3kt,NK,null,299.7m,50m,25.0m,18.2m,"106,367","207,991t",MAN B&W 6S70MC-C diesel x 1 unit,null,Sea339.pdf
CROSSANDRA,woodchip carrier,Sanoyas Hishino Meisho Corp.,Cygnet Bulk Carriers S.A. (Panama),1269,"Nov. 27, 2009","123,618m³ (4,365,558ft3)",about 14.6kt,NK,null,209.99m,37.00m,22.85m,12.029m,"49,720","64,486t",MAN B&W 6S50MC-C diesel x 1 unit,"9,480kw",Sea339.pdf
EMERALD,product tanker,"Onomichi Dockyard Co., Ltd.",Emerald Marine Co. Ltd. of Malta,546,"Nov. 16, 2009","53,500m³",15.3kt,BV,null,172.60m,32.20m,18.10m,12.60m,"27,015","47,302t",Mitsui MAN-B&W 6S50MC Diesel x 1 unit,null,Sea339.pdf
ORIENT HOPE,Log/bulk carrier,"The Hakodate Dock Co., Ltd.","Black Ship Line, S.A.",829,"Oct. 13, 2009",null,14.4kt,NK,null,175.53m,29.40m,13.70m,9.640m,"19,828","32,165t",Mitsubishi 6UEC45LSE diesel x 1 unit,"6,840kW (9,300 PS)x129rpm",Sea339.pdf
METEOR,Japanamax Type Bulk Carrier,"Oshima Shipbuilding Co., Ltd.",New Meteor Maritie Ltd.,10552,"Jan. 12, 2010",null,14.5kt,NK,null,224.99m,32.26m,20.05m,14.526m,"42,931","82,589MT",Kawasaki MAN B&W 5S60MC-C diesel x 1 unit,"9,378 kW x 88.0 rpm",Sea339.pdf
MOL SPARKLE,Container carrier,Naikai Zosen Corporation,Toa Marine Inc.,null,"Nov. 30, 2009","2,553TEU (incd. 540 reefers)",22.2kt,NK,null,199.93m,32.20m,16.60m,9.80m,"27,200","33,100t",MAN B&W 7S70MC-C diesel x 1 unit,"21,735kW x 91min-1",Sea339.pdf
LOWLAND BRABO,General cargo ship,"Kanda Shipbuilding Co., Ltd.",Sea Wealth Navigation S.A.,502,"Jan. 13, 2010",null,14.3kt,NK,Panama,177.13m,28.40m,14.25m,10.02m,"20,238","32,280t",Mitsubishi 6UEC52LA diesel x 1 unit,null,Sea339.pdf
GLOBAL MERMAID,Log/bulk carrier,"Shin Kurushima Dockyard Co., Ltd.",Global Moon S.A.,5588,"Jan. 12, 2010",null,14.3kt,NK,PANAMA,176.83m,28.80m,14.20m,9.826m,"21,100","33,738t",6UEC52LA diesel x 1 unit,null,Sea339.pdf
EAGLE KUCHING,Crude oil tanker,Tsuneishi Holdings Corporation,AET Inc. Limited.,1423,"Oct 21, 2009",null,15.6kt,LR,Singapore,243.80m,42.000m,21.300m,14.550m,"60,379","107,481t",Mitsui MAN-B&W 6S60MC-C (Mk 7) diesel x 1 unit,null,Sea339.pdf
AQUAMARINE PROGRESS,LPG carrier,"Mitsubishi Heavy Industries, Ltd.",Sherwood Overseas S.A.,HN:2249,"Jan. 15, 2010","83,278m³",16.7kt,NK,null,230.0m,36.6m,21.65m,11.628m,"47,985",null,Mitsubishi 7UEC60LSII diesel x 1 unit,"13,700kW x 104rpm",Sea340.pdf
HISUI,LPG carrier,Kawasaki Shipbuilding Corporation,Asuka Marine Corporation,HN: 1624,"Jan. 29, 2010","80,199m³",abt. 17.0kt,NK,null,226.00m,37.20m,21.00m,11.20m,"45,815t","53,012t",Kawasaki-MAN B&W 7S60MC-C diesel x 1 unit,"14,000kW x 94rpm",Sea340.pdf
YASA KAPTAN ERBIL,bulk carrier,"Mitsui Engineering & Shipbuilding Co., Ltd. (MES)","YASA DENIZCILIK SANAYI VE TICARET A.S., Turkey",HN: 1774,"Feb. 3, 2010","over 70,000m³",abt. 14.5kt,NK,null,189.99m,32.25m,18.10m,null,"31,756t","56,169t",Mitsui-MAN B&W 6S50MC-C diesel x 1 unit,"9,070kW x 125.0rpm",Sea340.pdf
GLOBAL STAR,Panamax bulk carrier,Sanoyas Hishino Meisho Corp.,"Southern Route Maritime, S.A.",HN: 1281,"Jan. 20, 2010","96,152m³",abt.14.0kt,NK,null,229.00m,32.24m,20.20m,14.555m,"44,146","83,601t",MAN B&W 6S60MC-C diesel x 1 unit,"10,740kW",Sea340.pdf
GDF SUEZ POINT FORTIN,LNG carrier,"Imabari Shipbuilding Co., Ltd.","Los Halillos Shipping Co., S.A.",HN:2263,null,"154,914m³",about 20.15kt,LR,null,289.93m,44.70m,26.00m,12.05m,"101,129","79,592t",Kawasaki UA400 steam turbine x 1 unit,"29,420kW x 81rpm",Sea340.pdf
FIRST IBIS,Bulk Carrier,Universal Shipbuilding Corporation,"Star Bulk Carrier Co., S.A.",null,"Jan. 29, 2010","218,790m³",16.3kt,NK,null,299.7m,50m,25.0m,18.2m,"106,367","208,038t",MAN B&W 6S70MC-C diesel x 1 unit,null,Sea340.pdf
EAGLE EXPRESS,product tanker,"Shin Kurushima Dockyard Co., Ltd.",Venus Ocean Navigation S.A.,HN: 5555,"Jan. 29, 2010",null,null,"NKNS* (Tanker, Oils-Flashpoint on and below 60°C) (ESP) MNS*, MC",null,179.88m,32.20m,18.70m,12.102m,"28,051","45,902t",Mitsubishi 6UEC60LA diesel x 1 unit,null,Sea340.pdf
SETAGAWA,VLCC,IHI Marine United Inc.,Kawasaki Kisen Kaisha (K Line),3247,"Dec. 3, 2009",null,null,NK,"Kobe, Japan",333.00m,60.00m,29.00m,null,"159,936","299,998t",DU-WARTSILA 7RTA84TB diesel x 1 unit,"27,160kW x 74.0rpm",Sea340.pdf
GREAT PERSEUS,Bulk carrier,"Namura Shipbuilding Co., Ltd.",Sunbright Shipping S.A.,308,"Jan. 15, 2010",null,15.00kt,NK,null,288.97m,45.00m,24.40m,17.93m,"89,603","176,912t",Mitsui MAN-B&W 6S70MC (Mk 6) diesel x 1 unit,null,Sea340.pdf
ARICA BRIDGE,Container carrier,Naikai Zosen Corporation,GARLAND MARITIME S.A.,null,"Jan. 29, 2010","2,450TEUs",abt. 22.2kt,NK,null,199.93m,32.20m,16.60m,9.80m,"27,213","32,997t",MAN B&W 7S70MC-C diesel x 1 unit,"21,735kW x 91min⁻¹",Sea340.pdf
PLEIADES LEADER,Pure car carrier,"Shinkurushima Toyohashi Shipbuilding Co., Ltd.",FI Strawberry Leasing Ltd.,3626,"Nov.13, 2009",null,20.0kt,"NK NS* (Vehicles Carrier, Equipped for Carriage of Dangerous Goods) MNS* MO",null,199.94m,32.26m,37.41m,10.30m,"62,994","21,462t",KOBE DIESEL-MITSUBISHI 8UEC 60LSII diesel x 1 unit,null,Sea340.pdf
ETERNAL BLISS,Bulk carrier,Tsuneishi Holdings Corporation,null,1447,"Jan. 15, 2010",null,14.5kt,NK,Singapore,228.99m,32.26m,20.05m,14.429m,"43,024","82,071mt",KAWASAKI MAN-B&W 6S60MC-C (Mk 7) diesel x 1 unit,null,Sea340.pdf
FIVE STARS FUJIAN,Bulk carrier,"Sasebo Heavy Industries Co., Ltd.",Five Stars Fujian Shipping Company Limited,S-764,"Nov. 12, 2009",null,15.30kt,ABS,Hong Kong,292.00m,45.00m,24.70m,18.175m,"93,385","181,383MT",Mitsui MAN B&W 6S70MC-C diesel x 1 unit,null,Sea340.pdf
YAMATAI,module carrier,"Mitsubishi Heavy Industries, Ltd. (MHI)","NYK-Hinode Line, Ltd.",,,"3,000 tons x 2 units",about 13.25kt,NK,,152.621m,38.0m,9.0m,,"14,538",,DAIHATSU 6DKM-36 x 2 units,,Sea341.pdf
NYK ADONIS,container vessel,IHI Marine United Inc.,ASSAM Shipholdings S.A.,3278,"Mar. 30, 2010","9,300 TEUs",,NK,,332.15m,45.20m,26.80m,,"105,644","about89,700t",DU-WARTSILA 11RT-flex96C diesel,"58,400kW x 99.5rpm",Sea341.pdf
CAPE YAMABUKI,bulk carrier,Kawasaki Shipbuilding Corporation,,1633,"Feb. 26, 2010",,about 15.3kt,NK,,292.00m,45.00m,24.70m,18.20m,"92,977","182,534t",Kawasaki-MAN B&W 6S70MC-C (Mk7) diesel,"17,780kW x 87rpm",Sea341.pdf
LEO FELICITY,bulk carrier,"Mitsui Engineering & Shipbuilding Co., Ltd. (MES)","Lepta Shipping Co., Ltd., Liberia",1711,"Feb. 25, 2010",,15.5kt,NK,,292.00m,44.98m,24.70m,,"92,246","178,564t",MITSUI-MAN B&W 6S70MC-C diesel,"18,660kW x 91rpm",Sea341.pdf
OITA MARU,ore carrier,Universal Shipbuilding Corporation,Kemp Maritime S. A.,,"Mar. 19, 2010",,14.5kt,NK,,327.0m,55.00m,29.25m,21.40m,"151,094","297,736 t",Hitachi MAN-B&W 6S80ME-C diesel,,Sea341.pdf
SAKURA,ore carrier,"Namura Shipbuilding Co., Ltd.",Caelus Shipping Pte. Ltd.,,"Feb. 24, 2010",,15.1kt,NK,Panama,319.58m,54.00m,24.30m,18.10m,"113,928","229,069t",Mitsubishi 6UEC85LSII diesel,"22,432kW x 76.0rpm",Sea341.pdf
KM TOKYO,PANAMAX bulk carrier,Sanoyas Hishino Meisho Corp.,"Southern Route Maritime, S.A.",1302,"March 19, 2010","96,121m
 (grain)",about 14.0kt,NK,,229.00m,32.24m,20.20m,14.598m,"44,349","83,483t",MAN B&W 6S60MC-C diesel,"10,740kW",Sea341.pdf
FRONTIER AMBITION,bulk carrier,"Koyo Dockyard Co., Ltd.",KY Shipping (Panama) S.A.,,"Mar. 16, 2010",,15.35kt,NK,Panama,288.93m,45.00m,24.70m,18.15m,"90,092","180,253t",MITSUI MAN B&W 6S70MC-C diesel,"18,630kW x 91.0rpm",Sea341.pdf
IKAN JEPUN,General cargo ship,"Kanda Shipbuilding Co., Ltd.","Sekihyo Line (Panama), S.A.",504,"Feb. 26, 2010",,14.3kt,NK,Panama,177.13m,28.40m,14.25m,10.02m,"20,236","32,297.61t",Mitsubishi-6UEC52LA diesel,,Sea341.pdf
VIJAYANAGAR,Kamsarmax bulk carrier,Tsuneishi Holdings Corporation,TSC1521 SHIPPING S.A.,1521,"Feb. 26, 2010",,14.5kt,NK,Cayman Island,228.99m,32.26m,20.05m,14.429m,"43,012","82,167mt",Mitsui MAN-B&W 6S60MC-C diesel,"9,710kW x 97.4rpm",Sea341.pdf
GINGA BOBCAT,Chemical tanker,"Shin Kurushima Dockyard Co., Ltd.",Carolina Navigation S.A.,5562,"Mar. 18, 2010",,15.5kt,NK,,159.98m,26.80m,14.20m,9.00m,"16,222","26,073t",Kobe Diesel 6UEC52LA diesel,,Sea341.pdf
SANKO LIBRA,Product Tanker,"Onomichi Dockyard Co., Ltd.",Libra Tankship Limited,,"Feb. 3, 2010",,15.3kt,ABS,"Monrovia, Liberia",182.50m,32.20m,18.10m,,26916,"47,378t",Mitsui MAN-B&W 6S50MC diesel,,Sea341.pdf
SUNSHINE BLISS,Bulk carrier,"Oshima Shipbuilding Co., Ltd.","""K"" Line Pte Ltd",10534,"Feb. 23, 2010",,14.5kt,NK,Singapore,225.00m,32.26m,19.39m,14.094m,40070,"76,441t",Kawasaki MAN B&W 5S60MC-C diesel,,Sea341.pdf
EAGLE MILAN,Product tanker,Naikai Zosen Corporation,Ocean Transit Carrier S.A.,,"Mar. 31, 2010","about 54,800m3",about 15.7kt,NK,,179.90m,32.20m,19.25m,11.65m,"28,231","46,549t",Hitachi MAN B&W 6S50MC-C diesel,"8,530kW x 123min-1",Sea341.pdf
SHIRASE,Icebreaker,"Maizuru Shipyard, Universal Shipbuilding Corporation",Japanese Ministry of Defense,5003,"May 20, 2009","1,100 tons cargo and 80 persons, 3 helicopters","19kt (service), 3kt (icebreaking)",null,null,138.0m,28.0m,15.9m,9.2m,"About 18,300",null,"Diesel-Electric (PWM inverter) with 4 main generator engines, 4 electric motors","22,065kW",Sea342.pdf
FPMC C INTELLIGENCE,Double-Hull VLCC,IHI Marine United Inc. at its Kure Shipyard,FPMC CINTELLIGENCE MARINE CORP.,null,"Apr. 28, 2010",null,15.70kt,ABS,null,333.0m,60.0m,29.0m,20.6m,"159,869t","Approx.302,000t",DU-WARTSILA 7RTA84TB diesel x 1 unit,"27,160kW x 74.0rpm",Sea342.pdf
KAZUSA,Double hull VLCC,"Mitsui Engineering & Shipbuilding Co., Ltd. (MES) at its Chiba Works","Sammy Shipping Corporation, Liberia",1742,"May 21, 2010","354,689m³",null,NK,Liberia,333.0m,60.00m,28.80m,null,"160,151t","310,406t",MITSUI-MAN B&W 7S80MC-C diesel x 1 unit,"27,160kW x 76rpm",Sea342.pdf
GSL AFRICA,Container carrier,Naikai Zosen Corporation at the Setoda Shipyard,Fortune Line Inc.,null,"Apr. 27, 2010","2,450 TEU containers including 250 reefer containers","about 22.2kt (service), about 24.353kt (max)",NK,Liberia,199.93m,32.20m,16.60m,9.80m,"27,213","32,906t",MAN B&W 7S70MC-C diesel x 1 unit,"MCR: 21,735kW x 91min-¹, NCR: 19,560kW x 88min-1",Sea342.pdf
CAPE TSUBAKI,Bulk carrier,Kawasaki Shipbuilding Corporation at the Sakaide Shipyard,"Kawasaki Kisen Kaisha, Ltd., ""K"" Line",1635,"June 29, 2010",null,about 15.3kt,NK,null,292.00m,45.00m,24.70m,18.20m,"92,977t","182,718t",Kawasaki-MAN B&W 6S70MC-C (Mk7) diesel x 1 unit,"17,780kW x 87rpm",Sea342.pdf
TRANS FUTURE 8,Roll on/off type vehicle carrier,"Mitsubishi Heavy Industries, LTD. at Shimonoseki Shipyard & Machinery Works",Feng Li Maritime Corporation,null,"May 21, 2010","2,021 cars (Toyota Crown)",21.0kt,"NK, NS* (RORO, EQ CV & DG), MNS* (M0)",Panama,165.00m,27.60m,24.15m,6.50m,"28,755t","6,220t",Mitsubishi-UE 7UEC52LSE diesel x 1 unit,"11,935kW x 127min-1",Sea342.pdf
DUBAI SUN,Handymax bulker,"Oshima Shipbuilding Co., Ltd.",SUN MARITIME INC.,null,"Apr. 15, 2010","76,913m³",14.5kt,NK,null,199.98m,32.26m,18.33m,12.82m,"33,988t","61,344t",Kawasaki MAN B&W 6S50MC-C diesel x 1 unit,"8,201kW x 110.0rpm",Sea342.pdf
HYUNDAI FRONTIER,Bulk Carrier,Universal Shipbuilding Corporation at the Tsu shipyard,null,null,"May 25, 2010","218,790m³",14.7kt,NK,null,299.7m,50m,25.0m,18.2m,"106,367t","207,945t",MAN B&W 6S70MC-C diesel x 1 unit,null,Sea342.pdf
FIRST EAGLE,Bulk carrier,"Imabari Shipbuilding Co., Ltd. (Saijo Shipyard)",Panamanian owner,8079,"Apr. 19, 2010",null,15.35kt,NK,null,288.93m,45.00m,24.70m,18.151m,"90,111t","180,199t",MAN B&W 6S70MC-C diesel x 1 unit,"18,630kW x 91.0rpm",Sea342.pdf
KING ORE,Bulk carrier,"Namura Shipbuilding Co., Ltd.","Southern Route Maritime, S.A.",309,"May 10, 2010",null,abt. 14.60kt,NK,null,288.97m,45.00m,24.40m,17.93m,"89,605t","176,944t",MAN-B&W 6S70MC (Mk6) diesel x 1 unit,null,Sea342.pdf
CLIPPER HOPE,Bulk carrier,"The Hakodate Dock Co., Ltd.",Bulk Shipinvest I Ltd.,832,"Mar. 8, 2010",null,14.4kt,ABS,Bahama,175.50m,29.40m,13.70m,9.640m,"19,831t","31,883t",Mitsubishi-6UEC45LSE diesel x 1 unit,null,Sea342.pdf
ALSTROEMERIA,Woodchip carrier,Sanoyas Hishino Meisho Corp.,Cygnet Bulk Carriers S.A.,1267,"June 2, 2010","123,618m³",about 14.6kt,NK,Panama,209.99m,37.00m,22.85m,12.029m,"49,720t","64,500mt",MAN B&W 6S50MC-C diesel x 1 unit,null,Sea342.pdf
SAPPORO PRINCESS,Tanker,"Sumitomo Heavy Industries Marine & Engineering Co., Ltd.",Prosperity Faith S.A.,1356,"April 14, 2010",null,About 14.8kt,LR,null,228.60m,42.00m,21.50m,null,"55,909t","105,354t",Mitsui MAN B&W 6S60MC-C diesel x 1 unit,null,Sea342.pdf
MERCURY LEADER,Car carrier,"Shin Kurushima Dockyard Co., Ltd.",Yamabiko Shipholding S.A.,5522,"June 18, 2010",null,19.2kt,NK,Panama,186.03m,28.20m,29.43m,7.40m/8.50m,"42,487t","15,045t",B&W 8S50MC (Mk 6) diesel x 1 unit,null,Sea342.pdf
MAERSK MUROTSU,product tanker,"Onomichi Dockyard Co., Ltd.",,,Jun-10,"55,000m³",15.3kt,NK,,182.50m,32.20m,18.40m,12.90m,"28,300","50,000t",MAN B&W 6S50MC (Mk 6) diesel x 1 unit,"8,580kW x 127rpm",Sea343.pdf
HOUYU,bulk carrier,Kawasaki Shipbuilding Corporation,TRI-SHIP S.A.,1627,"July 29, 2010",,,NK,,about 189.90m,32.26m,17.80m,12.50m,"31,000","about 55,100t",Kawasaki-MAN B&W 6S50MC-C7 diesel x 1 unit,"8,200kW x 110rpm",Sea343.pdf
IKAN SENYUR,bulk carrier,"Imabari Shipbuilding Co., Ltd.",E.K.LINE S.A.,K021,"Sept. 13, 2010",,14.5kt,NK,,199.98m,32.24m,18.60m,13.01m,"34,795","61,494t",Mitsui-MAN B&W 6S50MC-C (Mk 8) x 1 unit,"8,450kW x 108 rpm",Sea343.pdf
YURICOSMOS,LPG Carrier,"Mitsubishi Heavy Industries, Ltd.",Venus Ocean Navigation S.A.,2246,"July 23, 2010","78,908m³",16.4kt,NK,,230.0m,36.6m,20.80m,10.804m,"46,025",,Mitsubishi 7UEC60LSII x 1 unit,"12,360kW x 100rpm",Sea343.pdf
BRILLIANT JUPITER,bulk carrier,Sanoyas Hishino Meisho Corp.,Golden Sunlight S.A.,1286,"July 23, 2010","135,717m³",abt. 14.5kt,NK,Panama,245.00m,43.00m,21.65m,15.404m,"64,642","119,480t",MAN B&W 6S60MC-C diesel x 1 unit,"13,560kW",Sea343.pdf
MIGHTY SKY,bulk carrier,Universal Shipbuilding Corporation,,,"June 28, 2010","96,030m³",14.6kt,LRS,,225m,32.26m,20m,14.38m,"42,604","81,502t",MAN B&W 7S50MC-C diesel x 1 unit,,Sea343.pdf
FPMC C JADE,VLCC,IHI Marine United Inc.,FPMC Jade Marine Corp.,3250,"July 15, 2010",,,ABS,Panama,333.00m,60.00m,29.00m,,"159,869","Approx. 302,000t",DU-WARTSILA 7RTA84TB diesel x 1 unit,"27,160kW x 74.0rpm",Sea343.pdf
MAPLE ISLAND,Bulk carrier,"Mitsui Engineering & Shipbuilding Co., Ltd.",Soyo Shipping Inc.,1738,,,14.5kt,NK,Panama,189.99m,32.26m,17.90m,12.70m,"31,243","55,610t",Mitsui-MAN B&W 6S50MC-C diesel x 1 unit,"9,480kW x 127.0rpm",Sea343.pdf
VEGA DREAM,Bulk carrier,"Namura Shipbuilding Co., Ltd.","SMFL Orchid Co., Ltd.",331,"July 27, 2010",,abt. 14.60kt,NK,,289.98m,45.00m,24.70m,18.00m,"91,468","174,713t",MAN-B&W 6S70MC-C (Mk 7) diesel x 1 unit,,Sea343.pdf
MOL SUCCESS,Container carrier,Naikai Zosen Corp.,"Lucretia Shipping, S.A.",,"July 30, 2010",,abt. 22.2kt,NK,,199.93m,32.20m,16.60m,9.80m,"27,104","33,543t",MAN B&W 7S70MC-C diesel x 1 unit,"21,735 kW x 91min-₁",Sea343.pdf
GOLDEN ARGO,Chemical tanker,"Niigata Shipbuilding & Repair, Inc.",Anchor Trans Inc.,N-0041,"June 28, 2010",,13.00kt,ABS,PANAMA,119.22m,20.00m,11.65m,9.10m,"7,248","12,163t (at d=9.10 m)","Makita-Mitsui-MAN B&W, 7L35MC (Mk 6) x 1 unit","4,550kW at 210min-¹",Sea343.pdf
SANKO POWER,Bulk carrier,"Sasebo Heavy Industries Co., Ltd.","The Sanko Steamship Co., Ltd.",S780,"Sept. 1, 2010",,15.3kt,Nippon Kaiji Kyokai,,292.0m,45.00m,24.70m,18.175m,"93,369","181,196t",B&W 6S70MC-C diesel x 1 unit,,Sea343.pdf
TSUGARU,double-hull VLCC,IHI Marine United Inc.,Honos Shipping Pte. Ltd.,null,"Sept. 29, 2010",null,15.55kt,NK,null,333.0m,60.0m,29.0m,20.5m,"160,145t","About 301,500t",DU-WARTSILA 7RT-flex 84T-D x 1 unit,"27,160kW x 74.0rpm",Sea344.pdf
LIBRA TRADER,double hull VLCC,"Mitsui Engineering & Shipbuilding Co., Ltd. (MES)",Legend Transport Inc.,1757,"Sept. 30, 2010","354,689m3",null,NK,Marshall Islands,333.00m,60.00m,28.80m,null,"160,149t","310,339t",MITSUI-MAN B&W 7S80MC-C diesel x 1 unit,"27,160kW x 76rpm",Sea344.pdf
TAITAR NO. 4,LNG Carrier,"Kawasaki Heavy Industries, Ltd.",NiMiC NO.4 S.A.,1626,"Oct. 1, 2010","145,333m3",about 19.5kt,NK,null,289.50m,49.00m,27.00m,11.90m,"77,053t","118,634t",Kawasaki UA-400 steam turbine x 1 unit,"26,900kW x 80rpm",Sea344.pdf
FISKARDO,Panamax bulk carrier,Sanoyas Hishino Meisho Corp.,MANU VICTORY MARITIME S.A.,1284,"Sept. 16, 2010","96,121m3",about 14.0kt,NK,Panama,229.00m,32.24m,20.20m,14.598m,"44,348t","83,448t",MAN B&W 6S60MC-C diesel x 1 unit,"10,740kW",Sea344.pdf
SANKO ODYSSEY,Ice Class ICE-1A Panamax bulk carrier,"Oshima Shipbuilding Co., Ltd.",ODYSSEY BULKSHIP LIMITED,null,"Nov. 16, 2010","89,551m3",14.5kt,DNV,null,225.00m,32.26m,19.39m,14.089m,"40,142t","75,603t",Kawasaki MAN B&W 6S60MC-C diesel x 1unit,"13,548kW x 105.0rpm",Sea344.pdf
KATSURA,Bulk Carrier,Universal Shipbuilding Corporation,null,null,"Sept. 9, 2010","218,790m3",14.7kt,NK,null,299.7m,50m,25.0m,18.2m,"106,333t","207,791t",MAN B&W 6S70MC-C diesel x 1 unit,null,Sea344.pdf
DOUBLE FORTUNE,bulk carrier,"Imabari Shipbuilding Co., Ltd.",Catalina Shipping S.A.,S-1551,"Sept. 29, 2010","109,477m3",15.0kt,NK,null,234.98m,38.00m,19.90m,14.45m,"50,617t","95,790t",Mitsui-MAN B&W 6S60MC-C (Mk 7) x 1 unit,"12,950kW x 101.0rpm",Sea344.pdf
MOL MARVEL,large container carrier,"Mitsubishi Heavy Industries, Ltd. (MHI)","MOL Euro-Orient Shipping S.A. (Mitsui O.S.K. Lines, Ltd. (MOL))",1286,"Sept. 3, 2010","6,724TEUs",about 24.5kt,NK,null,312m,43.4m,24.8m,14.2m,"78,316t","79,460t",Mitsubishi-Wartsila 10RT-Flex96C diesel x 1 unit,"57,200 kW",Sea344.pdf
OCEAN HOPE,Bulk carrier,"The Hakodate Dock Co., Ltd.",Global Grace S.A.,836,"Oct. 22, 2010",null,14.4kt,NK,null,175.53m,29.40m,13.70m,9.640m,"19,801t","31,889t",Mitsubishi 6UEC45LSE diesel x 1 unit,null,Sea344.pdf
AZUMASAN,Crude oil carrier (VLCC),"Namura Shipbuilding Co., Ltd.",Aries Carriers Pte Ltd.,292,"September 1, 2010",null,about 15.50kt,NK,null,333.00m,60.00m,20.60m,null,"159,943t","302,241t",MAN-B&W 7S80MC-C (Mk8) diesel x 1 unit,null,Sea344.pdf
URAGA PRINCESS,Tanker,"Sumitomo Heavy Industries Marine & Engineering Co., Ltd.",Prosperity Success S.A.,1360,"July 2, 2010",null,About 14.8kt,LR,null,228.60m,42.00m,21.50m,null,"55,909t","105,344t",Mitsui MAN B&W 6S60MC-C diesel x 1 unit,null,Sea344.pdf
FUJI GALAXY,Chemical tanker,"Shin Kurushima Dockyard Co., Ltd.",Alicia Navigation S.A,5711,"Aug. 10, 2010",null,15.5kt,NK,Marshall Islands,159.03m,27.1m,14.2m,10.013m,"16,399t","26,198t",Kobe Diesel 6UEC45LSE diesel x 1 unit,null,Sea344.pdf
MARIPOSA,Product tanker,"Onomichi Dockyard Co., Ltd.",Babochka Maritime Inc.,555,"Oct. 15, 2010",null,15.4kt,ABS,Bahamas,182.50m,32.20m,18.40m,12.90m,"28,400t","50,000t",MITSUI MAN-B&W 6S50MC diesel x 1 unit,null,Sea344.pdf
BAO FU,ore carrier,"Namura Shipbuilding Co., Ltd.",Wealth Line Inc.,null,"Oct. 26, 2010",null,15.0kt,NK,Republic of Panama,329.95m,57.00m,25.10m,18.00m,"132,537","250,877t",MAN B&W 7S80MC-C (Mark 7) diesel,"21,910 kW",Sea345.pdf
MAR CAMINO,special combination carrier,"Imabari Shipbuilding Co., Ltd.",Osorno Shipholdings S.A.,S-694,"Sep. 13, 2010","16,929m³ (sulphuric acid tanks) 36,790m³ (Copper ore holds)",15.0kt,NK,null,189.95m,32.26m,17.90m,12.65m,"30,454","53,862t",HITACHI-MAN B&W 6S50MC-C (Mk 7) diesel,"9,480kW",Sea345.pdf
KT ALBATROSS,bulk carrier,"Kawasaki Heavy Industries, Ltd.",Zenith Maritime S.A.,1675,"Dec. 1, 2010","73,614m³",about 14.45kt,NK,null,197.00m,32.26m,18.10m,12.65m,"33,096","58,743t",Kawasaki-MAN B&W 6S50MC-C7 diesel,"8,630kW",Sea345.pdf
IKAN BAGAT,Panamax bulk carrier,Sanoyas Hishino Meisho Corp.,Kashima Naviera S.A. of Panama,1294,"Nov. 25, 2010","96,121m³",about 14.0kt,NK,null,229.00m,32.24m,20.20m,14.598m,"44,349","83,476t",MAN B&W 6S60MC-C diesel,"10,740kW",Sea345.pdf
MAERSK HAKONE,crude oil tanker,Universal Shipbuilding Corporation,null,null,"Nov. 16, 2010","350,263m³",15.8kt,NK,null,333.0m,60m,29.4m,21.0m,"159,806","302,624t",MAN B&W 6S90MC-C diesel,null,Sea345.pdf
CAPE MATHILDE,Bulk carrier,"Mitsui Engineering & Shipbuilding Co., Ltd.",null,1716,"Nov. 29, 2010",null,15.5kt,NK,null,292.00m,44.98m,24.70m,null,"92,250","178,381t",Mitsui-MAN B&W 6S70MC-C diesel,"18,660kW",Sea345.pdf
FEDERAL YUKINA,Bulk carrier,"Oshima Shipbuilding Co., Ltd.","Salter Shipping, S.A.",10581,"Oct. 28, 2010",null,14.0kt,DNV,Hong Kong,199.98m,23.762m,14.85m,10.849m,20465,"35,868Mt",Kawasaki MAN B&W 6S46MC-C diesel,null,Sea345.pdf
SAMOS,Tanker,"Sumitomo Heavy Industries Marine & Engineering Co., Ltd.",Hibiya Maritime S.A.,1362,"Sept. 2, 2010",null,About 14.8kt,LR,null,228.60m,42.00m,21.50m,null,"56,000","105,000t",Mitsui MAN B&W 6S60MC-C diesel,null,Sea345.pdf
SINFONIA,General cargo ship,"Kanda Shipbuilding Co., Ltd.",Adoramar Shipping Inc.,513,"Oct. 19, 2010",null,14.15kt,NK,Panama,177.00m,28.60m,14.35m,10.034m,"21,483","33,174t",Mitsubishi-Kobe Diesel 6UEC45LSE diesel,null,Sea345.pdf
VENUS SPIRIT,Car carrier,Naikai Zosen Corporation,"Secure Shipping Co., Ltd.",null,"Jan. 28, 2011","5,000 units",abt. 19.0kt,NK,null,183.00m,30.20m,28.80m,8.45m,null,"46,000t",MAN B&W 6S60MC-C diesel,"12,210 kW",Sea345.pdf
ARGENT IRIS,Chemical tanker,"Shin Kurushima Dockyard Co., Ltd.",Argent Navigation S.A.,S-5542,"Jan. 21, 2011",null,about 15.5kt,NK,Marshall Islands,174.43m,27.70m,16.00m,10.02/11.408m,"20,334","34,862t",6UEC50LSII diesel,null,Sea345.pdf
NORD HERCULES,Bulk carrier,"Mitsui Engineering & Shipbuilding Co., Ltd. (MES)",Clio Marine Inc.,1817,"Jan. 21, 2011",null,14.5kt,NK,Panama,240.00m,43.00m,20.70m,null,"60,997t","110,944t",MITSUI-MAN B&W Diesel Engine 6S60MC-C diesel x 1 unit,"13,560kW",Sea346.pdf
JEWEL OF DUBAI,Bulk carrier,IHI Marine United Inc.,Sun Cordia Marine S.A.,3301,"Jan. 31, 2011",null,null,NK,null,190.00m,32.26m,18.10m,null,"31,600t","55,800t",DU-WARTSILA 6RT-flex50 x 1 unit,"8,890kW",Sea346.pdf
IS BARI-STAR,Bulk carrier,"Imabari Shipbuilding Co., Ltd.",I.M.S. MARITIME S.A.,S-761,"Oct. 8, 2010","47,125 m³",14.7kt,NK,null,179.97m,29.80m,15.00m,10.536m,"23,264t","38,271t",Makita-Mitsui-MAN B&W 6S46MC-C (Mk 7) diesel x 1 unit,"7,860kW",Sea346.pdf
FRONTIER CORONET,Bulk carrier,"Kawasaki Heavy Industries, Ltd.",Lucky Harvest Shipping S.A.,1669,"Jan. 11, 2011",null,15.5kt,NK,null,292.00m,45.00m,24.70m,18.20m,"93,286t","182,674t",Kawasaki-MAN B&W 6S70MC-C7 diesel x 1 unit,"17,780kW",Sea346.pdf
ISHIKARI,ROPAX Ferry,Mitsubishi Heavy Industries' Shimonoseki Shipyard and Machinery Works,"Taiheiyo Ferry Co., Ltd.",null,"Mar. 8, 2011","184 units (12m truck), 5 units (8.5m truck), 47 units (Passenger car)",23.0kt,JG,null,199.90m,27.00m,20.20m,6.85m,"35,028t","6,792t",JFE 16PC2-6B diesel x 2 units,"12,000kW",Sea346.pdf
NORD VELA,Bulk carrier,Sanoyas Hishino Meisho Corp.,Sun Lanes Shipping S.A.,1290,"Jan. 24, 2011","135,717m³ (grain)",14.6kt,NK,Panama,245.00m,43.00m,21.65m,15.404m,"64,647t","119,503t",MAN B&W 6S60MC-C diesel x 1 unit,"13,560kW",Sea346.pdf
He Li,Ore carrier,Universal Shipbuilding Corporation,null,null,"Dec. 22, 2010",null,14.5 knots,NK,null,327.0m,55.00m,29.25m,21.40m,"151,161t","297,381t",Hitachi MAN-B&W 6S80MC-C diesel x 1 unit,null,Sea346.pdf
FRONTIER KOTOBUKI,Bulk carrier,"Namura Shipbuilding Co., Ltd.","Kotobuki Shipping Corpora-tion, S.A.",317,"Jan. 27, 2011",null,14.60kt,NK,null,289.98m,45.00m,24.70m,18.00m,"91,508t","174,810t",Mitsui MAN-B&W 6S70MC-C (Mk 7) diesel x 1 unit,null,Sea346.pdf
ANDROMEDA,Bulk carrier,"Oshima Shipbuilding Co., Ltd.",Argus Shipping Ltd.,10537,"Jan. 7, 2011",null,14.5kt,DNV,Majuro,199.98m,32.26m,18.33m,12.845m,"33,997t","61,501t",KAWASAKI MAN B&W 6S50MC-C (Mk 7) diesel x 1 unit,null,Sea346.pdf
KALAMAS,Tanker,"Sumitomo Heavy Industries Marine & Engineering Co., Ltd.",Priscilla Enterprises Inc.,1358,"January 18, 2011",null,14.8kt,LR,null,228.60m,42.00m,21.50m,null,"56,000t","105,000t",Mitsui MAN B&W 6S60MC-C diesel x 1 unit,null,Sea346.pdf
ROYAL HARMONY,Bulk carrier,"Onomichi Dockyard Co., Ltd.",Venus Ocean Navigation S.A.,655,"Jan. 25, 2011",null,15.0kt,NK,Panama,177.80m,28.60m,15.00m,10.85m,"22,850t","37,000t",Mitsubishi 6UEC45LSE diesel x 1 unit,null,Sea346.pdf
WANGARATTA,Bulk carrier,"Tsuneishi Shipbuilding Co., Ltd.",Oshima Shipping S.A.,1442,"Feb. 8, 2011",null,14.5kt,NK,Panama,228.99m,32.26m,20.05m,14.429m,"43,012t","82,206t",Mitsui MAN B&W 6S60MC-C (Mk 7) diesel x 1 unit,null,Sea346.pdf
SUMIHOU,Bulk carrier,"Sasebo Heavy Industries Co., Ltd.",null,S801,"Feb. 10, 2011",null,14.5kt,NK,Panama,225m,32.20m,19.80m,14.136m,"40,341t","74,940t",Mitsui MAN B&W 7S50MC-C diesel x 1 unit,null,Sea346.pdf
FPMC C KNIGHT,Double-hull VLCC,IHI Marine United Inc.,FPMC Knight Marine Corp.,null,"Feb. 25, 2011",null,15.70kt,ABS,null,333.0m,60.0m,29.0m,20.6m,"Approx. 159,869t","Approx. 302,000t",DU-WARTSILA 7RTA84TB diesel x 1 unit,"27,160kW x 74.0rpm",Sea347.pdf
FRONTIER FALCON,Bulk carrier,"Mitsui Engineering & Shipbuilding Co., Ltd. (MES)","Clio Marine Inc., Liberia",1767,"Mar. 29, 2011",null,15.5kt,NK,Panama,292.00m,44.98m,24.70m,null,"92,250t","176,820t",MITSUI-MAN B&W 6S70MC-C diesel x 1 unit,"18,660kW x 91rpm",Sea347.pdf
ATACAMA QUEEN,Open hatch bulk carrier,"Imabari Shipyard of Imabari Shipbuilding Co., Ltd.",Kaleidoscope Shipping S.A.,null,"Feb. 10, 2011","59,675m³",14.5 kt,NK,null,182.98m,32.26m,17.45m,12.331m,"30,655t","51,213t",Mitsui-MAN B&W 6S50MC-C (Mk 7) diesel x 1 unit,"7,700kW x 104rpm",Sea347.pdf
STENIA COLOSSUS,Bulk carrier,"Kawasaki Heavy Industries, Ltd.","""K"" Line Pte. Ltd.",1677,"Mar. 16, 2011","73,614m³",about 14.5kt,NK,Singapore,197.00m,32.26m,18.10m,12.65m,"33,096t","58,731t",Kawasaki-MAN B&W 6S50MC-C7 diesel x 1 unit,"8,630kW x 116rpm",Sea347.pdf
TØNSBERG,Ro/Ro vessel,"Mitsubishi Heavy Industries, Ltd. (MHI)",Wilhelmsen Lines Shipowning Malta Ltd (Wilh. Wilhelmsen Holding ASA (W/W)),2262,"Mar. 18, 2011",null,abt. 20.25kt,DNV,null,265m,32.26m,33.22m,12.3m,"74,622","43,880t",MAN B&W 7L70ME-C8 diesel x 1 unit,"20,100kW",Sea347.pdf
KM YOKOHAMA,Panamax bulk carrier,Sanoyas Hishino Meisho Corp.,MI-DAS LINE S.A.,null,"Mar. 16, 2011","96,121m³",abt. 14.0kt (at c.s.o. with 15% sea margin),NK,Panama,229.00m,32.24m,20.20m,14.598m,"44,366t","83,480t",MAN B&W 6S60MC-C diesel x 1 unit,"10,740kW",Sea347.pdf
KEY FRONTIER,Panamax bulk carrier,Universal Shipbuilding Corporation,null,null,"Feb. 23, 2011","95,980m³",14.6kt,NK,null,225m,32.26m,20m,14.38m,"42,709","80,679t",MAN B&W 7S50MC-C diesel x 1 unit,null,Sea347.pdf
MARATHA PARAMOUNT,Bulk carrier,"The Hakodate Dock Co., Ltd.",Sea King LLC,852,"Apr. 27, 2011",null,14.4kt,NK,Majuro,75.53m,29.40m,13.70m,9.640m,"19,785","32,081t",Mitsubishi 6UEC45LSE diesel x 1 unit,null,Sea347.pdf
NSU INSPIRE,Ore carrier,"Namura Shipbuilding Co., Ltd.",Hosei Shipping S.A.,322,"Mar. 30, 2011",null,About 15.00kt,NK,null,329.95m,57.00m,25.10m,18.00m,"132,868","250,813t",MAN-B&W 7S80MC-C7 diesel x 1 unit,null,Sea347.pdf
NORD PEAK,Bulk carrier,"Oshima Shipbuilding Co., Ltd.",Norden Shipping Pte. Ltd.,10548,"Mar. 10, 2011",null,14.5kt,DNV,Singapore,199.98m,32.26m,18.33m,12.845m,33990,"61,649t",KAWASAKI MAN B&W 6S50MC-C diesel x 1 unit,null,Sea347.pdf
PAMISOS,Tanker,"Sumitomo Heavy Industries Marine & Engineering Co., Ltd.",Lorelle Shipping Inc.,1359,"Jan. 21, 2011",null,About 14.8kt,LR,null,228.60m,42.00m,21.50m,null,"56,000","105,000t",Mitsui MAN B&W 6S60MC-C diesel x 1 unit,null,Sea347.pdf
JIPRO NEFTIS,Chemical/oil tanker,"Shin Kurushima Dockyard Co., Ltd.",Jipro Shipping S.A.,S-5543,"May 10, 2011",null,15.5kt,NK,Panama,174.43m,27.70m,16.00m,10.02m,"20,333","34,858t",6UEC50LS II diesel x 1 unit,null,Sea347.pdf
JIN CHAO,Bulk carrier,"Sasebo Heavy Industries Co., Ltd.",Xing Long Maritime S.A.,S783,"Apr. 21, 2011",null,14.5 kt,NK,Hong Kong,225m,32.20m,19.80m,14.136m (ext.),"40,339","75,008t",Mitsui MAN B&W 7S50MC-C diesel x 1 unit,null,Sea347.pdf
SHIN KOHO,"180,000 DWT bulk carrier",Universal Shipbuilding Corporation,null,null,"May 31, 2011","193,396m³",15.35kt,NK,null,292.0m,45m,24.5m,18.15m,"93,031","182,128MT",MAN B&W 7S65ME-C x 1 unit,null,Sea348.pdf
CITY OF ST. PETERSBURG,car carrier,Kyokuyo Shipyard Corporation,null,null,null,null,null,null,null,null,null,null,null,null,null,null,null,Sea348.pdf
YAMATAI,plant module carrier,"Mitsubishi Heavy Industries, Ltd.","NYK-Hinode Line, Ltd.",null,null,null,null,null,null,null,null,null,null,null,null,null,null,Sea348.pdf
YAMATO,plant module carrier,"Mitsubishi Heavy Industries, Ltd.","NYK-Hinode Line, Ltd.",null,null,null,null,null,null,null,null,null,null,null,null,null,null,Sea348.pdf
RAICHO I,battery-powered vessel,null,Tokyo University of Marine Science and Technology,null,null,null,null,null,null,null,null,null,null,null,null,null,null,Sea348.pdf
FUJI MARU NO. 2,fishing vessel and work vessel,"Miho Shipyard Co., Ltd.",null,null,null,null,null,null,null,null,null,null,null,null,null,null,null,Sea348.pdf
DERBY,LPG carrier,"Kawasaki Heavy Industries, Ltd.",Xing Long Maritime S.A.,1666,"Mar. 31, 2011","80,156m³",about 16.95kt,NK,Liberia,226.00m,37.20m,21.00m,11.20m,"45,812","53,028t",Kawasaki-MAN B&W 7S60MC-C7 diesel x 1 unit,"14,000kW x 94rpm",Sea348.pdf
NIPPON MARU,"56,000DWT type bulk carrier","Mitsui Engineering & Shipbuilding Co., Ltd. (MES)","Princess Line S.A., Panama",1740,"May 12, 2011","More than 70,000m³",14.5kts,NK,Panama,189.99m,32.26m,17.90m,null,"31,244","55,581MT",MITSUI-MAN B&W 6S50MC-C diesel x 1 unit,"9,480kW x 127.0rpm",Sea348.pdf
ANTARES LEADER,RO/RO type vehicle carrier,"Mitsubishi Heavy Industries, Ltd. (MHI)",Nippon Yusen Kabushiki Kaisha (NYK Line),null,"June 7, 2011","approximately 6,400 passenger cars (RT43 type)",about 20.35kt,"Nippon Kaiji Kyokai NS*(RORO EQ CV & DG), MNS*(M0), IWS",null,192.00m,32.26m,34.52m,null,"60,284",null,Mitsubishi-UE 7UEC60LSII-Eco diesel x 1 unit,null,Sea348.pdf
MANYO,passenger/car ferry,Naikai Zosen Corporation,"Kyushu Shosen Co., Ltd.",null,null,"18 eight-ton trucks, 482 people within six hours",20.2kt (at trial),JG,Nagasaki,86.50m,14.50m,10.40m,4.30m,"1,551",738t,Daihatsu 6DCM-32 diesel x 2 units (twin propellers),"2,942kW x 750/186 min⁻¹",Sea348.pdf
ECO-Ship 2020,LNG-fueled Open Hatch Bulk Carrier (OHBC),"Oshima Shipbuilding Co., Ltd.",null,null,assuming 2020 delivery,"71,200m³ (Cargo hold volume), 2,700m³ (LNG tank net volume)",14.5kn,null,null,200m,36.0m,19.0m,12.0m,null,"62,000t",null,null,Sea348.pdf
CACTUS K,Bulk carrier,"The Hakodate Dock Co., Ltd.",Queen Flower S.A.,841,"June 17, 2011",null,14.4kt,NK,Panama,175.53m,29.40m,13.70m,9.640m,"19,817","31,893t",Mitsubishi 6UEC45LSE diesel x 1 unit,null,Sea348.pdf
TTM HARMONY,Bulk carrier,IHI Marine United Inc.,New Harmony Maritime S.A.,3291,"May 31, 2011",null,null,NK,Panama,190.00m,32.26m,18.10m,null,"31,540","55,873t",DU-WARTSILA 6RT-flex50 diesel x 1 unit,"8,890kW x 116.0rpm",Sea348.pdf
LOWLANDS SERENITY,Bulk carrier,"Koyo Dockyard Co., Ltd.",Panamanian owner,2342,"Apr. 8, 2011",null,15.15kt,NK,null,291.98m,45.00m,24.70m,18.214m,"92,752","181,458t",MAN B&W 6S70MC-C diesel x 1 unit,"18,660kW x 91.0rpm",Sea348.pdf
OHSHU MARU,Bulk carrier,"Namura Shipbuilding Co., Ltd.",Erica Navigation S.A.,337,"June 8, 2011",null,abt. 15.00kt,NK,null,234.88m,38.00m,20.00m,12.80m,"50,927","92,075t",Mitsui MAN B&W 6S60MC-C diesel x 1 unit,null,Sea348.pdf
KEY INTEGRITY,Bulk carrier,Sanoyas Hishino Meisho Corp.,James Cook Seatrade B.V.,1289,"June 2, 2011","96,121m³ (grain)",about 14.0kt,ABS,null,229.00m,32.24m,20.20m,14.598m,"44,428","83,375t",MAN B&W 6S60MC-C diesel x 1 unit,"10,740kW",Sea348.pdf
RICH DUKE II,Tanker,"Sumitomo Heavy Industries Marine & Engineering Co., Ltd.","Spring Navigation Ltd., S.A.",1367,"Apr. 26, 2011",null,About 14.8kt,LR,null,228.60m,42.00m,21.50m,null,"56,000","105,000t",Mitsui MAN B&W 6S60MC-C diesel x 1 unit,null,Sea348.pdf
JUPITER SPIRIT,pure car and truck carrier,Naikai Zosen Corporation,"Nissan Motor Car Carrier Co., Ltd.",null,"June 30, 2011","5,000 passenger cars",Abt. 19.0kt,NK,null,183.00m,30.20m,28.80m,8.45m,"45,961 GT",null,Hitachi-MAN B&W 6S60MC-C diesel x 1 unit,"12,210kW x 105min⁻¹",Sea349.pdf
DOUBLE PRESTIGE,bulk carrier,"Imabari Shipbuilding Co., Ltd.",null,S-1555,"Jul. 26, 2011","109,477m³",About 15.0kt,NK,null,234.98 m,38.00 m,19.90 m,14.45 m,"50,617 t","95,709t",Mitsui-MAN B&W 6S60MC-C (Mark 7) diesel x 1 unit,"12,950kW x 101.0rpm",Sea349.pdf
FRONTIER NEIGE,bulk carrier,"Kawasaki Heavy Industries, Ltd.",Southern Pacific Holding Corporation,1637,null,"203,226m³",About 15.3kt,NK,Panama,292.00m,45.00m,24.70m,18.20m,"93,288","182,737t",Kawasaki MAN B&W 6S70MC-C7 diesel x 1 unit,"17,780kW x 87rpm",Sea349.pdf
NORD CETUS,handy cape bulk carrier,Sanoyas Hishino Meisho Corp.,"Southern Route Maritime, S.A.",null,"July 19, 2011","135,717m³",about 14.6kt,NK,null,245.00m,43.00m,21.65m,15.404m,"64,647","119,473t",MAN B&W 6S60MC-C diesel x 1 unit,"13,560 kW",Sea349.pdf
NORD VENUS,Panamax bulk carrier,Universal Shipbuilding Corporation,null,null,"June 29, 2011","95,980m³",14.6kt,NK,null,225.00m,32.26m,20.00m,14.38m,"42,711","80,655t",MAN B&W 7S50MC-C diesel x 1 unit,null,Sea349.pdf
Neo Supramax 66BC (Type),bulk carrier,"Mitsui Engineering & Shipbuilding Co., Ltd. (MES)",European major operator,null,null,null,14.5kt (NSR),null,null,About 200m,36.00m,18.45m,null,null,"About 66,000mt",null,null,Sea349.pdf
HIMALAYA,product and chemical carrier,"Onomichi Dockyard Co., Ltd.",Noble Sea Shipping Company Limited,562,"July 28, 2011",null,15.7kt,ABS,Cyprus (Limassol),182.5m,32.20m,19.05m,13.10m,"29,500","50,000t",Mitsui MAN B&W 6S50MC-C (Mark 7) x 1 unit,"9,480 kW x 127min⁻¹ (rpm)",Sea349.pdf
GLOBAL PEACE,Bulk carrier,"The Hakodate Dock Co., Ltd.",Global Breeze S. A.,842,"Aug. 4, 2011",null,14.4kt,NK,Singapore,175.50m,29.40m,13.70m,9.62m,"19,801","31,742t",Mitsubishi 6UEC45LSE diesel x 1 unit,null,Sea349.pdf
DST QUEEN,Bulk carrier,IHI Marine United Inc.,Bright Islands Corporation,3319,"Sept. 7, 2011",null,null,NK,Panama,190.00m,32.26m,18.10m,null,"31,540","55,848t",DU-WARTSILA 6RT-flex50 x 1 unit,"8,890kW x 116.0rpm",Sea349.pdf
SAIYO,Bulk carrier,"Namura Shipbuilding Co., Ltd.","Estrella Navigation, S.A.",336,"July 1, 2011",null,About 15.00kt,NK,null,234.88m,38.00m,20.00m,12.80m,"50,927","92,014t",Mitsui MAN B&W 6S60MC-C diesel x 1 unit,null,Sea349.pdf
THOR FORTUNE,Bulk carrier,"Oshima Shipbuilding Co., Ltd.",Thor Fortune Shipping Pte. Ltd.,10608,"June 15, 2011",null,14.50kt,NK,Singapore,189.99m,32.26m,17.62m,12.444m,"31,487","54,123t",Kawasaki MAN B&W 6S50MC-C (Mk7) diesel x 1 unit,null,Sea349.pdf
PARAMACONI,Tanker,"Sumitomo Heavy Industries Marine & Engineering Co., Ltd.",Panavenflot Corp.,1370,"June 21, 2011",null,About 14.8kt,LR,null,228.60m,42.00m,21.50m,null,"56,000","105,000t",Mitsui MAN B&W 6S60MC-C diesel x 1 unit,null,Sea349.pdf
ATLANTIC CLOVER,Bulk carrier,"Shin Kurushima Dockyard Co., Ltd.",Sun Advance Shipping S.A.,S-5688,"Mar. 10, 2011",null,14.3kt,NK,Panama,179.99m,28.20m,14.30m,10.10m,"21,192","33,671t",6UEC45LSE diesel x 1 unit,null,Sea349.pdf
ENERGY HORIZON,LNG carrier,"Kawasaki Heavy Industries, Ltd.","Tokyo LNG Tanker Co., Ltd. and Nippon Yusen Kabushiki Kaisha (NYK Line)",1664,"September 2, 2011","177,440m³ (at -163°C, 100%)",about 19.5kt,NK,null,300.00m,52.00m,28.00m,11.65m,"141,136","87,257t",Kawasaki URA-450 reheat cycle turbine plant,"29,890kW x 76rpm",Sea350.pdf
NAVIOS MARCO POLO,Panamax bulk carrier,Universal Shipbuilding Corporation,null,null,"Sept. 29, 2011","95,980m³",14.6kt,NK,null,225m,32.26m,20m,14.38m,"42,711","80,647t",MAN B&W 7S50MC-C diesel,null,Sea350.pdf
CAPE CELTIC,Dunkerque-max bulker,"Mitsui Engineering & Shipbuilding Co., Ltd. (MES)",null,1732,"September 29, 2011",null,15.3kt,NK,Panama,292.00m,44.98m,24.70m,null,"92,249","178,342t",Mitsui-MAN B&W 6S70MC-C diesel,"18,660kW x 91rpm",Sea350.pdf
HAKUSAN,VLCC,"Mitsubishi Heavy Industries, Ltd. (MHI)",Taurus Transport & Marine S.A. (MOL),2266,"August 1, 2011",null,abt. 15.5kt,NK,null,333.00m,60.00m,29.10m,20.80m (mld.),"160,059","305,350t",Mitsubishi-UE 7UEC85LSII diesel,"27,020kW",Sea350.pdf
YASA H.MULLA,Panamax bulk carrier,Sanoyas Hishino Meisho Corp.,Ya-Sa Shipping Industry and Trading S.A.,null,"October 5, 2011","96,121m³ (grain)",about 14.0kt,NK,Turkey,229.00m,32.24m,20.20m,14.598m,"44,367","83,482t",MAN B&W 6S60MC-C diesel,"10,740kW",Sea350.pdf
PUFFIN ARROW,J-OPEN type general cargo carrier,"Oshima Shipbuilding Co., Ltd.",Intersky Shipping Corp.,null,"July 22, 2011","70,312m³",14.55kt,NK,null,199.98m,32.26m,19.22m,13.507m,"36,925","62,967t",Kawasaki MAN B&W 6S50MC-C (Mk8) diesel,"8,605kW x 110.0rpm",Sea350.pdf
SANKO PARTNER,bulk carrier,"Imabari Shipbuilding Co., Ltd.",null,S-8109,"October 3, 2011","201,243m³",15.15kt,ABS,null,291.98m,45.00m,24.70m,18.214m,"92,746","181,399t",Hitachi-MAN B&W 6S70MC-C diesel,"18,660kW x 91.0rpm",Sea350.pdf
SANTA SERENA,general cargo ship,Naikai Zosen Corporation,Ansei Bulk Carrier S.A.,null,"August 29, 2011","47,235.9m³",about 14.3kt,NK,Panama,184.75m,30.60m,14.50m,9.55m,"23,857","38,238t",Hitachi-B&W 6S46MC-C (Mark7) diesel,"6,100kW x 107.2 min-¹ (D.C.S.O.)",Sea350.pdf
ELVIRA BULKER,Bulk Carrier,"The Hakodate Dock Co., Ltd.",LB Ship Owner II A/S,843,"Sept. 22, 2011",null,14.4kt,NK,null,175.53m,29.40m,13.70m,9.64m,"19,812","31,858t",Mitsubishi-6UEC45LSE diesel,null,Sea350.pdf
TAKAOKA,VLCC,IHI Marine United Inc.,Rebun Shipping Pte. Ltd.,3316,"Sept. 22, 2011",null,null,NK,Panama,333.00m,60.00m,28.50m,null,"158,051","abt. 310,000t",DU-WARTSILA 7RT-flex84T-D diesel,"27,160kW x 70.1rpm",Sea350.pdf
BAOSTEEL EMOTION,Ore carrier,"Namura Shipbuilding Co., Ltd.",Canopus Maritime Inc.,327,"Sept. 16, 2011",null,abt. 15.10kt,NK,null,319.00m,54.00m,25.10m,18.10m,"119,446","226,434t",MHI 6UEC85LSII diesel,null,Sea350.pdf
RICH DUCHESS II,Tanker,"Sumitomo Heavy Industries Marine & Engineering Co., Ltd.",Inter Ocean Maritime S.A.,1368,"Sept. 9, 2011",null,About 14.8kt,LR,null,228.60m,42.00m,21.50m,null,"56,000","105,000t",Mitsui MAN B&W 6S60MC-C diesel,null,Sea350.pdf
SUNDA SEA,Crude oil carrier,"Sasebo Heavy Industries Co., Ltd.",Venetia Shipping Limited,S-772,"Sept. 27, 2011",null,15.1kt,ABS,Singapore,243.80m,42.00m,21.50m,15.713m,"59,180","114,531t",Mitsui MAN B&W 6S60MC-C diesel,null,Sea350.pdf
HANJIN HIROSE,Panamax bulk carrier,Sanoyas Mizushima Works and Shipyard,CEDAR VALLEY S.A.,1300,"October 25, 2011","96,121m³ (Grain)",About 14.0kt,NK,Panama,229.00m,32.24m,20.20m,14.598m,"44,372","83,494t",MAN B&W 6S60MC-C diesel x 1 unit,"10,740kW",Sea351.pdf
AKEBONO MARU,LNG carrier,"Kawasaki Heavy Industries, Ltd.","Shinwa Chemical Tanker Co., Ltd. of Japan",1682,"October 31, 2011","3,556m³ (-163°C, 100%)",about 13.0 kt,NK,null,99.37m,17.20m,7.80m,4.60m,"2,528","4,505t",Hanshin Diesel LH46L diesel x 1 unit,"2,942kW x 200rpm",Sea351.pdf
G. SYMPHONY,LPG carrier,"Mitsubishi Heavy Industries, Ltd. (MHI)",S&Y SHIPPING S.A.,2275,"November 30, 2011","83,275m³",17.0kt,NK,null,230.0m,36.6m,21.65m,11.628m,"47,990",null,MITSUBISHI 7UEC60LSII diesel x 1 unit,"13,700kW x 104rpm",Sea351.pdf
FPMC C MELODY,Crude oil tanker,Universal Shipbuilding Corporation,null,null,"December 22, 2011","340,167m³",16.0kt,BV/CR,null,330.0m,60m,29.7m,21.5m,"156,975","297,229t",MAN B&W 7S80MC-C diesel x 1 unit,null,Sea351.pdf
WUGANG INNOVATION,Ore carrier,"Namura Shipbuilding Co., Ltd.",Nippon Yusen Kabushiki Kaisha,null,"October 19, 2011",null,15.0kt,NK,Japan,329.95m,57.00m,25.10m,18.00m,"132,466","250,868t",MAN B&W 7S80MC-C (Mark 7) x 1 set,"21,910 kW x 74.5 min⁻¹",Sea351.pdf
KURE HARBOUR,Handymax bulk carrier,IHI Marine United Inc.,"Kyowa Sansyo Co., Ltd.",3320,"November 9, 2011",null,null,NK,null,190.00m,32.26m,18.10m,null,"31,600","about 55,800t",DU-WARTSILA 6RT-flex50 x 1 unit,"8,890kW x 116.0rpm",Sea351.pdf
U-SEA COLONSAY,Bulk carrier,"Imabari Shipbuilding Co., Ltd.",Pedregal Maritime S.A.,K028,"October 24, 2011",null,14.5kt,NK,null,199.98m,32.24m,18.60m,13.01m,"34,778","61,470t",Mitsui-MAN B&W 6S50MC-C (Mark 8) diesel x 1 unit,"8,450kW x 108rpm",Sea351.pdf
MEDI OKINAWA,Bulker,"Mitsui Engineering & Shipbuilding Co., Ltd., (MES)","T&M Maritime S.A., Panama",1786,"December 7, 2011",null,about 14.5kt,NK,Panama,189.99m,32.25m,18.10m,null,"31,754","56,118t",MITSUI-MAN B&W 6S50MC-C diesel x 1 unit,"9,480kW x 127.0rpm",Sea351.pdf
HANJIN DALIAN,Container carrier,Naikai Zosen Corp.,S.T. Ocean Shipping S.A.,null,"September 30, 2011","2,535TEU containers",about 22.2kt,NK,null,199.93m,32.20m,16.60m,9.80m,"27,061","33,381t",Hitachi Zosen MAN B&W 7S70MC-C diesel x 1 unit,"21,735kW x 91min⁻¹",Sea351.pdf
FRONTIER PHOENIX,Bulk carrier,"Koyo Dockyard Co., Ltd.",Forward Gloria Navigation S.A.,S-2332,"Nov. 2, 2011",null,15.15kt,NK,Panama,291.98m,45.00m,24.70m,18.15m,"92,752","181,356t",Mitsui-MAN B&W 6S70MC-C diesel x 1 unit,null,Sea351.pdf
SAKIZAYA WISDOM,Bulk carrier,"Oshima Shipbuilding Co., Ltd.",Sakizaya Wisdom S.A.,10560,"Sept. 27, 2011",null,14.5kt,BV/CR,Panama,225.00m,32.26m,19.39m,14.122m,"40,034","76,457t",Kawasaki MAN B&W 5S60MC-C7 diesel x 1 unit,null,Sea351.pdf
TEREPAIMA,Tanker,"Sumitomo Heavy Industries Marine & Engineering Co., Ltd.",Panavenflot Corp.,1373,"Oct. 19, 2011",null,about 14.8kt,LR,Panama,228.60m,42.00m,21.50m,null,"56,000","105,000t",Mitsui MAN B&W 6S60MC-C diesel x 1 unit,null,Sea351.pdf
C.S. STAR,Open hatch cargo ship,"Kanda Shipbuilding Co., Ltd.","Caribstar Shipping, S.A.",517,"Sept. 29, 2011",null,14.15kt,NK,Pamama,177.00m,28.60m,14.35m,10.034m,"21,487","33,170t",Mitsubishi 6UEC45LSE diesel x 1 unit,null,Sea351.pdf
TURMOIL,Product/chemical tanker,"Onomichi Dockyard Co., Ltd.",Mercator Navgation S.A.,565,"Oct. 19, 2011",null,15.2kt,NK,Panama,182.5m,32.20m,19.05m,null,"29,419","50,358t",Mitsui MAN-B&W 6S50MC (Mark 7) diesel x 1 unit,null,Sea351.pdf
EAGLE TEXAS,Aframax tanker,"Tsuneishi Shipbuilding Co., Ltd.",AET MCV BETA LLC,1491,"Sept. 9, 2011",null,15.6kt,LR,Majuro,243.80m,42.00m,21.30m,12.19m,"60,379","107,481t",MITSUI-MAN B&W 6S60MC-C (Mark 7) diesel x 1 unit,null,Sea351.pdf
"LNG-fueled 9,000TEU containership",Containership,"Kawasaki Heavy Industries, Ltd.",,,,"9,000TEU",,DNV,,Approx. 308m,48.4m,,14.5m,,,"electronically controlled, dual-fuel, low-speed diesel engine",,Sea352.pdf
HAKUREI,marine resource research vessel,"Mitsubishi Heavy Industries, Ltd. (MHI)","Japan Oil, Gas and Metals National Corporation (JOGMEC)",1155,"January 31, 2012",,15.5kt,NK,,118.3m,19.0m,9.2m,6.2m,"6,283",,Electric motors,"3,200kW x 2 units",Sea352.pdf
SPRING AEOLIAN,Panamax bulk carrier,Sanoyas Shipbuilding Corporation,Primavera Monatana S.A.,1321,"January 11, 2012","96,078m³ (grain)",about 14.0kt,NK,Panama,229.00m,32.24m,20.20m,14.598m,"44,366","83,478t",MAN B&W 6S60MC-C diesel x 1 unit,"10,740kW",Sea352.pdf
CMB VAN MIEGHEM,bulk carrier,"Imabari Shipbuilding Co., Ltd.",,S-1564,"December 1, 2011","109,477m³",about 15.0kt,NK,,234.98m,38.00m,19.90m,14.45m,"50,617","95,737t",Mitsui-MAN B&W 6S60MC-C (Mark 7) x 1 unit,"12,950kW",Sea352.pdf
JUBILANT SUCCESS,bulk carrier,"Mitsui Engineering & Shipbuilding Co., Ltd. (MES)","Clio Marine Inc., Liberia",1818,"January 17, 2012",,14.5 knots,NK,Panama,240.00m,43.00m,20.70m,,"60,997","110,909t","MITSUI-MAN B&W 6S60MC-C Diesel Engine, which is compact and high-powered","13,560kW",Sea352.pdf
FS DILIGENCE,product oil carrier,"Namura Shipbuilding Co., Ltd.",Simosa Shipping Company Limited,,"January 18, 2012",,15.2kt,ABS,Hong Kong,249.97m,44.00m,21.20m,14.80m,"63,057","115,586t",MAN B&W 6S60MC-C (Mark 7) x 1 unit,"13,560kW",Sea352.pdf
NICOLINE BULKER,general cargo ship,Naikai Zosen Corporation,Lauritzen Bulkers A/S,,"Jan. 20, 2012","47,235.9m³ (grain)",about 14.3kt,NK,,184.75m,30.60m,14.50m,9.55m,"23,950","38,191t",Hitachi-B&W 6S46MC-C (Mark 7) diesel x 1 unit,"6,780kW",Sea352.pdf
KEY JOURNEY,Panamax bulk carrier,Universal Shipbuilding Corporation,,,"February 17, 2012","95,980m³",14.6kt,NK,,225m,32.26m,20m,14.38m,"42,711","80,591t",MAN B&W 7S50MC-C diesel x 1 unit,,Sea352.pdf
GLOBAL HEART,Bulk Carrier,"The Hakodate Dock Co., Ltd.",Global Odyssey S.A.,846,"January.13, 2012",,14.3kt,NK,,178.41m,29.40m,13.90m,9.77m,"20,254","32,964t",Mitsubishi 6UEC45LSE diesel x 1 unit,,Sea352.pdf
HONOLULU BRIDGE,Container carrier,IHI Marine United Inc.,Cherry Ship Holding S.A.,3286,"January 25, 2012","8,600TEUs",22.7kt,NK,,334.55m,45.6m,24.4m,,"97,000","abt. 97,000t",MAN B&W 9K98ME Mark VI diesel x 1 unit,"51,480kW",Sea352.pdf
LBC NATURE,Bulk carrier,"Oshima Shipbuilding Co., Ltd.",Sun Olive Line Corporation,10620,"January 11, 2012",,14.5kt,NK,Marshall Island,210.00m,36.50m,20.20m,12.824m,42744,"71,066t",Mitsubishi 7UEC50LSII (P1 point) x 1 unit,,Sea352.pdf
KING COTTON,Bulk carrier,"Shin Kurushima Dockyard Co., Ltd.",Sun Advance Shipping S.A.,S-5686,"October 28, 2011",,14.3kt,NK,Panama,179.99m,28.20m,14.30m,10.101m,"21,205","33,622t",Mitsubishi 6UEC45LSE diesel x 1 unit,,Sea352.pdf
KING ISLAND,Open hatch cargo ship,"Kanda Shipbuilding Co., Ltd.",Ocean Friend Corp. Limited,524,"December 9, 2011",,14.15kt,NK,Hong Kong,177,28.6,14.35,10.034,"21,483","33,152t",Mitsubishi 6UEC45LSE diesel x 1 unit,,Sea352.pdf
SANKO FRONTIER,Bulk carrier,"Sasebo Heavy Industries Co., Ltd.",FRONTIER BULKSHIP LIMITED,S795,"November 18, 2011",,14.5 knots,ABS,Liberia,225,32.2,19.8,14.136,"40,325","74,962t",Mitsui MAN B&W 7S50MC-C diesel x 1 unit,,Sea352.pdf
SILVER PRINCESS,car/passenger ferry,"Mitsubishi Heavy Industries, Ltd. (MHI)",Kawasaki Kinkai Kisen Kaisha Ltd.,1158,"April 5, 2012",500 persons,20.5kt,JG,null,150.0m,25.0m,13.15m (No.4 deck),5.85m,"10,536",null,Diesel engine,"7,200kW x 2 units",Sea353.pdf
AMAMI K,bulk carrier,"Kawasaki Heavy Industries, Ltd.",KAW 1690 Shipping S.A.,1690,"February 28, 2012","73,614m³",about 14.5kt,NK,Panama,197.00m,32.26m,18.10m,12.65m,"33,126","58,613t",Kawasaki-MAN B&W 6S50MC-C7 diesel,"8,630kW x 116rpm",Sea353.pdf
CAPE HARMONY,bulk carrier,"Mitsui Engineering & Shipbuilding Co., Ltd. (MES)","Ocean Transit Carrier S.A., Panama",1733,"March 8, 2012",null,15.3kt,NK,Panama,292.00m,44.98m,24.70m,null,"92,253","178,373t",Mitsui-MAN B&W Diesel Engine 6S70MC-C diesel,"18,660kW x 91rpm",Sea353.pdf
GLORIOSA LILY,Handy Cape bulk carrier,Sanoyas Shipbuilding Corporation,"Golden Helm Shipping Co., S.A.",1305,"April 5, 2012","135,717m³",about 14.6kt,NK,Panama,245.00m,43.00m,21.65m,15.404m,"64,642","119,488t",MAN B&W 6S60MC-C diesel,"13,560kW",Sea353.pdf
ORE SAO LUIS,Unimax ore carrier,Universal Shipbuilding Corporation,Regulus Navigation Inc.,null,"March 22, 2012",null,14.5kt,NK,null,327m,55.00m,29.25m,21.40m,"151,105","297,076t",MAN B&W 6S80MC-C diesel,null,Sea353.pdf
OCEAN WEALTH,double hull bulk carrier,"Imabari Shipbuilding Co., Ltd.",Diamond Camellia S.A.,0794,"January 17, 2012",null,14.7kt,NK,null,179.97m,29.80m,15.00m,10.538m,"23,264","38,243t",MAKITA-MITSUI-MAN B&W 6S46MC-C (Mk7) diesel,"7,860kW x 129rpm",Sea353.pdf
GLORIOUS KAURI,general cargo ship,Naikai Zosen Corporation,Peony Shipholding S.A.,null,"March 16, 2012","46,315.5m³",about 14.3kt,NK,Panama,184.75m,30.60m,14.50m,9.55m,"23,857","38,200t",Hitachi-B&W 6S46MC-C8 diesel,"6,100kW x 107.2min⁻¹",Sea353.pdf
SAN ANTONIO,Handymax bulk carrier,IHI Marine United Inc. (IHIMU),Challenger Inc.,3296,"March 29, 2012",null,null,NK,null,190.00m,32.26m,18.10m,null,"31,600","about 55,800t",DU-WARTSILA 6RT-flex50 diesel,"8,890kW x 116.0rpm",Sea353.pdf
TOM PRICE,Ore carrier,"Namura Shipbuilding Co., Ltd.",Mitsui O.S.K. Lines Ltd.,328,"March 16, 2012",null,about 15.10kt,NK,null,319.58m,54.00m,25.10m,18.10m,"119,446","226,381t",MHI 6UEC85LSII diesel,null,Sea353.pdf
PACIFIC INFINITY,Bulk carrier,"Oshima Shipbuilding Co., Ltd.",Primavera Montana S.A.,10653,"April 18, 2012",null,14.50kt,NK,Panama,189.99m,32.26m,17.87m,12.568m,"31,804","56,104MT",Kawasaki MAN B&W 6S50MC-C (Mark 7) diesel,null,Sea353.pdf
TAMANACO,Tanker,"Sumitomo Heavy Industries Marine & Engineering Co., Ltd.",Panavenflot Corp.,1374,"April 3, 2012",null,about 14.8kt,LR,null,228.60m,42.00m,21.50m,null,"56,000","105,000t",Mitsui MAN B&W 6S60MC-C diesel,null,Sea353.pdf
CORAL AMBER,Bulk carrier,"Shin Kurushima Dockyard Co., Ltd.",null,S-5645,"April 11, 2012",null,14.5kt,NK,Panama,224.98m,32.26m,19.85m,14.328m,"42,000","78,000t",B&W 6S60MC-C (Mark 7) diesel,null,Sea353.pdf
SEA TRIUMPH,Bulk carrier,"Koyo Dockyard Co., Ltd.",Panamanian Owner,S-2362,"February 2, 2012",null,15.15knots,NK,Panama,291.98m,45.00m,24.70m,18.21m,"92,752","181,415MT",Mitsui-MAN B&W 6S70MC-C (Mark 7) diesel,null,Sea353.pdf
AROUZU,Bulk carrier,"Tsuneishi Shipbuilding Co., Ltd.",null,1526,"March 27, 2012",null,14.5,NK,Panama,228.99m,32.26m,20.05m,14.40m,"43,013","82,250t",Mitsui MAN B&W 6S60MC-C (Mark 7) diesel,null,Sea353.pdf
TØNSBERG,RORO (Roll-on/Roll-off) cargoship,"Mitsubishi Heavy Industries, Ltd.",Wilhelmsen Lines Shipowning Malta Ltd.,null,"March 18, 2011",null,about 20.25kt,null,null,250m,32.26m,33.22m,11.0m,"74,622",null,MAN B&W 7L70ME-C8 diesel engine,"20,100kW",Sea354.pdf
YONE MARU,coastal cargoship,null,null,null,null,null,null,null,null,null,null,null,null,null,null,null,null,Sea354.pdf
KIRARA,high-speed ferry,null,null,null,null,null,null,null,null,null,null,null,null,null,null,null,null,Sea354.pdf
HELSINKI BRIDGE,container carrier,IHI Marine United Inc.,Daisy Ship Holding S.A.,3287,"April 27, 2012","8,600TEUs",null,NK,null,about 334.55m,45.60m,24.40m,null,"97,000t","about 97,000t",MAN B&W 9K98ME Mark VI diesel x 1 unit,"51,480kW",Sea354.pdf
SUZURAN,RoPax ferry,"Mitsubishi Heavy Industries, Ltd.","Shin Nihonkai Ferry Co., Ltd.",2276,"June 14, 2012","Lane meter:2,000 m for Trailers, 300 m for private cars",27.5kt,JG,null,224.5m,26.0m,10.0m,7.4m,"34,400 (International)",null,Main engine and Pod system,"8,700kW x 2 units (Main engine), 12.9MW x 1 unit (Pod system)",Sea354.pdf
JUBILANT TREASURE,120-type Handy Cape bulk carrier,Sanoyas Shipbuilding Corp.,"Ever Bright Shipping, S.A.",1306,"May 23, 2012","135,717m³",about 14.6kt,NK,Panama,245.00m,43.00m,21.65m,15.404m,"64,647","119,454mt",MAN B&W 6S60MC-C diesel x 1 unit,"13,560kW",Sea354.pdf
JUPITER SPIRIT,pure car and truck carrier,Naikai Zosen Corporation,"Nissan Motor Car Carrier Co., Ltd.",null,Jun-11,"5,000 units",about 19.0kt,NK,null,83.00m,30.20m,28.80m,8.45m,"45,961",null,Hitachi-MAN B&W 6S60MC-C diesel x 1 unit,"12,210kW",Sea354.pdf
SARGAM,bulk carrier,"Imabari Shipbuilding Co., Ltd.",null,S-1580,"May 8, 2012","109,477m³",about 15.2kt,NK,null,234.98m,38.00m,19.90m,14.45m,"50,624","95,671t",Mitsui-MAN B&W 6S60MC-C (Mark 7) diesel x 1 unit,"12,950kW",Sea354.pdf
FPMC B JUSTICE,bulk carrier,Universal Shipbuilding Corporation,FPMC Justice Marine Corp.,null,"March 29, 2012","218,684m³",14.7kt,BV,null,299.7m,50m,25.0m,18.2m,"106,385","206,649MT",MAN B&W 7S65ME-C diesel x 1 unit,null,Sea354.pdf
FS ENDEAVOR,product oil carrier,"Namura Shipbuilding Co., Ltd.",J&K Shipping Company Limited,null,"June 6, 2012",null,15.2kt,ABS,Hong Kong,249.97m,44.00m,21.20m,14.80m,"63,058","115,626t",MAN B&W 6S60MC-C (Mark 7) diesel x 1 set,"13,560kW",Sea354.pdf
TWINLUCK SW,Bulk carrier,"The Hakodate Dock Co., Ltd.","Fortunate Maritime S.A., Panama",847,"June 20, 2012",null,14.6kt,NK,null,175.53m,29.40m,13.70m,9.64m,"19,817","31,877t",Mitsubishi-6UEC45LSE diesel x 1 unit,null,Sea354.pdf
FEDERAL SATSUKI,Bulk carrier,"Oshima Shipbuilding Co., Ltd.",Federal Oceans Ltd.,10582,"May 24, 2012",null,14.0kt,DNV,Marshall Island,199.98m,23.762m,14.85m,10.849m,"20,465","35,885MT",KAWASAKI MAN B&W 6S46MC-C7 diesel x 1 unit,null,Sea354.pdf
NORDROSE,Tanker,"Sumitomo Heavy Industries Marine & Engineering Co., Ltd.",Nordrose Navigation Company Limited,1365,"May 18, 2012",null,About 14.8kt,LR,null,228.60m,42.00m,21.50m,null,"56,000","105,000t",Mitsui MAN B&W 6S60MC-C diesel x 1 unit,null,Sea354.pdf
ZAO GALAXY,Chemical tanker,"Shin Kurushima Dockyard Co., Ltd.",null,S-5717,"June 19, 2012",null,null,NK,Marshall Island,159.03m,27.10m,14.20m,10.025m,"16,408","26,198",6UEC45LSE diesel x 1 unit,null,Sea354.pdf
K. VICTORY,Bulk carrier,"Sasebo Heavy Industries Co., Ltd.",DAVID A Shipholding S.A.,S776,"July 10, 2012",null,15.3kt,NK,Panama,292m,45.00m,24.70m,18.15m,"93,383","181,500t",MAN B&W 6S70MC-C7 diesel x 1 unit,null,Sea354.pdf
TRANS OCEANIC,Bulk carrier,"Tsuneishi Shipbuilding Co., Ltd.",null,1532,"June 6, 2012",null,14.5,NK,Panama,189.99m,32.26m,18.00m,12.80m,"32,309","58,168t",MITSUI MAN B&W 6S50MC-C diesel x 1 unit,null,Sea354.pdf
EMERALD ACE,Vehicle carrier,"Mitsubishi Heavy Industries, Ltd. (MHI)","Mitsui O.S.K. Lines, Ltd. (MOL)","June 29, 2012","approximately 6,400 standard passenger car equivalents (RT43 type)",about 20.65kt,"Nippon Kaiji Kyokai NS* (Vehicles Carrier), IWS, MNS* (M0)",199.99m,32.26m,34.52m,"60,154",Mitsubishi-UE 7UEC60LSII (P/U) diesel x 1 unit,Sea355.pdf,,,,,
HOUSTON BRIDGE,Container vessel,IHI Marine United Inc.,,,"8,600TEUs",,NK,,,,,MAN B&W 9K98ME (Mark 6) diesel x 1 unit,Sea355.pdf,3288,null,"about 97,000t","51,480kW x 94.0rpm",
FURNESS VICTORIA,Bulk carrier,"Kawasaki Heavy Industries, Ltd.",East Blue Line S.A.,,"73,614m³",about 14.45kt,NK,,,,,Kawasaki-MAN B&W 6S50MC-C7 diesel x 1 unit,Sea355.pdf,1702,Panama,"58,648t","8,630kW x 116rpm",
MALACCA DOUBLEMAX,VLCC,"Mitsui E&S Shipbuilding Co., Ltd. (MES)",,,null,,NK,,,,,,Sea355.pdf,HN: 1808,Panama,null,,
CAPE LILY,Bulk carrier,"Imabari Shipbuilding Co., Ltd.",Peony Shipholding S.A.,,null,14.0kt,NK,,,,,MAN B&W 6S70MC-C (Mark 7) diesel x 1 unit,Sea355.pdf,,Panama,"181,303DWT","18,600kW x 91.0rpm",
FRONTIER WAVE,Cape size bulk carrier,"Namura Shipbuilding Co., Ltd.",Nippon Yusen Kabushiki Kaisha,,null,null,NK,,,,,MAN B&W 6S70MC-C (Mark 7) diesel x 1 set,Sea355.pdf,,Japan,"174,707 DWT",,
AZALEA SKY,Panamax bulk carrier,Universal Shipbuilding Corporation,Diamond Camellia S.A.,,"95,980m³",14.6kt,LR,,,,,MAN B&W 7S50MC-C diesel x 1 unit,Sea355.pdf,,,"80,000DWT",,
TAKESHIO,General cargo ship,Naikai Zosen Corporation,Peony Shipholding S.A.,,"47,235.9m³ (grain)",14.3kt,NK,,,,,Hitachi-MAN B&W 6S46MC-C (Mark 7) diesel x 1 unit,Sea355.pdf,,Panama,"38,494DWT","6,100kW x 107.2 min¯¹",
BANDAI MARU,Tugboat,"Niigata Shipbuilding & Repair, Inc.","Nihonkai Eisen Co., Ltd.",,null,14.6kt,null,,,,,,Sea355.pdf,,,,"4,200ps",
NAEBA MARU,Tugboat,"Niigata Shipbuilding & Repair, Inc.","Nihonkai Eisen Co., Ltd.",,null,null,null,,,,,,Sea355.pdf,,,,"3,600ps",
KING MILO,Bulk carrier,"Oshima Shipbuilding Co., Ltd.","Compania Flor de Vapores, S.A.",,null,14.7kt,NK,225.00m,32.26m,19.79m,,MAN B&W 5S60MC-C diesel x 1 unit,Sea355.pdf,10692,Panama,"77,198t",,14.427m
FORTE DE SAO FELIPE,Bulk carrier,Sanoyas Shipbuilding Corp.,"Empresa de Navegacao Elcano, S. A.",,"96,121m³ (grain)",about 14.0kt,NK,229.00m,32.24m,20.20m,,MAN B&W 6S60MC-C diesel x 1 unit,Sea355.pdf,1304,Panama,"83,486t","10,740kW",14.598m
OCEAN HOPE,Open hatch cargo ship,"Kanda Shipbuilding Co., Ltd.",Lua Line S.A.,,null,14.15kt,NK,177.00m,28.60m,14.35m,,Mitsubishi 6UEC45LSE diesel x 1 unit,Sea355.pdf,529,Panama,"32,876t",,10.034m
NORD MONTREAL,Bulker,"Onomichi Dockyard Co., Ltd.",Norden Shipping (Singapore) Pte. Ltd.,,null,14.9kt,ABS,177.85m,28.60m,15.00m,,MAN B&W 6S46MC-C8.1 diesel x 1 unit,Sea355.pdf,590,Singapore,"36,600t",,10.87m
SPICA LEADER,Car carrier,"Shin Kurushima Dockyard Co., Ltd.",,,null,19.5kt,NK,190.03m,28.20m,28.74m,,7UEC52LSE diesel x 1 unit,Sea355.pdf,5673,Panama,"14,378t",,9.326m
LEO SPIRIT,Car carrier,"Shin Kurushima Toyohashi Shipbuilding Co., Ltd.",null,,null,20.65kt,NK,199.99m,32.26m,34.51m,,B&W 7S60MC-C (Mark 8) diesel x 1 unit,Sea355.pdf,S-3652,Panama,"16,758t",,9.725m
ETERNAL TRIUMPH,Handymax bulk carrier,Clio Marine Inc.,3331,"September 25, 2012",NK,190.00m,32.26m,18.10m,"31,600","about 55,800t",DU-WARTSILA 6RT-Flex50 x 1 unit,"8,890kW x 116.0rpm",Sea356.pdf,,,,,
DONAU K,bulk carrier,,1692,"August 16, 2012",NK,197.00m,32.26m,18.10m,"33,126","58,682t",Kawasaki-MAN B&W 6S50MC-C7 diesel x 1 unit,"8,630kW x 116rpm",Sea356.pdf,KWA 1692 Shipping S.A.,"73,614m³",about 14.5kt,The Cayman Islands,12.65m at full load
AM BREMEN,bulk carrier,,1830,"September 6, 2012",NK,189.99m,32.25m,18.10m,"31,753","56,155t",MITSUI-MAN B&W 6S50MC-C diesel x 1 set,"9,480kW x 127.0rpm",Sea356.pdf,"Clio Marine Inc., Liberia",,about 14.5kt,Panama,
JULES GARNIER II,open bulk carrier,,5698,"September 19, 2012",NK,160.80m,26.00m,14.00m,"16,715","27,454t",Hitachi MAN B&W 6S42MC7 diesel x 1 unit,"6,480kw x 136min⁻¹",Sea356.pdf,Sunny Durban Maritime S.A.,"20,955.7m³",about 14.5kt,Panama,9.88m
FERRY NAMINOUE,cargo and passenger ferry,,,"September 19, 2012","Japanese Government, Restricted greater coasting service",145.0m,24.00m,14.50m,"16,973","3,833t",JFE 12PC2-6V diesel x 2,"6,070kW x 520min-¹/set",Sea356.pdf,"Japan Railway Construction, Transport and Technology Agency and A Line Ferry Co., Ltd.","10ft containers x 312, 8t trucks x 48, Cars x 72",21.0kt,Japan (Amami),6.25m
SHIN SUMA,bulk carrier,,,"August 29, 2012",NK,299.7m,50.0m,25.0m,"106,360","206,396t",MAN B&W 7S65ME-C diesel x 1 unit,,Sea356.pdf,,"218,211m³",14.7kt,,18.2m
KITAURA,Handy Cape bulk carrier,,1310,"August 28, 2012",NK,245.00m,43.00m,21.65m,"64,647",119.363t,MAN B&W 6S60MC-C diesel x 1 unit,"13,560kW",Sea356.pdf,"Green Spanker Shipping, S. A.","135,717m³",about 14.6kt,,15.404m
TASCO AMARIT,asphalt carrier,,5698,"July 27, 2012",,104.98m,19.60m,11.00m,"6,106","7,532t",MAKITA-MAN B&W6L35MC6.1 diesel x 1 unit,"3,510kW x 203min⁻¹",Sea356.pdf,,,13.9kt,Thai,6.70m
CORAL OCEAN,Bulk carrier,,849,"August 17, 2012",NK,175.53m,29.40m,13.70m,"19,815","31,989t",Mitsubishi-6UEC45LSE diesel x 1 unit,,Sea356.pdf,Enju Ship Holding S.A.,,14.4kt,,9.64m
NEW DELIGHT,Bulk carrier,,S-8122,"October 10, 2012",NK,291.98m,45.00m,24.70m,"92,752","181,279t",Mitsui-MAN B&M 7S70MC-C diesel x 1 unit,"18,660kW x 91.0rpm",Sea356.pdf,,,15.15kt,,18.21m
C.S. SUNSHINE,Bulk Carrier,,10684,"August 24, 2012",,228.41m,36.50m,19.89m,"46,700","85,561t",MAN B&W 5S60MC-C7 diesel x 1 unit,,Sea356.pdf,"Caribstar Shipping, S.A.",,14.3kt,Panama,13.948m
FPMC C ORIENT,VLCC,,S-131,"June 28, 2012",BV/CR,330.0m,60.0m,29.7m,"156,975","297,412t",MAN B&W 7S80MC diesel x 1 unit,,Sea356.pdf,Formosa Plastic Marine Corporation.,"340,167m³",16.0kt,,21.5m
HANJIN PORT KAMSAR,Bulk carrier,,1462,"September 11, 2012",,228.99m,32.26m,20.05m,"43,004","82,518t",Mitsui MAN B&W 6S60MC-C (Mark 7) diesel x 1 unit,14.5kt,Sea356.pdf,,,,Panama,14.40m
ASTOMOS EARTH,LPG carrier,"Mitsubishi Heavy Industries, Ltd.","August 31, 2012","83,426m³",17.0kt,NK,230.0m,36.6m,21.65m,11.575m,"47,950","83,426m³",MITSUBISHI UE-7UEC60LS II diesel,"13,000kW x 100min¯¹",Sea357.pdf,,,
NEUTRINO,bulk carrier,"Kawasaki Heavy Industries, Ltd.","October 12, 2012","73,614m³",about 14.5kt,NK,197.00m,32.26m,18.10m,12.65m,"33,084","58,612t",Kawasaki-MAN B&W 6S50MC-C7 diesel,"8,630kW x 116rpm",Sea357.pdf,Southern Pacific Holding Corporation,1697,The Marshall Islands
KING RICE,bulk carrier,"I-S Shipyard Co., Ltd.","October 29, 2012",N/A,14,N/A,169.5m,27.2m,13.6m,9.8m,"17,070","28,000t",Hitachi-MAN B&W 6S42MC (Mark 6) diesel,"5,850kW x 129rpm",Sea357.pdf,,,
RAVEN ARROW,open-hatch type general cargo carrier,"Mitsui Engineering & Shipbuilding Co., Ltd.","November 27, 2012","86,600m³",14.5kt,NK,210.00m,36.00m,20.20m,null,"46,295","72,871t",Mitsui-MAN B&W 5S60ME-C8 (Mark 8) diesel,"9,450kW x 89rpm",Sea357.pdf,"MiDas Line S.A., Panama",1836,Panama
CAPE GENESIS,Bulk Carrier,Universal Shipbuilding Corporation,"October 25, 2012","193,396m3",15.35kt,NK,292.0m,45m,24.5m,18.15m,"93,031","182,097MT",MAN B&W 7S65ME-C diesel,null,Sea357.pdf,LEO OCEAN S.A.,,
KIYO,post-Panamax bulk carrier,"Namura Shipbuilding Co., Ltd.","November 7, 2012",null,about 15.0kt,NK,234.90m,38.00m,20.00m,12.80m,"50,927","92,353t",MAN B&W 6S60MC-C (Mark7) diesel,null,Sea357.pdf,"Namura Shipbuilding Co., Ltd.",,Liberia
SAGA FORTUNE,open hatch type general cargo carrier,"Oshima Shipbuilding Co., Ltd.","November 6, 2012","64,514m³",15.0kt,DNV,199.90m,32.26m,19.50m,13.30m,"37,441","56,023t",WARTSILA 6RT-flex50B diesel,"9,474kW x 124.0rpm",Sea357.pdf,SAGA Shipholding (Norway) AS,,
ETERNAL TRIUMPH,Bulk carrier,,"September 25, 2012",null,,NK,190.00m,32.26m,18.10m,null,"31,538","55,830t",DU-WARTSILA 6RT-flex50 diesel,"8,890kW x 116.0rpm",Sea357.pdf,Clio Marine Inc.,3331,Singapore
TTM HOPE,Bulk carrier (Handycape type),Sanoyas Shipbuilding Corporation,,"135,717m3",,NK,245.00m,43.00m,21.65m,15.404m,"64,642","119,496t",MAN B&W 6S60MC-C diesel,"13,560kW",Sea357.pdf,,1309,null
TSUBAKI,Passenger/car ferry,,,18 units (8t truck basis) / 482 passengers,20.733kt,JG,86.50m,14.50m,10.40m,4.30m,"1,599",577t,Daihatsu 6DCM-32e diesel,"2,942kW x 750/186 min¯¹",Sea357.pdf,"Kyushu Shosen Co., Ltd.",,null
PACIFIC TOPAZ,Crude/product tanker,,,null,15.2kt,ABS,182.5m,32.20m,18.40m,19.05m,"28,426","50,000t",MITSUI MAN-B&W 6S50MC-C diesel,null,Sea357.pdf,Hexad Shipping S.A.,575,Liberia
CORAL AMETHYST,Bulk carrier,"Shin Kurushima Toyohashi Shipbuilding Co., Ltd.",,null,about 14.5kt,NK,224.98m,32.26m,19.85m,14.328m,"41,963","78,092t",B&W 6S60MC-C diesel,null,Sea357.pdf,,5740,Panama
HANJIN ROSARIO,Bulk carrier,"Tsuneishi Shipbuilding Co., Ltd.",,null,14.5kt,KR,228.99m,32.26m,20.05m,14.40m,"43,004","82,158t",Mitsui MAN B&W 6S60MC-C (Mark 7) diesel,null,Sea357.pdf,,Sno.1468,Panama
OCEAN SPLENDOR,type bulk carrier,"Mitsui Engineering & Shipbuilding Co., Ltd. (MES)",1841,"January 17, 2013","over 70,000m³",about 14.5kt,Panama,189.99m,32.25m,18.10m,"56,000DWT",MITSUI-MAN B&W diesel 6S50MC-C,"9,480kW x 127.0rpm",Sea358.pdf,,,,
KAIMON MARU,Aframax tanker,Japan Marine United Corporation (JMU),3335,"January 1, 2013","142,000m³",,Panama,246.80m,44.40m,22.00m,"120,000 tons",DU-WARTSILA 6RTA58T-D diesel,"12,210kW x 94.5rpm",Sea358.pdf,,,,
TOSCA,pure car and truck carrier (PCTC),"Nagasaki Shipyard & Machinery Works of Mitsubishi Heavy Industries, Ltd. (MHI)",,"January 18, 2013","6,459 cars",about 20.0kt,Singapore,199.99m,32.26m,36.02m,"22,585t",7UEC60LSII-Eco diesel,"13,240kW x 105min-1",Sea358.pdf,11.00m,,,
RTM DIAS,post-Panamax bulk carrier,"Namura Shipbuilding Co., Ltd.",,"January 11, 2013",,about 14.0kt,United Kingdom,234.87m,38.00m,20.00m,"89,892 DWT",Mitsubishi 6UEC60LSII-Eco diesel,"9,480kW",Sea358.pdf,13.90m,,,
KARVOUNIS,crude oil carrier,"Sumitomo Heavy Industries Marine & Engineering Co., Ltd.",,2013,,About 15.4kt,null,274.00m,48.00m,22.80m,"156,000t",Mitsui MAN B&W 6S70MC-C8 diesel,null,Sea358.pdf,,,,
KIRANA SANTYA,black and white petroleum product tanker,Naikai Zosen Corporation,,"February 28, 2013","about 23,900m³",about 13.5kt,Panama,160.00m,27.90m,11.20m,"19,000t",Hitachi-MAN B&W 7S35MC7.1 diesel,"4,900kW x 170min-1",Sea358.pdf,7.124m,,,
NISSEI-MARU,RO/RO ship,"Shin Kurushima Dockyard Co., Ltd.",,Jan-13,,21.2kt,null,169.98m,26.00m,24.60m,"7,200t",Mitsui MAN B&W 8S50MEC8 diesel,"13,280kW (18,056ps) x 127rpm",Sea358.pdf,7.167m,,,
MARATHA PRUDENCE,Bulk carrier,,855,"November 27, 2012",,14.4kt,,175.5m,29.4m,13.7m,"32,070t",Mitsubishi 6UEC45LSE diesel,null,Sea358.pdf,9.6m,Sea Link Llc,NK,
MORNING CINDY,Pure car carrier,,null,null,,20.0kt,,199.97m,32.26m,34.48m,"18,954t",Kobe Diesel-Mitsubishi UE diesel,null,Sea358.pdf,,Lucia Navigation S.A.,NK,
NBA REMBRANDT,Bulk carrier,,10701,"December 19, 2012",,14.10kt,,254.99m,43.00m,19.39m,"107,236t",Mitsubishi 6UEC60LSII diesel,null,Sea358.pdf,13.599m,NYK Bulkship (Atlantic) NV,NK,
JUBILANT GLORY,Bulk carrier,,1312,"January 17, 2013","135,645m³ (Grain)",about 14.6kt,Panama,245.00m,43.00m,21.65m,119.406t,MAN B&W 6S60MC-C diesel,"13,560kW",Sea358.pdf,15.404m,"Chiba Shipping Co., Ltd./ Kashima Naviera S.A.",NK,
FELICIA K,Open hatch cargo ship,,533,"November 29, 2012",,14.15kt,Panama,181.1m,28.40m,14.25m,"32,813t",6UEC45LSE diesel,null,Sea358.pdf,10.034m,Sea Wealth Navigation S.A.,NK,
EISHO,Bulk carrier,,S808,"December 11, 2012",,14.5kt,,225.00m,32.26m,19.80m,"74,930t",B&W 7S50MC-C8 diesel,null,Sea358.pdf,,MI-DAS LINE S.A.,ABS,
TRINITY ARROW,LNG carrier,Imabari Shipbuilding,Sea359.pdf,,,,,,,,,,,,,,,
HANOI BRIDGE,Container vessel,,Sea359.pdf,No. 3290,"8,600 TEUs",NK,MAN B&W 9K98ME Mark VI diesel x 1 unit,"51,480 kW x 94.0 rpm",,,,,,,,,,
GLOBAL VENUS,Bulker,,Sea359.pdf,1700,,Vanuatu,Kawasaki-MAN B&W 6S50MC-C7 diesel x 1 unit,"8,630 kW x 116 rpm","58,635t",,,,,,,,,
DRAGON SKY,Wood chip carrier,,Sea359.pdf,,"4,300,000cf (121,000m³)",Panama,MAN B&W 6S50MC-C7 diesel x 1 unit,"9,480 kW","63,415 mt",,,,,,,,,
BSTEEL HARMONY,Ore carrier,,Sea359.pdf,,,Liberia,MAN B&W 7S80MC-C (Mark 7) diesel x 1 set,,"251,028 t",,,,,,,,,
ISLAND SPIRIT,Bulk carrier,,Sea359.pdf,857,,NK,Mitsubishi 6UEC45LSE diesel x 1 unit,,"31,864t",,,,,,,,,
HORAISAN,VLCC,"Mitsubishi Heavy Industries, Ltd. (Nagasaki Shipyard & Machinery Works)",Sea359.pdf,,,Panama,Mitsubishi-UE 7UEC85LS II diesel x 1 unit,,"305,301t",,,,,,,,,
FEDERAL TIBER,Bulk carrier,"Oshima Shipbuilding Co., Ltd.",Sea359.pdf,10695,,Marshall Island,Kawasaki MAN B&W 6S50MC-C8 diesel x 1 unit,,"55,337t",,,,,,,,,
NORDLOTUS,Tanker,"Sumitomo Heavy Industries Marine & Engineering Co., Ltd.",Sea359.pdf,1376,,LR,Mitsui MAN B&W 6S60MC-C diesel x 1 unit,,"105,000t",,,,,,,,,
GLORIOUS FUJI,Bulk carrier,"Imabari Shipbuilding Co., Ltd.",Sea359.pdf,,,NK,B&W 6S46MC-C (Mark7) diesel x 1 unit,,"23,259t",,,,,,,,,
NEW EXPEDITION,Bulk carrier,"Mitsui Engineering & Shipbuilding Co., Ltd.",Sea359.pdf,1825,,Panama,Mitsui MAN B&W 6S70MC-C diesel x 1 unit,"18,660kW x 91rpm","176,387t",,,,,,,,,
ECO SPLENDOR,General cargo ship,,Sea359.pdf,,,Hong Kong,Hitachi-MAN B&W 6S46MC-C8 diesel x 1 unit,"5,760 kW x 107.0min-¹","38,302t",,,,,,,,,
SOYO,Dry Bulk Carrier,Collie Shipholding S.A.,N/A,N/A,N/A,N/A,N/A,N/A,N/A,N/A,N/A,N/A,"50,872 GT",N/A,N/A,N/A,Sea360.pdf,
HAKUREI,Offshore Resource Research Ship,"Japan Oil, Gas and Metals National Corporation",N/A,N/A,N/A,N/A,N/A,N/A,N/A,N/A,N/A,N/A,"6,283 GT",N/A,N/A,N/A,Sea360.pdf,
AMANOKAWA,Small Passenger Ship,N/A,N/A,N/A,N/A,About 4 knots,N/A,N/A,11 GT,N/A,N/A,N/A,N/A,N/A,N/A,N/A,Sea360.pdf,
EMERALD ACE,Large Cargoship,N/A,N/A,N/A,"1,793 tons",N/A,N/A,N/A,N/A,N/A,N/A,N/A,"60,154 GT",N/A,N/A,N/A,Sea360.pdf,
KAGOSHIMA MARU,Fishing boat-work vessel,Kagoshima University,N/A,N/A,N/A,N/A,N/A,N/A,N/A,N/A,N/A,N/A,935 GT,N/A,N/A,N/A,Sea360.pdf,
SHINSHIN MARU,Small cargoship,N/A,N/A,N/A,"1,793 tons",N/A,N/A,N/A,N/A,N/A,N/A,N/A,749 GT,N/A,N/A,N/A,Sea360.pdf,
IS TRI-STAR,Bulker,N/A,N/A,N/A,N/A,N/A,N/A,N/A,179.5m,28.4m,14.25m,N/A,N/A,"33,000t",N/A,N/A,Sea360.pdf,
SEAGULL WIND,Panamax bulk carrier,Sangria Pioneer Four S.A.,1330,"April 24, 2013","95,892m³ (grain)",About 14.5kt,NK,Panama,229.00m,32.24m,20.20m,14.648m (ext.),"43,656","82,908t",MAN B&W 6S60MC-C8.2 diesel,"9,750kW",Sea360.pdf,
RAMFORM TITAN,Seismic vessel,Petroleum Geo-Services ASA (PGS),N/A,"May 10, 2013",N/A,"Transit speed: abt. 16.5kt, Towing Speed: abt. 5.0kt",DNV,Bahamas,104.21m,70.00m,8.10m,6.42m,"20,637",N/A,Wartsila Model 8L32,"3,840kW x 720min-1 (each of 6 sets)",Sea360.pdf,
KOUYOU,Bulker,Venus Ocean Navigation S.A.,1699,"June 7, 2013","73,614m³",About 14.45kt,NK,Panama,197.00m,32.26m,18.10m,12.65m,"33,126","58,595t",Kawasaki-MAN B&W 6S50MC-C7 diesel,"8,630kW",Sea360.pdf,
INDIGO HOPE,Ore carrier,Grand Crow Maritime S.A.,N/A,"May 9, 2013",N/A,About 15.0kt,NK,Panama,329.95m,57.00m,25.10m,18.00m,"132,587","251,019t",MAN B&W 7S80MC-C (Mark 7) diesel,N/A,Sea360.pdf,
TERASEA HAWK,Ocean towing salvage tug,TeraSea Pte Ltd,0075,"May 30, 2013",N/A,Max.: 16.0kt,ABS,Singapore,75.30m,18.00m,8.16m,6.60m,"3,513","3,381t",Wartsila W12V32D diesel,N/A,Sea360.pdf,
NEW DIRECTION,Bulk carrier,New Excel Maritime S.A.,1844,"June 12, 2013",N/A,About 14.5kt,NK,Panama,N/A,N/A,N/A,N/A,"31,768","56,097t",Mitsui-MAN B&W 6S50MC-C7 diesel,"9,070kW",Sea360.pdf,
APL ANTWERP,Container carrier,Southern Route Maritime S.A.,S-2387,"May 17, 2013","81,000TEUs",About 25.5kt,NK,N/A,320.37m,46.0m,24.9m,14.524m,"87,865","90,647t",Mitsui MAN B&W 11K98ME (Mark 7) diesel,N/A,Sea360.pdf,
STOVE OCEAN,Bulk carrier,Stove Rederi AS,10641,"May 21, 2013",N/A,14.50kt,NK,Panama,189.99m,32.26m,17.87m,12.568m,"31,864","55,861t",Kawasaki MAN B&W 6S50MC-C Mark7 diesel,N/A,Sea360.pdf,
ORCHID,Tanker,Nordorchid Navigation Company Limited,1377,"June 28, 2013",N/A,About 15.3kt,LR,N/A,228.60m,42.00m,21.50m,N/A,"57,000","105,000t",Mitsui MAN B&W 6S60MC-C diesel,N/A,Sea360.pdf,
LOCH MELFORT,Log bulk carrier,Sun Fortune Shipping S.A.,S-5775,"April 18, 2013",N/A,14.3kt,NK,Panama,176.83m,28.80m,14.20m,9.826m,"21,160","33,300t",6UEC45LSE-1 diesel,N/A,Sea360.pdf,
AEGEAN CLOVER,BULK CARRIER,JAPAN MARINE UNITED CORPORATION,"October 4, 2013","221,478m³",14.70kt,299.99m,50.0m,25.0m,"107,051","209,649MT",MAN B&W 7S65ME-C8.2,Sea362.pdf,,,,,,
IS NEW I-STAR,BULKER,,,"95,892m³",14.5kt,,,,,"63,000t",,Sea362.pdf,,,,,,
GRACE DAHLIA,LNG CARRIER,"KAWASAKI HEAVY INDUSTRIES, LTD.",,"177,427m³",19.5kt,300m,52.00m,28.00m,"141,671","86,512t",KAWASAKI URA-450,Sea362.pdf,NYK LINE,1665,11.65m,,,
OXALIS PEONY,CLEAN PRODUCT TANKER,NAIKAI ZOSEN CORPORATION,"September 26, 2013","9,400kl",12.5kt,116.30m,19.40m,10.10m,"5,725","8,609t",HANSHIN LH46LA,Sea362.pdf,OXALIS SHIPPING CO. PTE. LTD.,,7.00m,,,
LORD STAR,PANAMAX BULK CARRIER,SANOYAS SHIPBUILDING CORPORATION,"September 4, 2013","95,892m³",14.5kt,229.00m,32.24m,20.20m,"43,656","82,938t",MAN B&W 6S60MC-C8.2,Sea362.pdf,GREEN SPANKER SHIPPING S.A.,1325,14.648m,,,
HOKKAIDO BULKER,BULK CARRIER,,"October 2, 2013",,14.4kt,175.53m,29.40m,13.70m,"19,812","31,868t",MITSUBISHI 6UEC45LSE,Sea362.pdf,OTAMAY SHIPPING INC.,854,9.64m,,,
RTM DHAMBUL,BULK CARRIER/TANKER FOR CAUSTIC SODA,,"September 4, 2013",,14.50kt,225.00m,32.26m,18.90m,38617,"70,373t",MITSUBISHI 7UEC50LSE-Eco,Sea362.pdf,RIO TINTO SHIPPING LIMITED,10690,13.778m,,,
YM MOVEMENT,CONTAINER CARRIER,,"July 29, 2013",,25.0kt,293.18m,40.00m,24.30m,"71,821","72,370t",MITSUI MAN B&W 10K98ME,Sea362.pdf,PARAISO SHIPPING S.A.,,,,,
IKAN LUDING,BULKER,,"October 2, 2013",,14.9kt,177.85m,28.60m,15.00m,"22,852","37,070t",AKASAKA DIESELS 6UEC45LSE,Sea362.pdf,ASL NAVIGATION S.A.,678,10.87m,,,
ZOE,BULK CARRIER,,"July 25, 2013",,14.5kt,225.0m,32.2m,19.8m,"40,334","75,005t",MITSUI B&W 7S50MC-C8.1,Sea362.pdf,GLOVERTWO SHIPPING CORPORATION,S814,14.149m,,,
CRYSTAL SUNRISE,LPG carrier,"Kawasaki Heavy Industries, Ltd.",Kumiai Navigation (Pte) Ltd.,1709,"November 15, 2013","82,200m³",about 17.00kt,NK,Singapore,229.90m,37.20m,21.00m,11.20m,"46,885","54,070t",Kawasaki-MAN B&W 7S60MC-C8.2 diesel,"13,210kW x 89rpm",Sea363.pdf
NICOLE,Panamax bulk carrier,Japan Marine United Corporation,Augustea Pacific Pte. Ltd.,,"October 8, 2013",,14.5kt,NK/BV,null,229.0m,32.26m,20.0m,14.45m,"43,291","81,120t",WARTSILA 6RT-flex58TD diesel,null,Sea363.pdf
CLIPPER EXCALIBUR,"66,000DWT type bulker","Mitsui Engineering & Shipbuilding Co., Ltd. (MES)","Clio Marine Inc., Liberia",1858,"November 6, 2013","82,800m³",about 14.5kt,NK,Panama,199.99m,36.00m,18.45m,null,"38,203","66,721t",MITSUI-MAN B&W 7S50ME-B9.3 diesel,"8,470 kW",Sea363.pdf
Q SUE,bulk carrier,"Sasebo Heavy Industries Co., Ltd.",Quintana Shipping Ltd. of Greece,,,,14.0kt,ABS,Marshall Islands,229m,38.00m,19.10m,13.49m (full load),"47,003","84,943t",Mitsui B&W 6S60ME-C8.2 diesel,null,Sea363.pdf
AOGASHIMA MARU,general cargo/passenger ship,"Mitsubishi Heavy Industries, Ltd. (MHI)","Japan Railway Construction, Transport and Technology Agency and Izushoto Kaihatsu K.K.",,"December 6, 2013",38 units of containers,17.0kt,Japanese Government,Japan (Tokyo),62.00m,10.80m,6.60m,3.75m,null,null,Yanmar 6EY26W (EUP) diesel,"1,471kW x 750min-¹/unit",Sea363.pdf
PARABURDOO,"250,000DWT class ore carrier","Namura Shipbuilding Co., Ltd.",,,"July 24, 2013",,about 15.0kt,NK,Panama,329.95m,57.00m,25.10m,18.00m,"132,587","251,053t",MAN B&W 7S80MC-C (Mark7) diesel,null,Sea363.pdf
IBIS WIND,Panamax bulker,Sanoyas Shipbuilding Corporation,Sangria Pioneer Five S.A.,,"November 22, 2013","95,892m³ (grain)",about 14.5kt,NK,Panama,229.00m,32.24m,20.20m,14.648m,"43,656","82,937t",MAN B&W 6S60MC-C8.2 diesel,"9,750kW",Sea363.pdf
CORONA ROYAL,Bulk carrier,"Imabari Shipbuilding Co., Ltd.",ISC1631 Shipping S.A.,,,,about 15.00kt,NK,null,229.98m,38.00m,19.90m,null,"49,762","88,887t",Mitsui MAN B&W 2 cycle diesel,null,Sea363.pdf
EARTH OCEAN,Bulk carrier,"Oshima Shipbuilding Co., Ltd.",MI-DAS LINE S.A.,10648,,,14.5kt,NK,Panama,182.98m,32.26m,17.15m,12.12m,29182,"50,409t",Mitsui MAN B&W 6S50MC-C diesel,null,Sea363.pdf
ANSAC ENTERPRISE,Open hatch cargo ship,"Kanda Shipbuilding Co., Ltd.",SE Bulker Corporation,538,,,14.15kt,NK,Panama,181.10m,28.40m,14.25m,10.00m,"20,992","32,706t",6UEC45LSE diesel,null,Sea363.pdf
ANDES QUEEN,Bulk carrier,"Shin Kurushima Dockyard Co., Ltd.",Aries Marine S.A.,5782,,,about 14.5kt,NK,Panama,182.93m,32.26m,17.60m,12.42m,"30,220","52,330t",Mitsui MAN B&W 6S50MC-C8.1 diesel,null,Sea363.pdf
ROBIN WIND,Bulk carrier,"Shin Kurushima Toyohashi Shipbuilding Co., Ltd.",Cassiopeia Marine S.A.,5767,,,about 14.5kt,NK,Panama,224.98m,32.26m,19.85m,14.38m,"41,960","78,230t",Mitsui MAN B&W 6S60MC-C7.1 diesel,null,Sea363.pdf
UNITED WORLD,Bulk carrier,"Tsuneishi Shipbuilding Co., Ltd.",United Ocean S.A.,1533,,,14.5kt,NK,Panama,228.99m,32.26m,20.05m,14.429m,"43,005","82,026t",Mitsui MAN B&W 6S6MC-C (Mark 7) diesel,null,Sea363.pdf
NUNAVIK,High ice class bulk carrier,JMU Tsu Shipyard,Federal Hudson Ltd.,null,"January 30, 2014",null,null,DNV,null,null,null,null,null,"22,622","24,997t",MAN B&W 7S70ME-C8.2,null,Sea364.pdf
UMIAK I,Icebreaking bulk carrier,JMU Maizuru Shipyard,null,null,2006,null,null,null,null,null,null,null,null,null,null,null,null,Sea364.pdf
EUROPA BAY,Bulk carrier,"Kawasaki Heavy Industries, Ltd. Sakaide Works","""K"" Line Bulk Shipping (UK) Limited",1693,null,"73,614m³",14.5kt,NK,Panama,197.00m,32.26m,18.10m,12.65m,"33,126","58,606t",Kawasaki MAN B&W 6S50MC-C7,"8,683kW",Sea364.pdf
SISKIN ARROW,Open hatch general cargo carrier,"Mitsui Engineering & Shipbuilding Co., Ltd. Chiba Works","Misuga S.A., Panama",1839,"January 21, 2014","86,600m³",14.5kt,NK,Marshall Islands,210.00m,36.00m,20.20m,null,"46,295","72,927t",MITSUI-MAN B&W 5S60ME-C8 (Mark 8),"9,450kW",Sea364.pdf
HIGH SPEED SHIP KOSHIKISHIMA,Aluminum-monohull fast ferry,Shimonoseki Shipyard & Machinery Works of MHI,"Japan Railway Construction, Transport and Technology Agency and Satsumasendai City",null,"March 20, 2014",null,26.7kt,Japanese Government,"Japan (Satsumasendai city, Kagoshima)",45.70m,7.00m,3.15m,1.30m,null,null,MTU12V4000M70,"1,680kW",Sea364.pdf
IRON PILBARA,"250,000DWT-type ore carrier","Namura Shipbuilding Co., Ltd. Imari Shipyard & Works",EL SOL MARITIME S.A.,null,"February 4, 2014","121,605m³",15.0kt,NK,Republic of Liberia,329.95m,57.00m,25.10m,18.00m,"132,587 t","250,895 t",MAN B&W 7S80MC-C (Mark 7),null,Sea364.pdf
EAGLE SKY,Woodchip carrier,Sanoyas Mizushima Shipyard,"Ocean Woodland Shipping Co., Ltd.",1317,"January 30, 2014","121,605m³",14.6kt,NK,Panama,209.99m,37.00m,22.85m,11.929m,"49,718 t","63,328t",MAN B&W 6S50MC-C8,"9,480kW",Sea364.pdf
CORETALENT OL,Bulk carrier,"The Hakodate Dock Co., Ltd.","Coretalent Maritime S.A., Panama",862,"February 20, 2014",null,14.4kt,NK/CR,null,175.53m,29.40m,13.70m,9.640m,"19,816","31,669t",Mitsubishi 6UEC45LSE,null,Sea364.pdf
KORYU,Ore and sulphuric acid carrier,"Imabari Shipbuilding Co., Ltd.",RUPANCO INC.,null,"December 3, 2013",null,15.0kt,NK,null,189.95m,32.26m,17.90m,null,30.476,"53,762t",Hitachi-MAN B&W 6S50MC-C7.1,null,Sea364.pdf
RTM DJULPAN,Bulk carrier/Tanker for caustic soda,"Oshima Shipbuilding Co., Ltd.",Rio Tinto Shipping Limited,10691,"December 4, 2013",null,14.50kt,DNV,UK,225.00m,32.26m,18.90m,13.778m,38617,"70,373t",Mitsubishi 7UEC50LSE-Eco,null,Sea364.pdf
OCEAN LORD,Bulk carrier,"Tsuneishi Shipbuilding Co., Ltd.",United Ocean Hull No. S-1529 S.A.,1529,"February 28, 2014",null,14.5kt,NK,Panama,228.99m,32.26m,20.05m,14.429m,"43,005","82,134t",Mitsui MAN B&W 6S6MC-C (Mark 7),null,Sea364.pdf
KEN EI,Super box shaped bulker,"Onomichi Dockyard Co., Ltd.",Delica Shipping S.A.,568,"November 12, 2013",null,14.7kt,NK,Panama,177.85m,28.60m,15.00m,10.85m,"22,863","37,056t",Mitsubishi 6UEC45LSE,null,Sea364.pdf
AFRICAN TEIST,Bulk carrier,"Shin Kurushima Dockyard Co., Ltd.",Cassiopeia Marine S.A.,5765,Mar-14,null,14.3kt,NK,Panama,179.99m,28.20m,14.30m,10.10m,"21,100","32,800t",6UEC45LSE-1,null,Sea364.pdf
KYO-EI,Crude Oil Tanker,Japan Marine United Corporation,Ocean Link Maritime S.A.,"February 13, 2014","359,713m³",15.8kt,NK,335.0m,60m,29.0m,21.3m,"162,858","319,397t",MAN B&W 7G80ME-C9 x 1 unit,null,Sea365.pdf,,
RAGA,Bulk Carrier,Imabari Shipbuilding Co.,,,,null,,null,null,null,null,null,"95,000DWT",,,Sea365.pdf,,
SHOYOH,Coal Carrier,Japan Marine United Corp.,,,,null,,,,,,,"97,000 DWT",,,Sea365.pdf,,
KAIYO MARU NO. 51,Fishing Vessel,Miho Shipyard Co.,,,,null,,,,,,,,,,Sea365.pdf,,
SHINSEI MARU,Special-purpose vessel,"Mitsubishi Heavy Industries, Ltd.",,,,null,,,,,,,,,,Sea365.pdf,,
L30KG,Gas-injection diesel engine,,,,,"750rpm, rated",,,,,,,,L30KG,"2,225kW, 2,670kW, 3,115kW, 3,560kW, and 4,005kW",Sea365.pdf,,
PACIFIC POWER,Handy Cape bulker,Sanoyas Shipbuilding Corporation,Power Shipping S.A.,"March 7, 2014","136,528m³",about 14.5kt,NK,245.00m,43.00m,21.60m,15.625m,"64,347","120,397 t",MAN B&W 6S60MC-C8.2 diesel x 1 unit,"11,860kW",Sea365.pdf,1313,Republic of Panama
CLIPPER EXCELSIOR,Type bulker,"Mitsui Engineering & Shipbuilding Co., Ltd. (MES)","Clio Marine Inc., Liberia","March 25, 2014",,abt.14.5kt,NK,199.99m,36.00m,18.45m,null,"38,203","66,684t",MITSUI-MAN B&W 7S50ME-B9.3 diesel x 1 unit,"8,470kW",Sea365.pdf,1859,
ANDALUCIAN ZEPHYR,Bulk Carrier,"Namura Shipbuilding Co., Ltd.",Three Kings Shipping Corp. Inc.,"March 12, 2014",,about 14.7kt,NK,174.54m,30.00m,14.05m,9.80m,"21,514","34,436t",Mitsubishi 6UEC45LSE-B2 diesel x 1 unit,"6,840kW",Sea365.pdf,,Republic of Panama
EPIC ST. CROIX,LPG carrier (pressurized type),"Sasaki Shipbuilding Co., Ltd.",Epic Gas Ltd. of Singapore,"April 24, 2014","5,015m³",,BV,99.98m,17.20m,7.80m,6.10m,"4,292","4,996t",MAN 5L35MC diesel x 1 unit,"2,750kW",Sea365.pdf,685,
PLUTO,Bulk carrier,"The Hakodate Dock Co., Ltd.",Lamda Shipholding Ltd.,,,14.4kt,NK,175.53m,29.40m,13.70m,9.640m,"19,785","32,092t",Mitsubishi 6UEC45LSE diesel x 1 unit,null,Sea365.pdf,840,
NSU OBELISK,Bulk carrier,"Imabari Shipbuilding Co., Ltd.",Marea Buena S.A.,,,about 15.30kt,NK,299.94m,50.00m,24.70m,null,"107,222","207,819t",Mitsui-MAN B&W 6S70ME-C8.2 diesel x 1 unit,null,Sea365.pdf,,
THREE SASKIAS,Bulk carrier,Japan Marine United Corporation,"Leo Ocean, S.A.",,,14.5kt,NK,229.0m,32.26m,20.00m,null,"43,291","81,094t",MAN B&W 6S60ME-C8.2 diesel x 1 unit,null,Sea365.pdf,192,Panama
FEDERAL TYNE,Bulk carrier,"Oshima Shipbuilding Co., Ltd.",Baffin Investments Limited,,,14.30kt,DNV,189.99m,32.26m,17.87m,12.578m,"31,590","55,317t",Diesel United-WARTSILA 6RT-flex50-D diesel x 1 unit,null,Sea365.pdf,10698,Marshall Islands (Majuro)
RISING WIND,Bulk carrier,"Tsuneishi Shipbuilding Co., Ltd.",Bond Line S.A.,,,14.5kt,NK,228.99m,32.26m,20.05m,14.40m,"43,013","82,151t",MITSUI MAN B&W 6S60MC-C (Mark 7) diesel x 1 unit,null,Sea365.pdf,1511,Panama
MEDI HAKΑΤΑ,Bulk carrier,"Shin Kurushima Toyohashi Shipbuilding Co., Ltd.",,,,14.45kt,NK,189.93m,32.26m,18.40m,12.95m,"32,700","58,000t",B&W 6S50ME-B9.3 diesel x 1 unit,null,Sea365.pdf,S-3673,Panama
TACHIBANA-MARU,Cargo-passenger ship,Shimonoseki Shipyard & Machinery Works of MHI,"Japan Railway Construction, Transport and Technology Agency and Tokai Kisen Co., Ltd.",null,"June 4, 2014","1,000 (Coasting service) Passengers, 34 containers Cargo loading",19.0kt,Japanese Government,Japan (Tokyo),118.0m,17.00m,8.95m,5.40m,"5,681",null,Mitsubishi 6UEC35LSE-Eco-B2,"4,350kW",Sea366.pdf
FALMOUTH BAY,Bulk carrier,"Kawasaki Heavy Industries, Ltd. at Sakaide Works","""K"" Line Bulk Shipping (UK) Limited",1694,"April 23, 2014","73,614m³",14.45kt,NK,null,197.00m,32.26m,18.10m,12.65m,"33,126","58,616t",Kawasaki-MAN B&W 6S50MC-C7,"8,630kW",Sea366.pdf
CRYSTAL STAR,Panamax bulk carrier,Sanoyas Shipbuilding Corporation at Mizushima Shipyard,"Southern Route Maritime, S.A.",1326,"June 10, 2014","96,597m³ (grain)",14.5kt,NK,Panama,229.00m,32.24m,20.20m,14.668m,"43,432","82,172t",MAN B&W 6S60ME-C8.2,"8,740kW",Sea366.pdf
PACIFIC LEADER,Platform Supply Vessel (PSV),Maizuru Shipyard,Swire Pacific Offshore Operation (Pte) Ltd,null,"April 25, 2014",null,14kt,DNV-GL,null,97.29m,20.00m,9.00m,null,"5,179","5,258t",MAN 6L27/38,"1,980kW",Sea366.pdf
ARIES LEADER,Pure car carrier (PCC),"Shin Kurushima Dockyard Co., Ltd. at Onishi Shipyard",Nippon Yusen Kaisha (NYK),5795,"May 27, 2014","7,000 cars",null,null,null,199.98m,35.80 m,37.70m,null,"69,931","18,808t",null,null,Sea366.pdf
AKATSUKI MARU,Passenger/car ferry,Naikai Zosen Corp. at Setoda Works,"Japan Railway Construction, Transport and Technology Agency (JRTT) and Uwajima Unyu Co., Ltd.",null,"May 29, 2014","35 trucks, 25 passenger cars, 586 passengers",20.2kt,"Japanese Government, Class II (limited to coastal area)","City of Yahatahama, Ehime Prefecture",116.50m,16.00m,10.60m,4.45m,"2,538","1,130t",Daihatsu 6DKM-36e,"3,310kW",Sea366.pdf
TESS64 AEROLINE,Bulk carrier,"Tsuneishi Shipbuilding Co., Ltd.",null,null,null,"79,000m³",null,null,null,Less than 200 meters,32.26 meters,18.60 meters,13.30 meters,null,"63,700t",MAN B&W 6S50ME-B9.3,null,Sea366.pdf
YM MODERATION,Container carrier,"Imabari Shipbuilding Co., Ltd.","Los Halillos Shipping Co., S.A.",null,"March 31, 2014",null,25.0kt,NK,null,293.18m,40.00m,24.30m,null,"71,821","72,370t",Mitsui MAN B&W 10K98ME-C (Mark7),null,Sea366.pdf
AFRICAN LARK,Bulk carrier,"Namura Shipbuilding Co., Ltd.",African Lark Shipping Co. Ltd.,369,"May 1, 2014",null,14.70kt,NK,null,179.96m,30.00m,14.05m,9.80m,"21,532","34,402t",Mitsubishi 6UEC45LSE-B2,null,Sea366.pdf
TTM SUCCESS,Bulk carrier,"Oshima Shipbuilding Co., Ltd.",New Success Maritime S.A.,10647,"March 14, 2014",null,14.50kt,NK,Panama,182.98m,32.26m,17.15m,12.151m,"29,207","50,428t",Mitsui MAN B&W 6S50MC-C (Mk7),null,Sea366.pdf
GAMSUNORO,Tanker,"Sumitomo Heavy Industries Marine & Engineering Co., Ltd.",PT PERTAMINA (PERSERO),1378,"June 24, 2014",null,15.0kt,LR,null,null,42.00m,21.45m,null,"57,100","105,600t",Mitsui MAN B&W 6S60MC-C,null,Sea366.pdf
MARTIN ISLAND,Open hatch cargo ship,"Kanda Shipbuilding Co., Ltd.",Martin Island Shipping S.A.,537,"March 28, 2014",null,14.15kt,NK,Panama,179.8m,28.40m,14.25m,10.00m,"20,981","32,723t",6UEC45LSE,null,Sea366.pdf
SASEBO ECO,Bulk carrier,"Sasebo Heavy Industries Co., Ltd.",Ionion Shipholding Company Limited,S815,"June 11, 2014",null,14.4kt,NK,Marshall Islands (Majuro),225.00m,32.20m,20.00m,14.429m,"41,773","77,888t",MAN B&W 6S60ME-C8.2,null,Sea366.pdf
PACIFIC SPIKE,Rail carrier,"Shin Kurushima Dockyard Co., Ltd. (Onishi Shipyard)",Sky Tree Shipping S.A.,S-5797,"August 28, 2014",155m-long cargo hold,14.0kt,NK,null,189.91m,28.20m,14.00m,8.00m,"20,500","24,000t",B&W 6S42MC7.1 diesel x 1 unit,null,Sea367.pdf
Imabari,Bulker,"Imabari Shipbuilding Co., Ltd. (Saijo Shipyard)","Mitsui O.S.K. Lines, Ltd.",null,"August 2, 2014",null,null,null,null,299.94m,50.00m,24.70m,null,null,"206,600 tons",null,null,Sea367.pdf
PELOREUS,Dunkirkmax bulk carrier,Japan Marine United Corporation (JMU) Ariake shipyard,Cape Horizon Shipping LLC,null,"July 22, 2014",null,15.05kt,NK,null,292.0m,45m,24.55m,18.18m,"93,297","182,496t",MAN B&W 7S65ME-C diesel x 1 unit,null,Sea367.pdf
NORD TREASURE,"Eco-Ship ""neo56BC""","Mitsui Engineering & Shipbuilding Co., Ltd. (Chiba Works)","Clio Marine Inc., Liberia",1828,"July 31, 2014",null,about 14.4kt,NK,Panama,189.99m,32.25m,18.10m,null,"31,882","55,888t",MITSUI-MAN B&W diesel 6S50ME-B9.3 x1 unit,"7,390kW",Sea367.pdf
AFRICAN RAVEN,General cargo ship,Naikai Zosen Corporation (Innoshima Works),null,null,"July 17, 2014","47,125.3m³",About 14.1kt,NK,Panama,183.00m,30.60m,14.50m,10.00m,"23,753","37,700t",HITACHI-MAN B&W 6S46MC-C8.3 diesel x 1 unit,"6,695kW x 113.0min-1 / 5,690kW x 107.0min-1",Sea367.pdf
GALAXY RIVER,LPG carrier,"Kawasaki Heavy Industries, Ltd.",Galaxy River Shipping S.A.,1710,"June 27, 2014","82,391m³",null,NK,Panama,230.00m,37.20m,21.00m,11.20m,"46,885","54,081t",Kawasaki-MAN B&W 7S60ME-C8.2 diesel x 1 unit,null,Sea367.pdf
ANCASH QUEEN,Bulk carrier,"Imabari Shipbuilding Co., Ltd.",Ultramarine Ocean S.A.,null,"June 17, 2014",null,about 14.5kt,NK,null,182.98m,32.26m,17.45m,null,"30,700","50,800t",Mitsui-MAN B&W 6S50ME-C8.2 diesel x 1 unit,null,Sea367.pdf
NSU PRIDE,Ore carrier (WOZMAX),"Namura Shipbuilding Co., Ltd.",Hosei Shipping S.A.,345,"June 30, 2014",null,about 15.0kt,NK,null,329.95m,57.00m,25.10m,18.00m,"132,868","250,821t",MAN B&W 7S80MC-C (Mark 7) diesel x 1 unit,null,Sea367.pdf
ULTRA VILLARRICA,Bulk carrier,"Oshima Shipbuilding Co., Ltd.",Ultrabulk Shipholding (Singapore) Pte. Ltd.,10741,"June 5, 2014",null,14.00kt,NK,Singapore,179.99m,30.00m,14.63m,10.329m,22469,"37,429t",Kawasaki MAN B&W 5S50ME-C8.2 diesel x 1 unit,null,Sea367.pdf
IKAN LEBAN,Super box shaped bulker,"Onomichi Dockyard Co., Ltd.",ASL Shipping S.A.,668,"June 6, 2014",null,14.7kt,ABS,Majuro,177.85m,28.60m,15.00m,10.85m,"22,852","37,059t",Mitsubishi 6UEC45LSE diesel x 1 unit,null,Sea367.pdf
ENERGY SUNRISE,Bulk carrier,"Tsuneishi Shipbuilding Co., Ltd.",null,1497,"June 26, 2014",null,14.50kt,NK,Panama,229m,32.26m,20.00m,14.40m,"43,024","81,793t",MAN-B&W 6S60MC-C7 diesel x 1 unit,null,Sea367.pdf
RYUTO MARU,Tugboat/disaster prevention ship,"Niigata Shipbuilding & Repair, Inc.","Nihonkai Eisen Co., Ltd.",null,"July 4, 2014",null,14.44kt,null,null,34.55m,9.70m,null,null,196,null,Niigata Z-Pellers,"4,000ps (2,000ps x 2 units)",Sea367.pdf
ENEOS SPIRIT,Crude Oil Tanker,"LIBERIAN JERBOA TRANSPORTS, INC.",ENEOS SPIRIT,"August 29, 2014",15.5kt,NK,339.5m,60.0m,28.5m,21.091m,"159,414","312,247 t",WARTSILA W7X82,null,Sea368.pdf,,,
AFRICAN BUZZARD,bulk carrier,"LEPTA SHIPPING CO., LTD., Liberia",MES Hull No. 1883,"September 12, 2014",about 14.5kt,NK,,,,,,"66,652t",MITSUI-MAN B&W 7S50ME-B9.3 diesel,"8,470kW",Sea368.pdf,"more than 82,800 cubic meters",Panama,
SEISHU MARU,LNG carrier,Trans Pacific Shipping 1 Ltd.,HN: 2297,"September 30, 2014",19.45kt,LR,288.0m,48.94m,26.0m,11.55m,"136,740",,Ultra Steam Turbine,"25,000kW x 78.2rpm",Sea368.pdf,"155,696m³",,
TAIYO,bulk carrier,Erica Navigation S.A.,,"September 5, 2014",about 14.3kt,NK,234.88m,38.00m,20.00m,14.20m,"50,927","92,389t",MAN B&W 6S60MC-C (Mark 7) diesel,"11,040kW x 97.7rpm",Sea368.pdf,,Republic of Liberia,
MARTHA,KAMSARMAX bulk carrier,null,null,"September 19, 2014",14.5kt,NK,about 229m,32.26m,20.00m,,"42,995","81,879t",MAN-B&W 6S60ME-C8.2 diesel,null,Sea368.pdf,,Panama,
SPAS TIGA,white product tanker,P.T. SCORPA PRANEDYA,,"September 30, 2014",About 13.0kt,NK,160.00m,27.90m,11.20m,7.13m,"13,221","19,000t",Hitachi-MAN B&W 7S35MC7.1 diesel,"4,900kW x 170min¯¹",Sea368.pdf,"23,900m³",Panama,
CAPE HOPE,Bulk carrier,La Darien Navegacion S.A.,,"September 9, 2014",about 14.6kt,NK,299.94m,50m,24.7m,,"107,229","206,600t",Hitachi-MAN B&W 6S70ME-C8.2 diesel,null,Sea368.pdf,,,
AMSTEL EAGLE,Bulk carrier,Triton Navigation B.V.,10579,"July 16, 2014",14.30kt,NK,189.99m,32.26m,17.87m,12.569m,"31,543","56,108t",Kawasaki MAN B&W 6S50ME-C8.2 diesel,null,Sea368.pdf,,Panama,
ESTRELLA,Tanker,Lundquist Shipping Company Limited,1379,"October 31, 2014",About 15.0kt,LR,224.64m,42.00m,21.45m,,"57,312","106,200t",Mitsui MAN B&W 6S60ME-C8 diesel,null,Sea368.pdf,,,
SAGITTARIUS OCEAN,Super box-shaped bulk carrier,Diamond Star Shipping Pte. Ltd.,595,"August 7, 2014",15.7kt,NK,177.85m,28.60m,15.00m,10.85m,"22,963","37,052t",Mitsubishi 6UE-C45LSE diesel,null,Sea368.pdf,,Singapore,
TASCO NIRAND,Asphalt carrier,"Alpha Maritime Co., Ltd.",,"August 6, 2014",13.50kt,NK,104.22m,17.00m,8.80m,5.773m,"4,225","4,485t",Makita B&W 4L35MC6.1 diesel,"2,450kW",Sea368.pdf,,"Bangkok, Thai",
IS BARI-STAR,bulk carrier,null,,null,null,null,,,,,,"38,000DWT",,,Sea368.pdf,,,
LNG VENUS,LNG carrier,"Mitsubishi Heavy Industries, Ltd. (MHI)","Osaka Gas International Transport Inc. and Mitsui O.S.K. Lines, Ltd.",2295,"November 13, 2014","155,691m³",19.5kt,NK,null,288.0m,48.94m,26.0m,11.55m,"136,710",null,MR36-II (Ultra Steam Turbine),"26,000kW x 74.0rpm",Sea369.pdf
NORD DRACO,bulk carrier,"Imabari Shipbuilding Co., Ltd.",E.K. Line S.A.,null,"December 2, 2014",null,null,null,null,228.9m,35.0m,19.9m,null,null,"84,000M.T.",null,null,Sea369.pdf
IVS NARUO,ultramax bulk carrier,Japan Marine United Corporation (JMU),SUN HARBOR S.A.,null,"December 1, 2014",null,14.0kt,NK,null,198.0m,32.26m,18.6m,12.9m,"34,349","60,317t",WARTSILA 6RT-flex50-D,null,Sea369.pdf
HARVEST FROST,bulk carrier,"Oshima Shipbuilding Co., Ltd.",HFR Shipping Company Ltd.,10719,"October 29, 2014",null,14.50kt,NK,Marshall Island,237.00m,40.00m,19.80m,13.729m,"54,486","95,263Μ.Τ.",Mitsubishi 6UEC60LSE-Eco-A2 diesel,null,Sea369.pdf
BULK AQUILA,"66,000DWT type bulker","Mitsui Engineering & Shipbuilding Co., Ltd. (MES)","Venus Ocean Navigation S.A., Panama",1889,"November 13, 2014","82,800 cubic meters",abt.14.5kt,NK,Panama,199.99m,36.00m,18.45m,null,"38,227","66,613t",Mitsui-MAN B&W 7S50ME-B9.3 diesel,"8,470kW",Sea369.pdf
UNITED PRESTIGE,KAMSARMAX bulk carrier,"Tsuneishi Shipbuilding Co., Ltd.",United Ocean Group,null,"November 14, 2014",null,14.5kt,NK,Panama,about 229m,32.26m,20.00m,null,"43,089","81,918t",MAN-B&W 6S60MC-C (Mark 7) diesel,null,Sea369.pdf
SANTA REGINA,Panamax bulker,Sanoyas Shipbuilding Corporation,"Compania Flor De Vapores, S.A.",1329,"October 23, 2014","96,597m³ (grain)",14.5kt,ABS,Panama,229.00m,32.24m,20.20m,14.668m,"43,314","82,063t",MAN B&W 6S60ME-C8.2 diesel,"8,740kW",Sea369.pdf
FERRY AZALEA,cargo/passenger/car ferry,Naikai Zosen Corporation,"Japan Railway Construction, Transport and Technology Agency (JRTT) and Shinshinkisen Co., Ltd.",null,"December 5, 2014",null,about 15.20kt,JG (Limited to coastal areas),null,63.60m,12.60m,6.90m,3.10m,485,282t,Niigata 6MG28AHX diesel,"2,060kW x 750/257min-1",Sea369.pdf
NORD HYDRA,Bulk carrier,"Imabari Shipbuilding Co., Ltd.","Lepta Shipping Co., Ltd.",null,"October 29, 2014",null,about 14.5kt,NK,null,224.98m,32.24m,19.9m,null,"40,937","76,450t",Mitsui-MAN B&W 2 cycle diesel engine 6S60ME-C7.1,null,Sea369.pdf
KYPROS UNITY,Bulk carrier,"Sasebo Heavy Industries Co., Ltd.",Gloverthree Shipping Corporation,821,"September 26, 2014",null,14.4kt,BV,Republic of Cyprus,225m,32.20m,20.00m,14.429m,"41,759","78,056t",MAN B&W 6S60ME-C8.2 diesel,null,Sea369.pdf
ANGELIC ZEPHYR,Log & cargo ship,"Kanda Shipbuilding Co., Ltd.",Kana Maritime S.A.,544,"September 30, 2014",null,14.30kt,NK,Panama,179.90m,30.00m,15.00m,10.527m,"23,224","37,780t",6UEC45LSE-B2 diesel,null,Sea369.pdf
GLOBAL EFFORT,Super box-shaped bulker,"Onomichi Dockyard Co., Ltd.",Oriente Maritime S.A.,594,"October 29, 2014",null,15.2kt,NK,Panama,177.80m,28.60m,15.00m,10.85m,"22,861","37,072t",Mitsubishi 6UEC45LSE-Eco-B2 diesel,null,Sea369.pdf
GYOKO MARU,Cement carrier,"Shin Kurushima Dockyard Co., Ltd.","Japan Railway Construction, Transport and Technology Agency, Tofuku Kisen Kaisha, Ltd., and Taiheiyo Enkai Kisen Kaisha, Ltd.",S-5845,"October 28, 2014",null,12.50kt,NK,null,114.53m,19.00m,9.50m,7.313m,"5,882","8,883t",Hanshin Kawasaki-MAN B&W 5L35MC6 diesel,"3,250kW",Sea369.pdf
ECO INVICTUS,LPG carrier,"Sasaki Shipbuilding Co., Ltd.",Kaizen Industries Ltd.,S686,"September 22, 2014",null,about 13.4kt,BV,Marshall Islands,99.98m,17.20m,7.80m,6.10m,"4,294","4,923t",Kawasaki-MAN B&W 5L35MC6 diesel,null,Sea369.pdf
IRON SOUTHERN CROSS,VLOC,"Namura Shipbuilding Co., Ltd.",null,"January 9, 2015","250,000 metric tons",null,NK,Republic of Liberia,329.95m,57.00m,25.10m,18.00m,"132,587","250,993t",MAN B&W 7S80MC-C (Mark 7),null,Sea370.pdf,
MACHERAS,G-Series Panamax bulk carrier,Japan Marine United Corporation,null,"January 15, 2015",null,14.5kt,LRS,null,229.0m,32.26m,20.0m,14.45m,"43,229","81,000t",MAN B&W 6S60ME-C,null,Sea370.pdf,
HIDAKA,"11,000GT-class roll-on/off cargo ship","Mitsubishi Heavy Industries, Ltd. and Kanda Shipbuilding Co., Ltd.",null,"January 28, 2015",161 13m-long chassis and 109 passenger cars,23.0kt,"JG, restricted greater coasting service",Japan,null,27.00m,23.27m,6.80m,"11,185","6,300t",MAN B&M 9S50ME-C8.2,"14,940kW",Sea370.pdf,
IZUMI,"35,000GT-class domestic RoPax ferry","Mitsubishi Heavy Industries, Ltd.",null,"January 15, 2015",277 trucks and 188 cars,23.5kt,JG,Japan,195.0m,29.60m,20.60m,6.70m,"15,897",null,Wartsila 12V38C diesel x 2 units,"8,700kW/unit",Sea370.pdf,
AFRICAN ROOK,"37,700DWT general cargo ship",Naikai Zosen Corporation,null,"February 16, 2015","47,125.3m³ (grain)",14.1kt,ABS,Panama,183.00m,30.60m,14.50m,10.00m,"23,750","37,700t",Hitachi-MAN B&W 6S46ME-B8.3 diesel x 1 unit,"5,690kW",Sea370.pdf,
CIELO D' ITALIA,Handy Cape bulk carrier,Sanoyas Shipbuilding Corporation,1315,"February 3, 2015","135,644m³",14.5kt,ABS,Republic of Panama,245.00m,43.00m,21.60m,15.626m,"63,087","117,438t",MAN B&W 6G60ME-C9.2 diesel x 1 unit,"11,010kw",Sea370.pdf,
SBI SAMBA,Bulk carrier,"Imabari Shipbuilding Co., Ltd.",null,"January 23, 2015",null,14.5kt,NK,null,228.95m,35.00m,19.90m,null,"45,200","84,867t","Mitsui-MAN B&W 6S60ME-C7.1, 2-cycle diesel x 1 unit",null,Sea370.pdf,
GOLDEN KATHRINE,Bulk carrier,Japan Marine United Corporation,5004,"January 16, 2015",null,15.05kt,ABS,Hong Kong,292.0m,45.00m,24.55m,null,"93,200","182,000t",MAN B&W 7S65ME-C diesel x 1 unit,null,Sea370.pdf,
CEMTEX HUNTER,Bulk carrier,"Oshima Shipbuilding Co., Ltd.",10753,"October 31, 2014",null,14.00kt,CR/NK,Republic of China,228.41m,36.50m,19.89m,12.028m,"46,935","85,066t",Mitsui-MAN B&W 6S60ME-C8.2 diesel x 1 unit,null,Sea370.pdf,
ALFA BALTICA,Tanker,"Sumitomo Heavy Industries Marine & Engineering Co., Ltd.",1380,"February 27, 2015",null,15.0kt,LR,null,null,42.00m,21.45m,null,"57,312","106,200t",Mitsui MAN B&W 6S60ME-C8 diesel x 1 unit,null,Sea370.pdf,
MTM PENANG,Chemical tanker,"Shin Kurushima Dockyard Co., Ltd.",5822,"February 20, 2015",null,14.0kt,NK,Singapore,143.02m,24.6m,13.2m,10.1m,"13,122","22,413t",Kobe diesel 6UEC45LSE-1 diesel x 1 unit,null,Sea370.pdf,
BASIC CHALLENGER,Super box shaped bulker,"Saiki Heavy Industries Co., Ltd., Onomichi Dockyard Co., Ltd.",664,"December 17, 2014",null,14.7kt,NK,Panama,177.80m,28.60m,15.00m,10.85m,"22,866","36,936t",Mitsubishi 6UEC45LSE (Derating type) diesel x 1 unit,null,Sea370.pdf,
BULK CASTOR,"66,000DWT type bulk carrier","Mitsui Engineering & Shipbuilding Co., Ltd. (MES)",1891,"January 15, 2015","82,800 cubic meters",14.5kt,NK,Republic of Panama,199.99m,36.00m,18.45m,null,"38,227","66,624t",MITSUI-MAN B&W 7S50ME-B9.3 diesel x 1 unit,"8,470kW",Sea370.pdf,
MILLAU BRIDGE,containership,"Imabari Shipbuilding Co., Ltd.",K Line,null,"March 31, 2015","14,000TEU",22 knots,null,null,null,null,null,null,null,null,null,null,Sea371.pdf
FPMC B MAJESTY,bulk carrier,Japan Marine United Corporation (JMU),null,null,"March 24, 2015",null,14.70kt,ABS/CR,null,299.99m,50.0m,25.0m,null,"107,026","209,956t",MAN B&W 7S65ME-C8.2,null,Sea371.pdf
Sayaringo STaGE,LNG carrier,"Mitsubishi Heavy Industries, Ltd. (MHI)",null,null,null,"180,000 cubic meters",null,null,null,297.5m,48.94m,27.0m,11.5m,null,null,null,null,Sea371.pdf
AFRICAN BATELEUR,bulker,"Mitsui Engineering & Shipbuilding Co., Ltd. (MES)","Lepta Shipping Co., Ltd.",1879,"March 13, 2015",null,about 14.5kt,NK,Panama,199.99m,36.00m,18.45m,null,"38,203","66,643t",MITSUI-MAN B&W 7S50ME-B9.3,"8,470kW",Sea371.pdf
SHIN YAHAGI MARU,bulker,"Namura Shipbuilding Co., Ltd.",Erica Navigation S.A.,null,"January 22, 2015",null,About 14.0kt,NK,Republic of Liberia,249.97m,43.00m,18.70m,12.60m,"59,842","99,323t",MAN B&W 6S60ME-C8.2,"10,450kW",Sea371.pdf
EPIC SICILY,LPG carrier,"Sasaki Shipbuilding Co., Ltd.",Southern Pacific Holding Corporation,687,"February 20, 2015","11,026m³",15.43kt,BV,Panama,119.92m,20.60m,9.60m,6.80m,"7,951","8,130t",Hitachi MAN B&W 6S35ME-B9.3C,"4,170kW",Sea371.pdf
OS-MAX60 TIRRENO,Handymax bulker,"Oshima Shipbuilding Co., Ltd.",Dacc Maritime Limited,null,"March 26, 2015",null,null,"ABS Environmental Protection Notation, ENVIRO",null,null,null,null,12.82m,null,"60,550t",null,null,Sea371.pdf
LAKE GENEVA,Pure car carrier,"Imabari Shipbuilding Co., Ltd.",Pental Maritime Inc.,null,"January 27, 2015",null,19.85kt,NK,null,199.9m,32.26m,21.31m,null,"59,516","13,753t",7UEC60LSE-Eco-A2,null,Sea371.pdf
PACIFIC GOLDFINCH,Platform supply vessel,Japan Marine United Corporation,Swire Pacific Offshore Operations (Pte.) Ltd.,0083,"March 11, 2015",null,12.00kt,DNV-GL,Singapore,84.65m,18.00m,7.60m,null,"3,585","4,054t",Yanmar 6EY26LW,null,Sea371.pdf
DESERT OSPREY,Bulk carrier,"Mitsui Engineering & Shipbuilding Co., Ltd.",Lazio Shipping and Investment Limited,1862,"March 31, 2015",null,about 14.4kt,ABS,Marshall Islands,189.99m,32.25m,18.10m,null,"31,848","55,837t",Mitsui-MAN B&W 6S50ME-B9.3,null,Sea371.pdf
CEPHEUS OCEAN,null,Sanoyas Shipbuilding Corporation,Diamond Star Shipping Pte. Ltd.,1332,"January 15, 2015","96,597m³",About 14.5kt,ABS,Singapore,229.00m,32.24m,20.20m,14.668m,"43,318","82,072t",MAN B&W 6S60ME-C8.2,"8,740kW",Sea371.pdf
YARRA,Bulk carrier,"Sasebo Heavy Industries Co., Ltd.","Lucretia Shipping, S.A.",825,"May 13, 2015",null,14.4kt,KR,Republic of Liberia,225m,32.20m,20.00m,14.429m,"41,650","78,184t",MAN B&W 6S60ME-C8.2,null,Sea371.pdf
KEY OPUS,"81,600MT type bulk carrier","Tsuneishi Shipbuilding Co., Ltd.",null,1507,"March 17, 2015",null,14.5kt,NK,Panama,229m,32.26m,20.00m,14.429m,"42,999","81,600t",MAN B&W 6S60ME-C8.1,null,Sea371.pdf
DEEP BLUE,Dunkirkmax bulk carrier,JMU,L.A. CAPE SHIPPING LLC,G182BC,"May 27, 2015",15.05kt,NK,292.00m,45.00m,24.55m,18.18m,"93,297","182,608t",MAN B&W 7S65ME-C8.2 diesel x 1 unit,null,Sea372.pdf,,
Sayaendo,LNG carrier,"Mitsubishi Heavy Industries, Ltd.",,,2014,null,null,null,null,null,null,null,null,null,null,Sea372.pdf,,
TACHIBANA MARU,large passenger ship,"Mitsubishi Heavy Industries, Ltd.",,,2014,null,null,null,null,null,null,null,null,null,null,Sea372.pdf,,
TAIKO,small passenger ship,null,,,2014,null,null,null,null,null,null,null,null,null,null,Sea372.pdf,,
PACIFIC SPIKE,large cargo ship,"Shin Kurushima Dockyard Co., Ltd.",,,2014,null,null,null,null,null,null,null,null,null,null,Sea372.pdf,,
FUTABA,containership,null,,,2014,null,null,null,null,null,null,null,null,null,null,Sea372.pdf,,
OSHORO MARU,training vessel,null,,,2014,null,null,null,null,null,null,null,null,null,null,Sea372.pdf,,
YOCHOW,HIGH BULK 34E type bulk carrier,"Namura Shipbuilding Co., Ltd.",Grand Famous Shipping Limited,,"April 28, 2015",about 14.0kt,NK,179.96m,30.00m,14.05m,9.80m,"21,538","34,398t",MAN B&W 6S46ME-B8.3 diesel x 1 unit,null,Sea372.pdf,null,
NAVIOS SKY,Panamax bulk carrier,Sanoyas Shipbuilding Corporation,,1336,"April 21, 2015",about 14.5kt,NK,229.00m,32.24m,20.20m,14.668m,"43,439","82,056t",MAN B&W 6S60ME-C8.2 diesel x 1 unit,"8,740kW",Sea372.pdf,"96,597m³ (grain)",Republic of Panama
First UEC50LSH-Eco engine powered tanker,chemical tanker,,,,Sep-15,null,null,null,null,null,null,null,null,Mitsubishi UEC50LSH-Eco diesel engine,"10,680kW",Sea372.pdf,,
GLOBAL DISCOVERY,general cargo ship,Naikai Zosen Corporation,,,"April 30, 2015",About 14.1kt,NK,183.00m,30.60m,14.50m,10.00m,"23,749","37,810t",Hitachi-MAN B&W 6S46ME-B8.3 diesel x 1 unit,"5,690kW",Sea372.pdf,"47,125.3m³ (Grain)",Vanuatu
HARVEST FROST,"96,000DWT bulk carrier","Oshima Shipbuilding Co., Ltd.",,,2015,null,null,null,null,null,null,null,null,null,null,Sea372.pdf,,
CAPE HARVEST,Bulk carrier,,Catalina Shipping S.A.,,,14.6kt,NK,299.9m,50.0m,24.7m,null,"107,229","206,600t",6S70ME-C8.2 diesel x 1 unit,null,Sea372.pdf,,null
AFRICAN BLACKBIRD,Bulk carrier (neo 66BC),,"Lepta Shipping Co., Ltd.",1880,,about 14.5kt,NK,199.99m,36.00m,18.45m,null,"38,203","66,637t",Mitsui-MAN B&W 7S50ME-B9.3 diesel x 1 unit,null,Sea372.pdf,,Panama
NORD BELUGA,Bulk carrier (ICE-1C),,"NORD SUMMIT PTE, LTD.",10743,,14.30kt,DNV GL,228.99m,32.26m,20.01m,12.23m,"43,729","81,841t",Kawasaki-MAN B&W 6S60ME-C8.2 diesel x 1 unit,null,Sea372.pdf,,Singapore
ENDURANCE SW,Bulk carrier,,Endurance Pescadores S.A.,,,15.6kt,NK/CR,199.90m,32.26m,18.60m,13.00m,"34,812","60,225t",Mitsui-MAN B&W 6S50ME-B9.3 diesel x 1 unit,null,Sea372.pdf,,Panama
TAURUS LEADER,Pure car carrier,,SSC Taurus 2015 (7000) Pte. Ltd.,5820,,20.0kt,DNV GL,199.9m,35.8m,37.7m,9.027m,"69,931","19,278t",Mitsui-MAN B&W 7S60ME-C8.2 diesel x 1 unit,null,Sea372.pdf,,Singapore
UNITED LIBERTY,Bulk carrier,,United Ocean Hull No.1535 S.A.,1535,,14.5kt,NK,229m,32.26m,20.00m,14.29m,"43,089","81,837t",MAN-B&W 6S60MC-C (MARK 7) diesel x 1 unit,null,Sea372.pdf,,Panama
ALAM MULIA,Bulk Carrier,"Iwagi Zosen Co., Ltd. of the Imabari Shipbuilding Group",100th IS-I-STAR,"October 1, 2015",199.98m,32.24m,18.60m,"34,795","61,254t",6S50ME-B9.3,Sea374.pdf,,,,,,,
ELSA S,G-Series Panamax Bulk Carrier,Japan Marine United Corporation,,"August 27, 2015",229.0m,32.26m,20.0m,"43,291","80,800t",MAN B&W 6S60ME-C diesel x 1 unit,Sea374.pdf,14.5kt,NK,14.45m,,,,
TENRYU MARU,Bulker,"Oshima Shipbuilding Co., Ltd.",,"September 25, 2015",249.98m,43.00m,18.50m,"56,893","100,172t",Mitsubishi 7UEC60LSE-ECO-A2 diesel x 1 unit,Sea374.pdf,14.0kt,NK,12.833m,,,,
HARU MARU NO. 3,Roll-on/off cargo ship,Naikai Zosen Corporation,,"October 28, 2015",153.92m,25.00m,17.50/12.35m,"8,558","4,990t",Hitachi MAN B&W 7S50ME-B8.3 diesel x 1 unit,Sea374.pdf,21.0kt,NK (Limited coasting area),6.50m,,,,
MANHATTAN BRIDGE,Container carrier,,,,365.9m,51.2m,29.9m,"152,297","147,420t",11S90ME-C9.2,Sea374.pdf,21.85kt,NK,,East River Shipping GK,Panama,,
PACIFIC GRACKLE,Platform supply vessel,,,,84.65m,18.00m,7.60m,"3,585","4,089t","Yanmar 6EY26LW x 2 units, YANMAR 6EY18(A)LW x 2 units (Diesel Electric)",Sea374.pdf,12.00kt,DNV-GL,,Swire Pacific Offshore Operations (Pte) Ltd,Singapore,,
XING NING HAI,Bulk carrier,,,,179.96m,30.00m,14.05m,"21,532","34,443t",MAN B&W 6S46ME-B8.3 diesel x 1 unit,Sea374.pdf,14.0kt,NK,9.80m,Xingning Shipping Limited,N/A,,
ECO WILDFIRE II,Open hatch cargo ship,,,,179.9m,28.40m,14.25m,"21,265","33,190t",MAN B&W 6S46MC-C8.2 diesel x 1 unit,Sea374.pdf,14,NK,10.026m,Apex Glory Shipping Corporation,Panama,,
IVS HIRONO,Bulk carrier,,,,199.90m,32.26m,18.60m,"34,806","60,280t",B&W 6S50ME-B9.3 diesel x 1 unit,Sea374.pdf,14.5kt,NK,13.00m,Cardinal Maritime S.A.,Singapore,,
MEDI MATSUURA,KAMSARMAX bulker,"Tsuneishi Shipbuilding Co., Ltd.",,"August 24, 2015",229m,32.26m,20.00m,,"81,788t",MAN B&W 6S60MCME-C8.2 diesel x 1 unit,Sea374.pdf,14.5kt (normal output),NK,,,,,
ADINDA WINDU KARSA,passenger/car ferry,"Kanda Shipbuilding Co., Ltd.",P.T. WINDU KARSA,Oct-15,"1,014 passengers, 36 officers and crew, 69 trucks, 60 passenger cars",15kt,NK,114.8m,22.0m,4.0m,"9,269GT",Daihatsu 6DKM-26e (L) diesel x 2 units,"1,910kW x 750/276min-1 (MCR), 1,623.5kW x 710/261.4min-1 (NOR)",Sea375.pdf,,,,
STH NEW YORK,Ultramax bulk carrier,Japan Marine United Corporation (JMU),,"October 23, 2015",,14.0kt,NK,198.0m,32.26m,18.6m,,WARTSILA 6RT-flex50-D diesel x 1 unit,,Sea375.pdf,12.9m,"60,000 DWT",,
FERRY KITAKYUSHU II,passenger/car ferry,"Mitsubishi Heavy Industries, Ltd. (MHI)","Japan Railway Construction, Transport and Technology Agency and Meimon Taiyo Ferry Co., Ltd.","November 27, 2015","146 trucks, 105 passenger cars, 713 passengers (coasting service), 38 officers and crew",,NK,183.00m,27.00m,15.15m,"24,000GT",,,Sea375.pdf,6.70m,,Japan,
TAHAROA PROVIDENCE,ore carrier,"Namura Shipbuilding Co., Ltd.",Nepal Shipholding S.A.,"November 19, 2015",,About 14.45kt,NK,290.40m,45.00m,24.70m,,MAN B&W 6S70ME-C8.2 diesel x 1 unit,,Sea375.pdf,18.29m,"175,238 DWT",Republic of Panama,
RINDO MARU,white product tanker,"Shin Kurushima Hashihama Dock Co., Ltd.",Uyeno Transtech Ltd.,"October 21, 2015","6,350m³",,NK,About 104.90m,16.00m,8.30m,"About 3,900",MAKITA-MITSUI-MAN B&W 6L35MC6.1 x 1 unit,"3,900kW",Sea375.pdf,,,,
AFRICAN GROUSE,general cargo ship,Naikai Zosen Corporation,African Grouse Shipping Co. Ltd.,"October 15, 2015","47,125.3m³ (grain)",About 14.1kt,ABS,183.00m,30.60m,14.50m,,Hitachi-MAN B&W 6S46ME-B8.3 diesel x 1 unit,"5,690kW x 107.0min-1 (D.C.S.O.)",Sea375.pdf,10.00m,"37,700 DWT",Bahamas,
AVOCET ARROW,J-OPEN Type General Cargo Carrier,"Oshima Shipbuilding Co., Ltd.",Gearbulk Shipowning Limited,"November 27, 2015","70,137m³",14.55kt,NK,199.98m,32.26m,19.22m,,Mitsui MAN B&W 6S50ME-C8.2 diesel x 1 unit,"7,730kW at 108.0rpm (MCR)",Sea375.pdf,13.470m,"62,823t",,
IRIS LEADER,Pure car carrier,,Star Fruit Maritima S.A.,,,20.20kt,NK,199.90m,34.80m,38.07m,,7UEC60LSE-Eco-A2 diesel x 1 unit,,Sea375.pdf,,"20,853t",Republic of the Marshall Islands,
STH LONDON,Bulk carrier (neo 60BC),"Mitsui Engineering & Shipbuilding Co., Ltd.",Sea Trade Holdings Inc.,"October 27, 2015",,14.5kt,NK,199.99m,32.25m,18.50m,,Mitsui-MAN B&W 6S50ME-B9.3 diesel x 1 unit,,Sea375.pdf,,"60,446t",,
SERIANA,Tanker,"Sumitomo Heavy Industries Marine & Engineering Co., Ltd.",Seriana Transportation Corp.,"September 9, 2015",,About 14.9kt,LR,234.34m,42.00m,21.45m,,Mitsui-MAN B&W 6S60ME-C8 diesel x 1 unit,,Sea375.pdf,,"109,991t",,
Q KENNEDY,Bulk carrier,"Sasebo Heavy Industries Co., Ltd.",Q Kennedy Shipping Ltd.,"July 30, 2015",,14.1kt,ABS,229.00m,38.00m,19.10m,,MAN B&W 6S60ME-C8.2 diesel x 1 unit,,Sea375.pdf,,"84,978t",Republic of the Marshall Islands,
IVS BOSCH HOEK,Bulk carrier,"Onomichi Dockyard Co., Ltd.",Cardinal Maritime S.A.,"October 28, 2015",,About 14.5kt,NK,199.90m,32.26m,18.60m,,B&W 6S50ME-B9.3 diesel x 1 unit,,Sea375.pdf,13.00m,"60,269t",Singapore,
MEDI SYDNEY,KAMSARMAX bulk carrier,"Tsuneishi Factory, Tsuneishi Shipbuilding Co., Ltd.",,"September 14, 2015",,14.5kt (at normal output),NK,229.00m,32.26m,20.00m,,MAN B&W 6S60ME-C8.2 diesel x 1 unit,,Sea375.pdf,,"81,788t",,
RAGA,Bulk carrier,"Imabari Shipbuilding Co., Ltd.",S-1590,NK,Panama,"95,000DWT",Hitachi-MAN B&W 6S60ME-C (Mark 8),Sea361.pdf,,,,,,,,,,
SHOYOH,Coal carrier,Japan Marine United Corporation (JMU),,NK,Panama,"97,000 DWT",Wartsila 6RT-flex58T-D diesel,Sea361.pdf,,,,,,,,,,
SHINSEI MARU,Research and study vessel,"Mitsubishi Heavy Industries, Ltd. - Shimonoseki Shipyard & Machinery Works",,NK,,,Electric motor,Sea361.pdf,Japan Agency for Marine-Earth Science and Technology (JAMSTEC),,,,,,,,,
neo56,Handymax bulker,"Mitsui Engineering & Shipbuilding Co., Ltd. (MES)",,,,,,Sea361.pdf,,,,,,,,,,
neo66,Over-Panamax bulker,"Mitsui Engineering & Shipbuilding Co., Ltd. (MES)",,,,,,Sea361.pdf,,,,,,,,,,
neo60,Supramax bulker,"Mitsui Engineering & Shipbuilding Co., Ltd. (MES)",,,,,,Sea361.pdf,,,,,,,,,,
FORTE DE SAO JOSE,Panamax bulk carrier,Sanoyas Shipbuilding Corporation,1308,,Panama,"78,384 DWT",MAN B&W 7S50MC-C diesel,Sea361.pdf,"Empresa De Navegacao Elcano, S.A.",,,,,,,,,
RMC RIGEL,Ore carrier,"Namura Shipbuilding Co., Ltd.",,LR,Singapore,"250,769 DWT",Mitsubishi 7UEC80LSE-Eco diesel,Sea361.pdf,MOL Cape (Singapore) Pte. Ltd.,,,,,,,,,
SILVER EIGHT,Passenger/car ferry,Naikai Zosen Corporation - Setoda Shipyard,,JG,,,Hitachi-MAN B&W 7L42MC6.1 diesel,Sea361.pdf,,"9,450GT",,,,,,,,
ASAHI OCEAN,Bulk carrier,"The Hakodate Dock Co., Ltd.",856,NK,,"32,085t",Mitsubishi 6UEC45LSE diesel,Sea361.pdf,"Sealift Maritime, S.A.",,,,,,,,,
MINAMI,Bulk carrier,"Oshima Shipbuilding Co., Ltd.",10685,,Panama,"85,555t",Mitsui MAN B&W 5S60MC-C (Mark 7) diesel,Sea361.pdf,Olamar Navegation S.A.,,,,,,,,,
ANSAC AMITY,Open hatch cargo ship,"Kanda Shipbuilding Co., Ltd.",536,,Panama,"32,752t",6UEC45LSE diesel,Sea361.pdf,Amity Universal Shipping Corporation,,,,,,,,,
ANSAC PRIDE,Box-shaped bulker,"Onomichi Dockyard Co., Ltd.",592,,Hong Kong,"37,094t",Akasaka Diesels 6UEC45LSE diesel,Sea361.pdf,Jade Bulkship S.A.,,,,,,,,,
KM FUKUYAMA,Bulk carrier,"Tsuneishi Shipbuilding Co., Ltd.",1502,,Panama,"82,224t",Mitsui MAN B&W 6S60MC-C (Mark 7) diesel,Sea361.pdf,SMG Line S.A.,,,,,,,,,
SAKIZAYA BRAVE,Bulk carrier,"Sasebo Heavy Industries Co., Ltd.",S811,,Panama,"74,940t",B&W 7S50MC-C8.1 diesel,Sea361.pdf,Sakizaya Line S.A.,,,,,,,,,
ASTOMOS VENUS,LPG carrier,"Mitsubishi Heavy Industries Shipbuilding Co., Ltd.",2315,"March 31, 2016","83,309m³",17.0 kt,NK,230.0 m,36.6 m,21.65 m,11.575 m,"47,963",null,Mitsubishi UE-7UEC60LSII,"13,000kW",Sea376.pdf,,
CHEVRIER,Dunkirkmax bulk carrier,Japan Marine United Corporation,,"January 13, 2016",,15.05kt,NK,292.00m,45.00m,24.55m,18.18m,"93,297","182,625t",MAN B&W 7S65ME-C8.2,null,Sea376.pdf,,
C.S. BRIGHT,woodchip carrier,Sanoyas Shipbuilding Corporation,1318,"January 21, 2016","4,300,000cft",about 14.6kt,NK,null,37.00m,22.85m,null,"49,718","63,291t",MAN B&W 6S50MC-C8,"9,480kW",Sea376.pdf,,
BISHU MARU,LNG carrier,,,"December 1, 2015","164,700m³",abt. 19.5kt,null,Abt. 293m,48.9m,null,null,null,null,Kawasaki Advanced Reheat Turbine Plant,null,Sea376.pdf,"""K"" Line",
DIAMOND FAITH,Aframax tanker,"Namura Shipbuilding Co., Ltd.",,"January 22, 2016",,about 14.45kt,,249.97m,44.00m,21.20m,14.80m,"63,538","114,737t",MAN B&W 6G60ME-C9.2,null,Sea376.pdf,,Singapore
SHIN SEKIYO,bulk carrier,"Oshima Shipbuilding Co., Ltd.",,"January 13, 2016","109,210m³",14.3kt,NK,235.00m,43.00m,18.55m,13.044m,"50,794","90,781t",Mitsubishi 7UEC60LSE-ECO-1,"10,335kW",Sea376.pdf,,
KIRANA SAPTA,oil product tanker,Naikai Zosen Corporation,,"January 21, 2016","23,900m³",About 13.5kt,,160.00m,27.90m,11.20m,7.13m,"13,222","19,000t",Hitachi-MAN B&W 7S35MC7.1,"4,900kW",Sea376.pdf,,Singapore
CORONA UTILITY,bulk carrier,,,"January 13, 2016",,15.0kt,NK,234.9m,38.0m,19.9m,null,"49,721","88,847t",6S60ME-C8.2,null,Sea376.pdf,"Kawasaki Kisen Kaisha, Ltd.",
STELLATA,Tanker,,,"February 10, 2016",,about 14.9kt,LR,null,42.00m,21.45m,null,"57,997","109,991t",Mitsui-MAN B&W 6S60ME-C8,null,Sea376.pdf,Stellata Transportation Corp.,
IVS TEMBE,Log/Cargo ship,,,"January 29, 2016",,14.0kt,,179.90m,30.00m,15.00m,10.772m,"23,224","37,735t",Mitsubishi 6UEC45LSE-ECO-B2,null,Sea376.pdf,IVS BULK 554 PTE. LTD.,Singapore
AFRICAN TURAC,Bulk carrier,,,"January 8, 2016",,14.5kt,,199.90m,32.26m,18.60m,13.00m,"34,806","60,075t",MAN B&W 6S50ME-B9.3,null,Sea376.pdf,Cardinal Maritime S.A.,Panama
HALCON TRADER,Oils/chemical tanker,,,"January 15, 2016",,about 14.0kt,BV,149.93m,24.60m,13.20m,10.167m,"13,061","22,421t",6UEC45LSE-1,null,Sea376.pdf,"Ratu Shipping Co., S.A.",
PRIMROSE ATLANTIC,bulk carrier,,,"January 28, 2016",,14.5kt,,229.00m,32.26m,20.00m,14.29m,"42,995","81,879t",MAN-B&W 6S60ME-C8.1,null,Sea376.pdf,"""K"" Line Bulk Shipping (UK) Limited",Panama
NYK BLUE JAY,Mega container ship,Japan Marine United Corporation,Not specified,"February 22, 2016","14,000TEUs (including 1,120 reefers)",Not specified,NK,Not specified,364.15m,50.6m,29.5m,15.75m,"144,285","139,335t",Diesel United Wartsila W9X82,Not specified,Sea377.pdf,
NADESHIKO,Bulk carrier,"Imabari Shipbuilding Co., Ltd.",Not specified,"March 24, 2016",Not specified,Not specified,Class NK,Not specified,Not specified,Not specified,Not specified,Not specified,Not specified,"84,000DWT",Not specified,Not specified,Sea377.pdf,Domestic ship owner
SUMIRE GAS,LPG carrier,"Kawasaki Heavy Industries, Ltd.",1721,"March 30, 2016","82,200m³",Not specified,ABS,Panama,229.90m,37.20m,21.00m,11.20m,"46,796","54,243t",Kawasaki-MAN B&W 7S60ME-C8.2,Not specified,Sea377.pdf,Astomos Energy Corporation
SHINYO MARU,Training vessel,"Mitsubishi Heavy Industries, Ltd. (MHI)",1193,"March 31, 2016",Not specified,12kt,JG,Not specified,64.55m,12.10m,7.00m (from superstructure deck),4.50m,986t,Not specified,Electric motor 800kW x 2 units,Not specified,Sea377.pdf,Tokyo University of Marine Science and Technology
CIELO D'EUROPA,Handy Cape bulk carrier,Sanoyas Shipbuilding Corporation,Not specified,"March 17, 2016","135,644m³",about 14.5kt,ABS,Panama,245.00m,43.00m,21.60m,15.626m,"63,087","117,378t",MAN B&W 6G60ME-C9.2,"11,010kW",Sea377.pdf,d'Amico Dry Limited
TOYO MARU NO 3,Car carrier,Naikai Zosen Corporation,Not specified,"February 24, 2016",630 units,18.0kt,NK (Limited to coastal areas),Not specified,125.00m,20.60m,14.36/11.80 at upper and boarding decks,5.55m,"3,990","2,888t",Hitachi Zosen-MAN B&W 6S35MC-C9.2,"5,220kW",Sea377.pdf,"Santoku Senpaku Co., Ltd."
AUDREY-TRACY,Bulk carrier,"Namura Shipbuilding Co., Ltd.",389,"February 18, 2016",Not specified,about 14.0kt,NK,Not specified,179.96m,30.00m,14.05m,9.80m,"21,545","34,874t",MAN B&W 6S46ME-B8.3,Not specified,Sea377.pdf,Lavender Maritime S.A.
ADA,Bulk carrier,"Oshima Shipbuilding Co., Ltd.",10778,"February 9, 2016",Not specified,14.30kt,DNV GL,Malta,228.99m,32.26m,20.01m,14.486m,43729,"81,841t",Kawasaki-MAN B&W 6S60ME-C8.2,Not specified,Sea377.pdf,Not specified
PRIMERO,Tanker,"Sumitomo Heavy Industries Marine & Engineering Co., Ltd.",1383,"February 26, 2016",Not specified,about 15.0kt,LR,Not specified,Not specified,42.00m,21.45m,Not specified,"57,312","106,200t",Mitsui MAN B&W 6S60ME-C8,Not specified,Sea377.pdf,Lundquist Shipping Company Limited
AFRICAN SPOONBILL,Bulk carrier,"Onomichi Dockyard Co., Ltd.",707,"February 23, 2016",Not specified,14.5kt,NK,Panama,199.90m,32.26m,18.60m,13.00m,"34,806","60,033t",MAN B&W 6S50ME-B9.3,Not specified,Sea377.pdf,Cardinal Maritime S.A.
GLOBAL HIGHWAY,Car carrier,"Shin Kurushima Dockyard Co., Ltd.",S-5875,"March 16, 2016",Not specified,about 20.0kt,NK,Not specified,199.96m,38.00m,14.65m,10.227m,"75,036","20,686t",7UEC60LSE-Eco-A2,Not specified,Sea377.pdf,"Kawasaki Kisen Kaish, Ltd."
EPIC BORINQUEN,LPG carrier,"Sasaki Shipbuilding Co., Ltd.",691,"February 29, 2016",Not specified,13.5kt,BV,Singapore,113.08m,19.00m,9.10m,6.80m,"6,220","7,182t",Hitachi MAN B&W 5L35MC Mk6.1,"2,750kW",Sea377.pdf,Epic Borinquen Pte. Ltd.
AIDAprima,Cruise Ship,Mitsubishi Heavy Industries,AIDA Cruises,"March 14, 2016","3,300 passengers",300 meters,37.6m,8m,"125,000 tons","12MW x 3 sets, 10.8MW x 1 set",Sea3781.pdf,,,,,,,
IZUMI,Car Ferry,"Mitsubishi Heavy Industries Shipbuilding Co., Ltd.","Hankyu Ferry Co., Ltd.",,Not specified,,,,,,Sea3781.pdf,,,,,,,
HIBIKI,Car Ferry,"Mitsubishi Heavy Industries Shipbuilding Co., Ltd.","Hankyu Ferry Co., Ltd.",,Not specified,,,,,,Sea3781.pdf,,,,,,,
SAKIGAKE,LNG-fired tugboat,"Keihin Dock Co., Ltd.",Nippon Yusen Kabushiki Kaisha (NYK Line),,Not specified,,,,,dual fuel engine system,Sea3781.pdf,,,,,,,
MILLAU BRIDGE,Large Cargoship,"Imabari Shipbuilding Co., Ltd.","Cypress Maritime, S.A.",,Not specified,,,,,,Sea3781.pdf,,,,,,,
NATORI,Small Cargoship,"Kyokuyo Shipyard Co., Ltd.","Imoto Lines, Ltd.",,Not specified,,,,,,Sea3781.pdf,,,,,,,
KOYO MARU NO. 88,Fishing boat/work vessel,Niigata Shipbuilding & Repair Inc.,"Tokai Fishery Co., Ltd.",,Not specified,,,,,,Sea3781.pdf,,,,,,,
CHOULLY,Dunkirkmax bulk carrier,Japan Marine United Corporation (JMU),,"April 20, 2016",Not specified,292.00m,45.00m,24.55m,,MAN B&W 7S65ME-C8.2 diesel,Sea3781.pdf,15.05kt,18.18m,"182,651t",,,,
LNG FUKUROKUJU,LNG Carrier,"Kawasaki Heavy Industries, Ltd.","The Kansai Electric Power Co., Inc. and Mitsui O.S.K. Lines, Ltd.","June 17, 2016","165,134m³",293.00m,48.90m,27.00m,,Kawasaki URA-400 reheat cycle turbine plant,Sea3781.pdf,about 19.5kt,12.20m,"83,809t",,,,
CORATO,Bulk carrier,"Namura Shipbuilding Co., Ltd.",Telford Shipping Limited,"April 5, 2016",Not specified,228.99m,32.26m,20.10m,,MAN B&W 6S60ME-C8.2 diesel,Sea3781.pdf,about 14.1kt,14.50m,"81,677t",,,,
SPRING PROGRESS,Panamax bulker,Sanoyas Shipbuilding Corporation,,,"96,597m³ (Grain)",229.00m,32.24m,20.20m,,MAN B&W 6S60ME-C8.2 diesel,Sea3781.pdf,14.5kt,14.668m,"82,055t",,,,
TAI SUMMIT,Bulk carrier,"Oshima Shipbuilding Co., Ltd.","Tai Shing Maritime Co., S.A.","April 18, 2016",Not specified,199.98m,32.26m,18.33m,,Mitsui-MAN B&W 6S50ME-B9.3 diesel,Sea3781.pdf,14.3kt,12.850m,"60,618t",,,,
BERGE HALLASAN,General cargo ship,Naikai Zosen Corporation,Ambitious Line S.A.,"May 30, 2016","47,125.3m³ (grain)",183.00m,30.60m,14.50m,,Hitachi-MAN B&W 6S46ME-B8.3 diesel,Sea3781.pdf,about 14.1kt,10.00m,"37,600t",,,,
KANDA LOGGER,Log/bulk carrier,"Kanda Shipbuilding Co., Ltd.",Kanda Logger Limited,"April 28, 2016",Not specified,179.9m,30.0m,15.0m,,6UEC45LSE-Eco-B2 diesel,Sea3781.pdf,14.0kt,10.772m,"37,613t",,,,
PAOLO TOPIĆ,Bulk carrier,"Onomichi Dockyard Co., Ltd.",Sumitomo Corporation,"May 13, 2016",Not specified,199.90m,32.26m,18.60m,,Mitsui-MAN B&W 6S50ME-B9.3 diesel,Sea3781.pdf,14.5kt,13.00m,"60,155t",,,,
CF DIAMOND,Bulk carrier,"Tsuneishi Shipbuilding Co., Ltd.",Chijin Shipping S.A.,"June 30, 2016",Not specified,190m,32.26m,18m,,MAN B&W 6S50ME-C8.2 diesel,Sea3781.pdf,14.5kt,12.28m,"57,610t",,,,
LOCH NESS,Bulk carrier,"Shin Kurushima Toyohashi Shipbuilding Co., Ltd.",Sun Advance Shipping S.A.,"May 31, 2016",Not specified,199.92m,32.26m,18.7m,,B&W 6S50ME-B9.3 diesel,Sea3781.pdf,14.5kt,,"61,272t",,,,
GEM NO.1,Crude Oil Tanker,JMU,GEM NO.1 MARITIME CORPORATION,G302T,"June 30, 2016",15.80kt,ABS/CR,330.0m,60m,29.35m,21.55m,"156,501","302,652t",MAN B&W 7G80ME-C9.2 diesel,1 unit,Sea379.pdf,,
OGASAWARA MARU,Cargo/Passenger ship,MHI,"Japan Railway Construction, Transport and Technology Agency and Ogasawara Kaiun Co., Ltd.",,"June 17, 2016",23.8kt,,150.00m,20.40m,12.20m,5.70m,"11,035",,MAN B&W 7G80ME-C9.5-GI-Ethane diesel,2 units,Sea379.pdf,73 10ft-containers,Japan
NANAURA MARU,Passenger/car ferry,Naikai Zosen Corporation,JR Miyajima Ferry Co. Ltd,,"September 9, 2016",9.0kt,JG,38.15m,10.00m,3.87m,2.65m,268,,Yanmar 6EY22AW geared diesel,1 unit,Sea379.pdf,"460 people with 6 cars, 800 people without cars",
FEDERAL TAKASE,Handymax bulker,"Oshima Shipbuilding Co., Ltd.",Federal Trident Ltd.,,"April 14, 2016",14.3kt,NK,189.99m,32.26m,17.87m,12.578m,31584,"55,178t",Kawasaki MAN B&W 6S50ME-B9.3 diesel,1 unit,Sea379.pdf,"71,177m³",
NORD CHESAPEAKE,SUPRAMAX bulker,Sanoyas Shipbuilding Corporation,Sanoyas Shipbuilding Corporation,,"July 12, 2016",14.3kt,,199.99m,32.24m,18.38m,12.868m,"34,164","60,447t",MAN B&W 6G50ME-B9.3 diesel,1 unit,Sea379.pdf,"77,067m³",Panama
IONIC ANASSA,Aframax tanker,"Namura Shipbuilding Co., Ltd.",Laurel World Maritime S.A.,,"June 30, 2016",14.4kt,,249.97m,44.00m,21.20m,14.80m,"63,502","114,718t",MAN B&W 6G60ME-C9.2 diesel,1 unit,Sea379.pdf,,Marshall Islands
MG EARTH,Bulk carrier,"Imabari Shipbuilding Co., Ltd.",Cardinal Maritime S.A.,,"June 17, 2016",14.50kt,NK,228.95m,35.0m,14.45m,,"45,252","66,593t",6S60ME-C7.1 diesel,1 unit,Sea379.pdf,,
RB JAKE,Bulk carrier,Japan Marine United Corporation,RB Shipping Ltd,,"June 3, 2016",14.5kt,BV,229.0m,32.26m,20.0m,14.45m,"43,278","81,039t",MAN B&W 6S50ME-C diesel,1 unit,Sea379.pdf,,
NORTH SEA,Tanker,"Sumitomo Heavy Industries Marine & Engineering Co., Ltd.",Indigo Marine Shipping S.A.,,"July 27, 2016",15.0kt,LR,224.64m,42.00m,21.45m,,"57,164","106,200t",Mitsui MAN B&W 6S60ME-C8 diesel,1 unit,Sea379.pdf,,
MARIA TOPIĆ,Bulk carrier,"Onomichi Dockyard Co., Ltd.",Sumitomo Corporation,,"June 14, 2016",14.5kt,,199.90m,32.26m,18.60m,13.00m,"34,905","60,155t",Mitsui-MAN B&W 6S50ME-B9.3 diesel,1 unit,Sea379.pdf,,Majuro (Marshall Islands)
PLUMERIA CORAL,LPG carrier,"Sasaki Shipbuilding Co., Ltd.",Coral Canal S.A.,,"April 30, 2016",13.40kt,,99.98m,17.20m,7.80m,6.10m,"4,289","5,016t",Hanshin Diesel MAN B&W 5L35MC diesel,1 unit,Sea379.pdf,,Panama
BRISTOL TRADER,Chemical tanker,"Shin Kurushima Dockyard Co., Ltd.","Ratu Shipping Co., S.A.",,"July 12, 2016",15.0kt,,179.53m,27.4m,16.3m,,"21,151","35,863t",Mitsui-MAN B&W 6S50ME-B9.3 diesel,1 unit,Sea379.pdf,,Philippines (Manila)
ORANGE PHOENIX,Bulk carrier,"Saijyo Shipyard, Imabari Shipbuilding Co., Ltd.",KD36-HD50,"August 2, 2014","about 3,000t",299.94m,50.00m,24.70m,"206,600t",Sea380.pdf,,,,,,,,
TARANAKI SUN,methanol carrier,,,,,,,,,Sea380.pdf,"Mitsui O.S.K. Lines, Ltd.",ME-LGI,,,,,,
NYK EAGLE,mega container ship,Japan Marine United Corporation (JMU),,"September 2, 2016","14,000TEUs",364.15m,50.6m,29.5m,"139,335t",Sea380.pdf,Obana Ship Holding S.A.,DIESEL UNITED WARTSILA W9X82,22.5kt,15.75m,"144,285t",,,
AUTO ECO,pure car and truck carrier (PCTC),"Kawasaki Heavy Industries, Ltd.",,,"3,985 units",,,,,Sea380.pdf,,MAN B&W 8S50ME-C8.2-GI,,,,LR,Madeira,
GLOBE ATLAS,LPG carrier,"Mitsubishi Heavy Industries Shipbuilding Co., Ltd. (MHISB)",,"September 30, 2016","83,320m³",230.0m,36.6m,21.65m,,Sea380.pdf,,MAN B&W 7S60ME-C8.2,16.6kt,11.575m,"47,995t",,,"13,000 kW"
FUOU MARU,Roll-on/Roll-off cargoship,Naikai Zosen Corporation,,"September 30, 2016","163 chassis (12m long x 2.5m wide), 88 passenger cars (5m long x 1.7m wide)",173.08m,27.00m,22.60m,,Sea380.pdf,"Kawasaki Kinkai Kisen Kaisha, Ltd.",MAN B&W 9S50ME-C8.2,about 22.6kt,6.90m,"11,413 GT",,,"15,930kW"
AUGUST EXPLORER,self-propelled versatile workvessel,Sanoyas Shipbuilding Corporation,,"August 31, 2016",,89.90m,27.00m,5.00m,,Sea380.pdf,"TOYO Construction Co., Ltd.",Yanmar 6EY26W,,3.95m,"4,831t",NK,,"1,471kW"
ALP STRIKER,ocean-going tugboat,"Niigata Shipbuilding & Repair, Inc.",,"September 12, 2016",,88.5m,21.0m,9.5m,"4,230t",Sea380.pdf,ALP Striker B.V.,"4,500kW x 4 units",19.16 knots (max),,"5,901t",DnV-GL,,"4,500kW x 4 units"
BERGE SHARI,Bulk carrier,"The Hakodate Dock Co., Ltd.",S874,"September 16, 2016",,179.97m,30.00m,14.05m,"34,534t",Sea380.pdf,BERGE SHARI COMPANY INC.,Mitsubishi 6UEC45LSE-Eco-B2,abt. 14.0kt,9.80m,,DNV,Isle of Man,
KANG MAY,Bulk carrier,"Oshima Shipbuilding Co., Ltd.",10783,"September 1, 2016",,228.41m,19.89m,13.944m,"85,001t",Sea380.pdf,Kang May Maritime LLC,Mitsui-MAN B&W 6S60ME-C8.2,14.30kt,13.944m,"46,990t",BV,Liberia,
WINDS 3,General cargo ship,"Shin Kurushima Dockyard Co., Ltd.",S-5935,"August 25, 2016",,120.93m,19.60m,10.80m,"11,759t",Sea380.pdf,"Trio Happiness, S.A./Toda Ship Co., Ltd.",MAN B&W 6L35MC6.1,13.3kt,,"7,341t",NK,Panama,
ECO BUSHFIRE II,Open hatch cargo ship,"Kanda Shipbuilding Co., Ltd.",558,"August 8, 2016",,179.9m,28.40m,14.25m,"33,190t",Sea380.pdf,Cardinal Maritime S.A.,MAN B&W 6S46MC-C8.2,14.0kt,10.026m,"21,265t",NK,Panama,
ULTRA PUMA,Bulk carrier,"Tsuneishi Shipbuilding Co., Ltd.",1550,"August 26, 2016",,225.10m,32.26m,20.00m,"81,855t",Sea380.pdf,,MAN-B&W 6S60ME-C8.2,,14.40m,"43,028t",,Majuro,
TERASEA FALCON,Ocean Towing/Salvage Tug,Yokohama Shipyard Tsurumi Works of Japan Marine United Corp.,,,,,,,,Sea380.pdf,,,,,,,,
NS FRONTIER,LPG carrier,"Kawasaki Heavy Industries, Ltd.",1730,"November 30, 2016","82,402m³",NK,Panama,229.90m,37.20m,21.00m,11.20m,"46,885",Kawasaki-MAN B&W 7S60ME-C8.2 diesel,null,SEA381.pdf,,,
SHINSEI MARU,Aframax tanker,Japan Marine United Corporation (JMU),,"October 26, 2016",,NK,Japan,246.80m,44.40m,22.00m,15.40m,,DU-WARTSILA 6RTA58T-D diesel,null,SEA381.pdf,14.50kt,"119,932t",
LNG MARS,LNGC,"Mitsubishi Heavy Industries Shipbuilding Co., Ltd. (MHISB)",2296,"October 20, 2016","155,693m³",NK,,288.0m,48.94m,26.0m,11.55m,"136,710",Ultra Steam Turbine MR36-II,"26,000kW x 74.0rpm",SEA381.pdf,19.5kt,,
MEDI BRISBANE,bulk carrier,"Mitsui Engineering & Shipbuilding Co., Ltd. (MES)",1917,"November 29, 2016",,NK,Panama,199.99m,32.25m,18.50m,,,MITSUI-MAN B&W 6S50ME-B9.3 diesel,null,SEA381.pdf,abt. 14.5kt,"60,386t",
CSK VANGUARD,Aframax tanker,"Namura Shipbuilding Co., Ltd.",,"November 4, 2016",,ABS,Singapore,249.97m,44.00m,21.20m,14.80m,,MAN B&W 6G60ME-C9.2 diesel,null,SEA381.pdf,about 14.4 kt,"114,667t",
NOSHIRO MARU,bulk carrier,"Oshima Shipbuilding Co., Ltd.",,"September 28, 2016","109,210m³",NK,,235.00m,43.00m,18.55m,13.073m,,Mitsubishi 7UEC60LSE-Eco-A2 diesel,"10,890kW at 86.0rpm",SEA381.pdf,14.3kt,"90,794t",
BLUE DOLPHIN,passenger/car ferry,Naikai Zosen Corporation,,"September 29, 2016",,JG,,144.13m,23.00m,14.10m,5.90m,"8,850",Hitachi Zosen MAN B&W 6S50MC-C8.2 diesel,"9,945kW x 127.0min-1",SEA381.pdf,about 20.0kt,,
BASIC PORTLAND,Supramax bulk carrier,Sanoyas Shipbuilding Corporation,1341,"September 28, 2016","77,067m³",ABS,Panama,199.990m,32.240m,18.380m,12.868m,,MAN B&W 6G50ME-B9.3 diesel,"7,740kW",SEA381.pdf,about 14.3kt,"60,513t",
NSU TRUST,Bulk carrier,,,,,NK,,299.9m,50.0m,24.7m,,,MAN B&W 6G70ME-C9.2 diesel,null,SEA381.pdf,14.60kt,"207,000t",Emma Line S.A.
SOLOMON SEA,Tanker,,1385,,,LR,,224.64m,42.00m,21.45m,,,Mitsui MAN B&W 6S60ME-C8 diesel,null,SEA381.pdf,about 15.0kt,"106,200t",Indigo Marine Shipping S.A.
KEY WEST,Log & bulk carrier,,556,,,,Hong Kong,179.9m,30.0m,15.0m,10.527m,,6UEC45LSE-Eco-B2 diesel,null,SEA381.pdf,14.0kt,"37,599t",Key West Shipping Limited
EPIC BONAIRE,LPG carrier,,693,,,,Singapore,113.08m,19.00m,9.10m,6.80m,,Hitachi MAN B&W 5L35MC-6.1 diesel,null,SEA381.pdf,13.5kt,"7,182t",Epic Bonaire Pte. Ltd.
FJ STAR,Bulk carrier,,,,,,Panama,196.5m,32.26m,18.7m,11.4m,,Mitsui-MAN B&W 6S50ME-B9.5 diesel,null,SEA381.pdf,14.5kt,"61,225t",F.J. Lines Inc.
INDIGO ACE,Bulk carrier,,1549,,,,Panama,229.00m,32.26m,20.00m,,,MAN-B&W 6S60ME-C8.2 diesel,null,SEA381.pdf,14.5kt,"81,786t",I.M.S. Maritime S.A.
GEM NO.2,crude oil tanker,Japan Marine United Corporation (JMU),GEM NO.2 MARITIME CORPORATION,G302T,"January 26, 2017","302,000DWT",15.80kt,ABS/CR,330.0m,60m,29.35m,21.55m,"156,501","302,783t",MAN B&W 7G80ME-C9.2 diesel,1 unit,SEA382.pdf,
EPIC BALUAN,LPG carrier,"Sasaki Shipbuilding Co., Ltd.",Epic Baluan Pte. Ltd.,694,"January 10, 2017","7,521m³ LPG",about 13.50kt,,113.08m,19.00m,9.10m,6.80m,"6,200","7,182t",Hitachi MAN B&W 6S35MC-6.1 diesel,1 unit,SEA382.pdf,Singapore
ASAHI MARU,bulk carrier,"Sasebo Heavy Industries Co., Ltd.","Asahi Shipping Co., Ltd.",,"March 17, 2017","85,009DWT",abt. 14.1kt,,229.00m,38.00m,19.10m,13.49m,"46,982","85,009t",MAN B&W 6S60ME-C8.2 diesel,1 unit,SEA382.pdf,Japan
SHINZAN MARU,Ore carrier,"Imabari Shipbuilding Co., Ltd.",Carina Maritime Inc.,,"January 27, 2017",,14.50kt,NK,319.95m,55.00m,24.30m,,"122,694","215,790t",6G70ME-C9.5 diesel,1 unit,SEA382.pdf,
NARUTO STRAIT,Bulk carrier,"Namura Shipbuilding Co., Ltd.",Teamway Shipping Limited,407,"December 15, 2016",,about 14.0kt,NK,179.96m,30.00m,14.05m,9.80m,"21,538","34,391t",MAN B&W 6S46ME-B8.3 diesel,1 unit,SEA382.pdf,
ASIAN MAJESTY,Bulk carrier,"Oshima Shipbuilding Co., Ltd.",U-Ming Marine Transport (Singapore) Private Limited,10804,"November 28, 2016",,14.00kt,,199.98m,32.26m,19.00m,13.359m,35336,"62,466t",Mitsui-MAN B&W 6S50ME-B9.5 diesel,1 unit,SEA382.pdf,Singapore
IVS SWINLEY FOREST,Bulk carrier,Sanoyas Shipbuilding Corp.,IVS BULK 1345 PTE. LTD.,1345,"January 10, 2017","77,067m³ (Grain)",about 14.3kt,,199.99m,32.24m,18.38m,12.868m,"34,157","60,492t",MAN B&W 6G50ME-B9.3 diesel,"7,740kW",SEA382.pdf,Singapore
NORD KITAN,Bulk carrier,"Saiki Heavy Industries Co., Ltd., Onomichi Dockyard Co., Ltd.","Lepta Shipping Co, Ltd.",675,"January 17, 2017",,14.5kt,NK,199.90m,32.26m,18.60m,13.00m,"34,808","60,195t",B&W 6S50ME-B9.3 diesel,1 unit,SEA382.pdf,
FAIRCHEM TRIUMPH,Chemical tanker,"Shin Kurushima Dockyard Co., Ltd.",Tradewind Navigation S.A.,S-5927,"January 24, 2017",,14.35kt,,149.93m,24.60m,13.20m,,"13,120","22,354t",6UEC45LSE-1 diesel,1 unit,SEA382.pdf,Panama
CAPE HAYATOMO,ore carrier,"Namura Shipbuilding Co., Ltd.",NSC0410,"May 11, 2017",NK,Panama,329.95m,57.00m,25.60m,18.00m,"135,933","250,460t",MAN B&W 6G80ME-C9.5 diesel,null,SEA384.pdf,,,
DRIVE GREEN HIGHWAY,car carrier,Japan Marine United,,,,,,,,,null,null,,,SEA384.pdf,"7,550 vehicles",,
NYK BLUE JAY*,large cargoship,,,,,,,,,,,,,,SEA384.pdf,,,
YUSEISHO,small cargoship,,,,,,,,,,,,,,SEA384.pdf,,,
UME MARU,fishing boat/work vessel,,,,,,,,,,,,,,SEA384.pdf,,,
AUGUST EXPLORER*,special-purpose vessel,,,,,,,,,,,,,,SEA384.pdf,,,
AIDAperla,cruise ship,"Mitsubishi Heavy Industries, Ltd. (MHI)",,"April 27, 2017",,,300m,37.6m,8m,null,"abt.125,000",null,"12MW x 3 units, 10.8MW x 1 unit",null,SEA384.pdf,"abt. 3,300 passengers",,
SUNFLOWER FURANO,passenger/car ferry,Japan Marine United Corporation (JMU),,"April 27, 2017",,,,,,,"13,816",null,,,SEA384.pdf,590 persons,24.0kt,
BARI-STAR,bulk carrier,"Imabari Shipbuilding Co., Ltd.",,"May 30, 2017",,,,,,,"23,300","37,800t",6S50ME-C8.2 diesel x 1 unit,null,SEA384.pdf,,,
BERGE PHAN XI PANG,bulk carrier,"Imabari Shipbuilding Co., Ltd.",,,,,180.0m,29.8m,15.0m,null,"23,300","37,800t",6S50ME-C8.2 diesel x 1 unit,null,SEA384.pdf,,,
ISUZU MARU,Bulk carrier,,10795,,,Marshall Island,249.98m,43.00m,18.50m,12.863m,"56,825","100,165t",JAPAN ENGINE 7UEC60LSE-ECO-A2 diesel,null,SEA384.pdf,,14.00kt,MISUGA S.A.
MEDI PERTH,Bulk carrier,Sanoyas Shipbuilding Corporation,1340,,,Panama,199.99m,32.24m,18.38m,12.868m,"34,164","60,466t",MAN B&W 6G50ME-B9.3 diesel,"7,740kW",SEA384.pdf,"77,067m³",about 14.3kt,
UNITY VENTURE,Tanker,,1387,,,,228.97m,44.00m,21.8m,null,"60,200","112,000t",Mitsui MAN B&W 6G60ME-C9.2 diesel,null,SEA384.pdf,,15.2kt,Happy Ambiance Limited
BENJAMIN CONFIDENCE,Bulk carrier,,877,,,,179.97m,30.00m,14.05m,9.822m,"21,502","34,898t",MAN B&W 6S46ME-B8.3 diesel,null,SEA384.pdf,,14.0kt,Southern Shipping Services Inc.
KODIAK ISLAND,Log & bulk carrier,,559,,,Hong Kong,179.9m,30.0m,15.0m,10.527m,"23,275","37,581t",6UEC45LSE-B2-ECO diesel,null,SEA384.pdf,,14.0kt,Kodiak Island Limited
MELODY FAIR,Bulk carrier,,722,,,Liberia,195.00m,32.26m,18.60m,13.00m,"34,808","60,280t",MAN B&W 6S50ME-B9.3 diesel,null,SEA384.pdf,,14.5kt,Hawk Marine Corporation S.A.
MONDIAL SUCCESS,Panamax bulker,Sanoyas Shipbuilding Corporation,Sundia One Shipping S.A.,1352,"June 9, 2017","96,597m³ (grain)",about 14.5 knots,Marshall Islands,"82,010t",MAN B&W 6S60ME-C8.2 diesel x 1 unit,"8,740kW",Sea385.pdf,,,,,,
FRONT EARL,crude oil tanker,,Front Earl Inc.,G302T,"July 27, 2017",,15.80kt,,"303,121t",MAN B&W 7G80ME-C9.2 diesel x 1 unit,,Sea385.pdf,"156,391",,,,,
CRYSTAL RIVER,LPG carrier,,,,"July 14, 2017","82,423m³",,Panama,"54,171t",Kawasaki-MAN B&W 7S60ME-C8.2 diesel x 1 unit,,Sea385.pdf,"46,793",,,,,
SAKIZAYA LEADER,bulk carrier,"Namura Shipbuilding Co., Ltd.",Sakizaya Leader S.A.,,"July 6, 2017",,about 14.1kt,Panama,"81,691t",MAN B&W 6S60ME-C8.2 diesel x 1 unit,"9,660kW",Sea385.pdf,"44,425",,,,,
PRINCESS PACIFIC,Wood chip carrier,,Oshima Shipping S.A.,,"August 23, 2017",,14.5kt,,"49,608t",6S50ME-B9.3 diesel x 1 unit,,Sea385.pdf,"41,281",,,,,
LOWLANDS DAWN,Bulk carrier,,CLdN Cobelfret Pte. Ltd.,,"June 23, 2017",,14.30kt,Singapore,"93,500t",Kawasaki MAN B&W 6S60ME-C8.2 diesel x 1 unit,,Sea385.pdf,"49,534",,,,,
WISDOM VENTURE,Tanker,,Acclaim Shipping Limited,,"May 25, 2017",,about 15.2kt,,"112,000t",Mitsui MAN B&W 6G60ME-C9.2 diesel x 1 unit,,Sea385.pdf,"60,200",,,,,
SE MARINE,Open hatch cargo ship,,SE Carrier Corporation,,"June 16, 2017",,14.0kt,Panama,"33,173t",MAN B&W 6S46MC-C8.2 diesel x 1 unit,,Sea385.pdf,"21,265",,,,,
GEM NO. 3,Product tanker,,GEM No. 3 Maritime Corporation,,"May 19, 2017",,15.1kt,Panama,"79,920t",Mitsui MAN B&W 6S60ME-C8.5 diesel x 1 unit,,Sea385.pdf,"44,389",,,,,
CHEMROAD SAKURA,Chemical tanker,,,,"April 27, 2017",,15.00kt,Panama,"35,688t",6UEC50LSH-Eco-C2 diesel x 1 unit,,Sea385.pdf,"21,254",,,,,
NISSHO MARU,"Ro-Ro ship, cargoship",Naikai Zosen Corporation,"Kagoshima Senpaku Kaisya, Ltd.",,,,about 20.7kt,,,Hitachi-MAN B&W 7S50ME-C8.5 diesel x 1 unit,,Sea385.pdf,"10,109GT",,,,,
guntû,Cruising ship,"Tsuneishi Shipbuilding Co., Ltd.","Setouchi Cruise, Inc.",10kt,JG,81.2m,13.75m,4.4m,2.4m,"3,013",Water-cooled three-phase induction motors x 2 units,Sea386.pdf,,,,,,
SAKIZAYA ORCHID,Bulk carrier,"Imabari Shipbuilding Co., Ltd./Shin Kasado Dockyard Co., Ltd.",Sakizaya Orchid S.A.,14.5kt,NK,228.90m,32.24m,20.00m,,,MAN B&W 6S60ME-C8.2 diesel x 1 unit,Sea386.pdf,null,"October 24, 2017","43,700","81,588t",,
HIMAWARI 8,Ro/Ro ship,"Mitsubishi Heavy Industries, Ltd.",Nippon Express,23kt,NK,166.90m,27.00m,23.27m,6.85m,,MAN B&W 9S50ME-C8.5 diesel x 1 unit,Sea386.pdf,1200,"August 29, 2017","10,626","6,138t",,
AMBELOS,Crude oil carrier,"Namura Shipbuilding Co., Ltd.","HFS. Wave. Shipping. Co., Ltd.",14.40kt,LR,249.97m,44.00m,21.20m,14.80m,,MAN B&W 6G60ME-C9.5 diesel x 1 unit,Sea386.pdf,434,"September 26, 2017","63,484","114,674t",,
MARITIME CHALLENGER,Multipurpose vessel,"Oshima Shipbuilding Co., Ltd.",Mercy Navigation Pte. Ltd.,14.60kt,ABS,199.99m,36.00m,18.54m,13.059m,,Kawasaki-MAN B&W 6G50ME-B9.3 diesel x 1 unit,Sea386.pdf,10811,"July 14, 2017","39,744","64,794t",Singapore,
AMBORELLA,Ore carrier,Naikai Zosen Corporation,Nissho Shipping Panama Inc.,13.5kt,NK,160.80m,26.00m,14.00m,9.88m,,Hitachi MAN B&W 6S42MC7.1 diesel x 1 unit,Sea386.pdf,null,"September 8, 2017","16,774","27,402t",Panama,
MOL TRUTH,Container carrier,"Imabari Shipbuilding Co., Ltd.","Mitsui O.S.K. Lines, Ltd.","20,182 TEUs",LR,Panama,400m,58.5m,16.0m,MAN B&W 11G95ME-C9.5,Sea387new.pdf,,,,,,,
HIMAWARI No. 9,Roll on/off cargo ship,,"Nippon Marine Co., Ltd., Nippon Shipping Co., Ltd., and Yamamoto Kisen Co., Ltd.",177 trailer units,,Japan,,,,MAN B&W 9S50ME-C8.5 diesel x 1 unit,Sea387new.pdf,23.0kt,"6,138t",,,,,
KIRISHIMA,VLCC,"Mitsui Engineering & Shipbuilding Co., Ltd.",ASIASHIP MARITIME S.A.,,NK,,,,,Mitsui-MAN B&W 7G80ME-C9.5 diesel x 1 unit,Sea387new.pdf,,"312,539t",,,,,
"93,000 DWT LNG fuelled coal carrier",Coal carrier,"Namura Shipbuilding Co, Ltd","Mitsui O.S.K. Lines, Ltd. and Tohoku Electric Power Co., Inc.",,LR,,,,,,Sea387new.pdf,,"93,000 DWT",,,,,
AKEBONO MARU,Passenger/car carrier,,"Japan Railway Construction, Transport and Technology Agency (JRTT) and Uwajima Transportation Co., Ltd.","38 8t trucks, 28 passenger cars, 546 passengers",,Japan,,,,Daihatsu 6DKM-36e diesel x 2 units,Sea387new.pdf,20.2kt,,"2,694",,,,
CORONA WISDOM,Bulk carrier,,"Kawasaki Kisen Kaisha, Ltd.",,NK,Japan,229.9m,38.0m,19.90m,6S60ME-C8.5 diesel x 1 unit,Sea387new.pdf,14.5kt,"88,000t",,,,,
SAGA FREYA,General cargo carrier,,Saga Shipholding (Norway) AS,,,Hong Kong,199.9m,32.26m,19.5m,Diesel United WARTSILA 6RT-flex50D diesel x 1 unit,Sea387new.pdf,15.0kt,"55,807t",,,,,
SEACLAM,Tanker,,Fisher Maritime Company,,LR,,228.97m,44.00m,21.8m,Mitsui MAN B&W 6G60ME-C9.2 diesel x 1 unit,Sea387new.pdf,15.2kt,"112,000t",,,,,
AZALEA,Fly ash carrier,,"AKK Shipping Co., Ltd. S.A.",,,Panama,110.0m,20.00m,9.85m,6UEC33LS II diesel x 1 unit,Sea387new.pdf,13.0kt,"5,727t",,,,,
ARISTARCHOS,Product tanker,,Dauntless Marine S.A.,,,"Nassau, Bahamas",212.92m,38.00m,19.50m,Mitsui MAN B&W 6S60ME-C8.5 diesel x 1 unit,Sea387new.pdf,14.7kt,"79,905t",,,,,
ENSEMBLE,Chemical tanker,,MOL Chemical Tankers Pte. Ltd.,,,Panama,172m,27.4m,16.3m,B&W6S46ME-B8.3 diesel x 1 unit,Sea387new.pdf,14.00kt,"35,058t",,,,,
UNITED ETERNITY,Dunkirkmax Capesize bulker,"Namura Shipbuilding Co., Ltd.",Hydrangea Line S.A.,"December 11, 2017",14.55kt,Panama,291.99m,45.00m,24.60m,18.20m,"93,453","183,026t",MAN B&W 6G70ME-C9.5 diesel,"15,815kW x 70.5min-1",Sea388.pdf,,,
GEM NO.5,crude oil tanker,,GEM NO.5 MARITIME CORPORATION,"November 28, 2017",15.80kt,,330.0m,60m,29.35m,21.55m,"156,501","302,650t",MAN B&W 7G80ME-C9.5 diesel,null,Sea388.pdf,ABS,,
BISHU MARU,LNG carrier,,"Kawasaki Kisen Kaisha, Ltd. (""K"" Line)","December 26, 2017",,,293.00m,48.90m,27.00m,12.20m,"127,088","83,752t",Kawasaki URA-400 reheating-type steam-turbine engine,"26,800 kW at 70rpm",Sea388.pdf,ClassNK,"165,109m³",
MARIMO,roll on/off cargo ship,,Kinkai Yusen Kaisha Ltd.,"January 12, 2018",23.0kt,Japan,179.90m,27.00m,23.27m,6.80m,"11,229","6,100t",MAN B&W 9S50ME-C8.5 diesel,"14,940kW x 127min-1",Sea388.pdf,,,
TRANS HARMONY 1,vehicle carrier,,"Toyofuji Shipping Co., Ltd.","January 15, 2018",19.75kt,Panama,199.90m,32.20m,30.33m,8.10m,"50,200",null,MAN B&W 6S60ME-C8.5 diesel,"11,400kW x 105.0min-1",Sea388.pdf,,"3,000 passenger cars",
ALP KEEPER,ocean-going tugboat,,ALP KEEPER B.V.,"February 2, 2018",19.39 knots,,88.5m,21.0m,9.5m,null,"5,901","4,139t",null,4500kW x 4 units,Sea388.pdf,DNV-GL,,
MONACO BRIDGE,Container carrier,,Forward Gloria Navigation S.A.,,21.85kt,null,365.9m,51.2m,29.9m,null,"154,000","144,765t",11S90ME-C10.5 diesel,null,Sea388.pdf,LR,,
VENEZIA,Bulk carrier (neo60BC),,Eastern Mediterranean Maritime Limited,"October 25, 2017",14.5kt,Malta,199.99m,32.25m,18.50m,null,"34,094","60,388t",Mitsui-MAN B&W 6S50ME-B9.3 diesel,null,Sea388.pdf,,,
EN MAY,Bulk carrier,,En May Maritime LLC,"September 22, 2017",14.30kt,Monrovia,228.41m,36.50m,19.89m,13.972m,"46,990","85,001t",Mitsui-MAN B&W 6S60ME-C8.2 diesel,null,Sea388.pdf,,,
HIGH ADVENTURER,Product/chemical tanker,,Indigo Marine Shipping S.A.,"November 6, 2017",14.1kt,Panama,182.50m,32.20m,19.05m,13.10m,"29,513","49,997t",Mitsui MAN B&W 6S50ME-B9.5 diesel,null,Sea388.pdf,,,
HODAKA GALAXY,Chemical tanker,,MOL Chemical Tankers Pte. Ltd.,"January 19, 2018",14.95kt,Singapore,151.50m,27.1m,14.2m,null,"16,589","26,198t",6S46ME-B8.3 diesel,null,Sea388.pdf,,,
XING SHUN HAI,Bulk carrier,,"Minsheng Financial Leasing Co., Ltd.","January 29, 2018",14.50kt,Hong Kong,229.00m,32.26m,20.00m,null,"43,017","81,824t",MAN B&W 6S60ME-C8.2 diesel,null,Sea388.pdf,,,
LNG SAKURA,LNG transport vessel,"Kawasaki Heavy Industries, Ltd.",1731,"February 26, 2018","177,377m³",Approx. 19.5kt,ClassNK,Bahamas,300.00m,48.90m,27.00m,11.80m,"135,977","82,137t","two-engine, twin-screw propulsion system",null,Sea389.pdf,
CASTILLO DE MERIDA,LNG carrier,"Imabari Shipbulding Co., Ltd.",S-8177,"March 27, 2018","178,000m³",null,null,null,296.98m,48.70m,27.0m,,null,null,ME-GI engines,null,Sea389.pdf,
CHRISTINA,bulk carrier,,1919,"March 15, 2018","82,800 cubic meters",about 14.5kt,ClassNK,Marshall Islands,199.99m,36.00m,18.45m,,"38,237","66,653t",Mitsui-MAN B&W 7S50ME-B9.3 diesel,null,Sea389.pdf,"Ostria Marine Co., Marshall Islands"
FERRY TOSHIMA 2,Ropax,,,"March 1, 2018",null,19.0kt,null,Japan,93.47m,15.80m,9.80m,4.55m,"1,953",null,Main diesel engine,null,Sea389.pdf,"Japan Railway Construction, Transport and Technology Agency and Toshima Village"
NYK WREN,mega container ship,,,"March 28, 2018","14,000TEUs",22.5kt,NK,null,364.15m,50.6m,29.5m,15.75m,"144,285","139,335t",Diesel United Wartsila W9X82 engine,null,Sea389.pdf,Vanilla Shipholding LLC
SPERCHIOS,Aframax tanker,,,"February 9, 2018",null,about 14.4kt,ABS,Republic of Liberia,249.97m,44.00m,21.20m,14.80m,"63,487","114,516t",MAN B&W 6G60ME-C9.5 diesel,null,Sea389.pdf,Jasmine Shipholdings Inc.
NANASHIMA,passenger/car ferry,,,"February 28, 2018",494 passengers,about 13.5kt,JG (Limited to still water area),null,55.13m,13.00m,9.10m,2.90m,765,346t,Daihatsu 6DEM-23 diesel x 2 units,"1,235kW x 750/235min-1",Sea389.pdf,"Nakajima-Kisen Co., Ltd."
CSK ENTERPRISE,Bulk carrier,,,"April 26, 2018",null,14.5kt,ABS,null,299.95m,50.0m,24.7m,,"107,449","208,660DWT",MAN B&W 6G70ME-C9.5 diesel,null,Sea389.pdf,Splendor Navigation Pte. Ltd.
SHINRYO MARU,Bulk carrier,,,"March 9, 2018",null,14.10kt,ClassNK,Okinawa,234.99m,43.00m,18.40m,12.882m,"52,156","92,049t",Kawasaki-MAN B&W 6S60ME-C8.5 diesel,null,Sea389.pdf,"Kyoei Tanker Co., Ltd."
SEACHARM,Tanker,,,"March 7, 2018",null,about 15.2kt,LR,null,null,44.00m,21.8m,null,"60,200","112,000t",Mitsui MAN B&W 6G60ME-C9.2 diesel,null,Sea389.pdf,Fabiazzo Navigation Ltd.
AFRICAN KESTREL,Log & cargo ship,,,"January 17, 2018",null,14.0kt,ClassNK,Bahamas,179.9m,30.0m,15.0m,10.527m,"23,224","37,787t",6UEC45LSE-ECO-B2 diesel,null,Sea389.pdf,"African Kestrel Shipping Co., Ltd."
SOC GLORY,Bulk carrier,,,"March 26, 2018",null,13.4kt,ClassNK,Panama,137.03m,23.00m,11.40m,,"9,995","16,201t",MAN B&W 6S35MC7.1 diesel,null,Sea389.pdf,SOC Marine International (Panama) S.A.
SUNNY RAINBOW,Oil/chemical tanker,,,"January 29, 2018",null,12.5kt,ABS,Liberia,125.25m,20.00m,11.50m,8.25m,"8,081","12,355t",Hitachi MAN B&W 6L35MC6.1 diesel,"3,300kW",Sea389.pdf,Solar Shipping And Trading S.A.
KIMOLOS,Suezmax tanker,JMU,OMEGA THREE MARINE CORP,"May 11, 2018","159,159 t",14.65kt,LRS,274.30m,48.00m,23.15m,"82,602",MAN-B&W 7S65ME-C8.5 diesel x 1 unit,Sea390.pdf,,,,,
MOL TRUTH,"20,000TEU class containership",,"Cypress Maritime, S.A.","October 31, 2017","20,182 TEUs",23.0kt,,383.4m,58.5m,32.9m,"210,691",MAN B&W 11G95ME-C9.5 diesel x 1 unit,Sea390.pdf,"IMABARI SHIPBUILDING CO., LTD.",16.0m,"56,380kW",,
AZALEA,Car ferry,,"Shin Nihonkai Ferry Co., Ltd.","June 26, 2017",,25.0kt,"600 people passengers, 150 12m long trucks and 22 passenger automobiles",188.0m,26.6m,20.3m,"14,125",Wartsila 16V38C diesel x 2 units,Sea390.pdf,"MITSUBISHI HEAVY INDUSTRIES, LTD.",7.2m,"11,000kW",,
TRANS HARMONY 1,Large cargo ship,,,,,,,,,,,MAN B&W 6S60ME-C8.5 diesel x 1 unit,Sea390.pdf,,,,,
TRANS HARMONY 1,Vehicle carrier,,"Toyofuji Shipping Co., Ltd.","December 31, 2017","3,000 passenger cars",19.75kt,,199.9m,32.2m,30.3m,"50,200",Hitachi MAN B&W 6S60ME-C8.5 diesel x 1 unit,Sea390.pdf,NAIKAI ZOSEN CORPORATION,14.8m,,,
TAKASU,High-speed catamaran-type hydrofoil craft,,"Nagasaki Kisen Co., Ltd.","May 30, 2017",,30.0kt,"3 members crew, 150 people passengers",30.1m,7.0m,2.6m,124,MTU 16V2000M70 diesel x 2 units,Sea390.pdf,"SETOUCHI CRAFT CO., LTD.",1.1m,"1,050kW",,
HYPER-ECO,Small cargo ship,,"MUKAISHIMA DOCK CO., LTD.","June 27, 2017",,11kt,"Steel materials of approximately 1,500 tons",45.37m,12.4m,5.3m,499,"Hanshin Diesel LH28 (1,029kW) diesel x 1 unit",Sea390.pdf,"KOIKE SHIPBUILDING & SHIPPING CO., LTD.",5.1m,,,
TENYO MARU,Fishery exploration and training ship,,Japan Fishery Research and Education Agency,"October 31, 2017",,12.0kt,"28 crew members, 8 instructors/researchers, 50 undergraduates",58.0m,11.9m,6.98m,"1,354","LA34RG (1,700kW) x 1 unit",Sea390.pdf,"MITSUBISHI HEAVY INDUSTRIES, LTD.",4.45m,,,
BALOS,Panamax bulk carrier,,Wall Knot Maritime S.A.,"May 22, 2018","96,597m³ (grain)",about 14.5kt,,229.00m,32.24m,20.20m,"43,380",MAN B&W 6S60ME-C8.2 diesel x 1 unit,Sea390.pdf,1356,14.668m,"8,740kW",The Bahamas,"82,025t"
11S90ME-C10.5,Mitsui-MAN B&W diesel engine,,,,,,,,,,,11S90ME-C10.5,Sea390.pdf,,,"6,555th diesel engine at the Tamano Machinery Factory",,
ARAUcaria,"27,000DWT open bulker",,,"June 8, 2018","20,800m³",About 13.5kt,,160.80m,26.00m,14.00m,"16,774",Hitachi MAN B&W 6S42MC-7.1 diesel x 1 unit,Sea390.pdf,NAIKAI ZOSEN CORPORATION,9.88m,"4,165kW",Panama,"27,356t"
CAPE CLOVER,Bulk carrier,,Wealth Line Inc.,"January 30, 2018",,about 14.50kt,,291.96m,45.00m,24.60m,"93,451",MAN B&W 6G70ME-C9.5 diesel x 1 unit,Sea390.pdf,427,18.20m,,,"183,194t"
ST. SOFIA,Bulk carrier (neo60BC),,Eastern Mediterranean Maritime Limited,"May 28, 2018",,about 14.5kt,,199.99m,32.25m,18.50m,"34,094",Mitsui-MAN B&W 6S50ME-B9.3 diesel x 1 unit,Sea390.pdf,1960,,,Malta,"60,424t"
UNI SUNSHINE,Bulk carrier,,Yamasa Shipholding Unicorn S.A.,"April 24, 2018",,14.00kt,,179.99m,30.00m,14.63m,"22,734",Kawasaki-MAN B&W 5S50ME-C8.5 diesel x 1 unit,Sea390.pdf,10877,10.339m,,Hong Kong,"36,880t"
NORD OLYMPIA,Product/chemical tanker,,Triton Navigation B.V.,"March 9, 2018",,15.0kt,,182.50m,32.20m,19.05m,"29,513",Mitsui MAN B&W 6S50ME-B9.5 diesel x 1 unit,Sea390.pdf,717,13.10m,,Panama,"49,995t"
KYOWA FALCON,RORO ship,,Pacific Line Trading Inc.,"May 9, 2018",,14.00kt,,134.0m,22.60m,14.4m,"12,592",6UEC33LSE-C2 diesel x 1 unit,Sea390.pdf,S-5961,,,Marshall Islands,"12,084t"
SOUTHERN REVERENCE,Tanker,,,"March 27, 2018",,15.25kt,,243.80m,42.00m,21.48m,"60,855",MAN-B&W 6G60ME-C9.5 diesel x 1 unit,Sea390.pdf,1568,,,Panama,"108,677t"
DIAMOND GAS ORCHID,LNGC,Mitsubishi Corporation and Nippon Yusen Kabushiki Kaisha (NYK Line),2324,"June 29, 2018","165,451m³",19.5kt,ABS,293.5m,48.94m,11.505m,11.050m,"144,828",,"Mitsubishi, MR21-II, Impulse, Reaction, Two Cylinders, Cross-Compound Marine Steam Turbine with Articulated Type Double Reduction Gear x 1 unit and GE, N3 HXC 1000 J8, Electric Propulsion Motor with a Reduction Gear x 1 unit","12,400kW x 61.0rpm (both)",Sea391.pdf,,
ONE STORK,mega container ship,Dorothy Ship Holding S.A.,,,"14,000-TEUs",22.5kt,ClassNK,364.15m,50.6m,29.5m,15.75m,"144,285","139,335t",DU-WinGD W9X82,,Sea391.pdf,,
FEDERAL DART,box laker,Federal Cornwallis Ltd.,,"April 5, 2018","41,651m³",14.0kt,DNV GL,,23.762m,14.85m,10.830m,"20,763","34,492t",Mitsui MAN B&W 5S50ME-C9.5 diesel x 1 unit,"6,050kW at 97.0rpm",Sea391.pdf,,
KYOWA FALCON,RORO/container cargo ship,Pacific Line Trading Inc.,S-5961,,"557 vehicles, 649TEUs (with 100 reefer plugs)",About 14.0kt,,143.03m,22.60m,14.40m,,"12,592t","12,084t",6UEC33LSE-C2 diesel x 1 unit,"3,630kW x 145min-1",Sea391.pdf,Marshall Islands,
KYOWA STORK,RORO/container cargo ship,Kyowa Shipping Co.,S-5962,,"557 vehicles, 649TEUs (with 100 reefer plugs)",About 14.0kt,,143.03m,22.60m,14.40m,,"12,592t","12,032t",6UEC33LSE-C2 diesel x 1 unit,"3,630kW x 145min-1",Sea391.pdf,Marshall Islands,
SILVER TIARA,passenger/car ferry,"Kawasaki Kinkai Kisen Kaisha, Ltd.",,,"26 crew members, 494 passengers, 82 12m-long trucks, 30 passenger cars, 57 large motorcycles",About 19.7kt,,,,,,"8,543","3,620t",Makita-Mitsui MAN B&W 8S35ME-B9.5 diesel x 2 units,"6,960kW x 167.0min-1 x 2 units",Sea391.pdf,,
TONEGAWA,Malaccamax-type VLCC,"Kawasaki Kisen Kaisha, Ltd.",,"July 12, 2018",,about 14.95kt,ClassNK,338.95m,60.00m,28.50m,21.05m,"160,057","312,858t",MAN B&W 7G80ME-C9.5 x 1set,,Sea391.pdf,,
CASTILLO DE CALDELAS,LNG carrier,La Arena Navigation S.A.,,,"178,803m³",19.5kt,LR,296.98m,48.7m,27.0m,,,,7G70ME-C9.2-GI diesel x 1 unit,,Sea391.pdf,,
NORDINDEPENDENCE,Tanker,Nordindependence Shipping C.V.,1392,,,about 15.2kt,LR,,44.00m,21.8m,,"60,200","112,000t",Mitsui MAN B&W 6G60ME-C9.2 diesel x 1 unit,,Sea391.pdf,,
SINLAU BULKER,Bulk carrier,Admiral Logistics Corporation,902,,,14.0kt,NK,179.97m,30.00m,14.05m,9.822m,"21,574","34,485t",MAN B&W 6S46ME-B8.5 diesel x 1 unit,,Sea391.pdf,,
AFRICAN GANNET,Log & cargo ship,African Gannet Shipping Co. Ltd.,563,,,14.0kt,ClassNK,179.9m,30.0m,15.0m,10.527m,"23,224","37,806t",6UEC45LSE-ECO-B2 diesel x 1 unit,,Sea391.pdf,Bahamas,
NORD KANMON,Bulk carrier,"Lepta Shipping Co., Ltd.",727,,,14.6kt,ClassNK,199.90m,32.26m,18.60m,13.00m,"34,808","60,236t",MAN B&W 6S50ME-B9.3 diesel x 1 unit,,Sea391.pdf,Singapore,
PEDHOULAS CEDRUS,Bulk carrier,Pinewood Shipping Corporation,1552,,,14.50kt,LR,229.00m,32.26m,20.00m,,,,MAN B&W 6S60ME-C8.2 diesel x 1 unit,,Sea391.pdf,Cyprus,
SUZUKASAN,Crude oil tanker,Japan Marine United Corporation,EPEE TANKER INC.,N/A,"October 12, 2018",N/A,15.5kt,ClassNK,N/A,339.5m,60.0m,28.5m,21.085m,"160,123","312,037t",MAN B&W 7G80ME-C9.5 diesel,N/A,Sea392.pdf
EAGLE TRADER,VLCC,"Mitsui E&S Shipbuilding Co., Ltd.",Atlantis Shipping Navigation S.A.,N/A,"October 2, 2018",N/A,N/A,N/A,N/A,N/A,N/A,N/A,N/A,N/A,"310,000DWT",MITSUI-MAN B&W 7G80ME-C9.5 diesel,N/A,Sea392.pdf
ENSHU MARU,LNG transport vessel,"Kawasaki Heavy Industries, Ltd.","Kawasaki Kisen Kaisha, Ltd. (""K"" Line) and Tokyo Century Corporation",1720,N/A,"165,257m³",N/A,ClassNK,N/A,339.5m,60.00m,28.50m,N/A,"159,625","312,424t",Mitsui-MAN B&W 7G80ME-C9.5 diesel,N/A,Sea392.pdf
MEDI KYOTO,Post-Panamax bulk carrier,Sanoyas Shipbuilding Corporation,N/A,1351,"September 21, 2018","105,486m³",about 13.8kt,ClassNK,Panama,235m,38.0m,19.4m,13.527m,"49,401","89,499t",MANB&W 6S60ME-C8.2 diesel,N/A,Sea392.pdf
OI MARU,Bulk carrier,"Namura Shipbuilding Co., Ltd.",Erica Navigation S.A.,N/A,"June 14, 2018",N/A,about 14.0kt,ClassNK,Liberia,249.97m,43.00m,18.70m,12.70m,"59,880","100,325t",MAN B&W 6S60ME-C8.2 diesel,"10,450kW",Sea392.pdf
ORANGE EHIME,Car ferry,"Imabari Shipbuilding Co., Ltd.",Shikoku Kaihatsu Ferry Co. Ltd.,N/A,"August 21, 2018",N/A,22.05kt,JG,N/A,199.9m,27.5m,10.2m,N/A,"15,000","6,464t",Pielstic 18PC2-6B diesel,N/A,Sea392.pdf
UNI HORIZON,Bulk carrier,"Oshima Shipbuilding Co., Ltd.",Yamasa Shipholding Victoria S.A.,10878,"June 28, 2018",N/A,14.00kt,ClassNK,Hong Kong,179.99m,30.00m,14.63m,10.339m,"22,734","36,861t",Kawasaki-MAN B&W 5S50ME-C8.5 diesel,N/A,Sea392.pdf
SWORD,Tanker,"Sumitomo Heavy Industries Marine & Engineering Co., Ltd.",Lundquist Shipping Company Limited,1393,"August 9, 2018",N/A,about 15.0kt,LR,N/A,N/A,42.00m,21.45m,N/A,"57,300","106,200t",Mitsui MAN B&W 6G60ME-C9.2 diesel,N/A,Sea392.pdf
SULPHUR GLORY II,Molten sulphur carrier,"Sasaki Shipbuilding Co., Ltd.",DT Chemical S.A.,701,"July 24, 2018",N/A,12.50kt,BV,Panama,89.50m,14.50m,6.90m,5.03m,"2,812","2,999t",Daihatsu Diesel 6DEM-28L diesel,N/A,Sea392.pdf
DIAMOND GAS ROSE,LNG carrier,"MI LNG Company, Limited (Mitsubishi Shipbuilding Co., Ltd.)",Diamond LNG Shipping 2 Pte. Ltd.,2325,"August 1, 2018","165,467.106m³",19.5kt,ABS,N/A,293.5m,48.94m,23.05m,11.050m,"144,828",N/A,"Mitsubishi, MR21-II, steam turbine","12,400kW",Sea392.pdf
CSK ZEPHYR,bulk carrier,"Namura Shipbuilding Co., Ltd.",Gulf Bulk Carriers Pte. Ltd.,N/A,"November 22, 2018",N/A,14.0kt,ABS,Singapore,299.95m,50.00m,25.00m,18.30m,"108,362","207,805t",MAN B&W 6G70ME-C9.5 diesel,"15,770kW",Sea393.pdf
FOLEGANDROS,Suezmax tanker,Japan Marine United Corporation (JMU),OMEGA FOUR MARINE CORP. of OKEANIS ECO TANKERS,N/A,"September 19, 2018",N/A,14.65kt,ABS,N/A,274.30m,48.00m,23.15m,N/A,"82,648","159,221t",MAN-B&W 7S65ME-C8.5 diesel,N/A,Sea393.pdf
GENESIS RIVER,LPG carrier,"Kawasaki Heavy Industries, Ltd.","Kawasaki Kisen Kaisha, Ltd.",1736,"November 20, 2018","82,418m³",N/A,ABS,Panama,229.90m,37.20m,21.00m,11.20m,"46,794","54,149t",Kawasaki-MAN B&W 7S60ME-C8.2 diesel,N/A,Sea393.pdf
LNG JUNO,LNG carrier,"Mitsubishi Shipbuilding Co., Ltd.",MOG-X LNG SHIPHOLDING S.A.,2323,"November 30, 2018","180,517m³",19.5kt,ABS,N/A,297.5m,48.94m,27.0m,11.5m,"149,367",N/A,"Mitsubishi, MR21-II, Marine Steam Turbine with Reduction Gear x 1 set / GE, N3 HXC 1000 J8, Electric Propulsion Motor with a Reduction Gear x 1 set","12,450kW x 61.0rpm / 12,450kW x 61.0rpm",Sea393.pdf
SEFURIZAN MARU,cement carrier,"Kanda Shipbuilding Co., Ltd.","Tsurumaru Shipping Co., Ltd.",578,"October 15, 2018",N/A,13.7kt,ClassNK,N/A,113.03m,18.60m,9.70m,6.95m,"5,430","7,296t",AKASAKA A45S diesel,N/A,Sea393.pdf
ONE COLUMBA,Container carrier,Japan Marine United Corporation,Hanna Ship Holding S.A.,5122,"November 16, 2018",N/A,22.5kt,ClassNK,N/A,364.15m,50.6m,29.5m,15.79m,"145,647","138,611t",WinGD W9X82,N/A,Sea393.pdf
LOWLANDS HORIZON,Bulk carrier,"Oshima Shipbuilding Co., Ltd.",CLdN Cobelfret Pte. Ltd.,10884,"September 26, 2018",N/A,14.30kt,DNV GL,Singapore,234.98m,38.00m,19.50m,14.240m,"49,565","93,478t",Kawasaki-MAN B&W 6S60ME-C8.5 diesel,N/A,Sea393.pdf
ST.NIKOLAI,Product/chemical tanker,"Onomichi Dockyard Co., Ltd.",Shenlong Maritime Pte. Ltd.,747,"October 18, 2018",N/A,15.4kt,ClassNK,Singapore,175.00m,32.20m,19.05m,13.10m,"29,513","50,129t",Mitsubishi 6UEC50LSH-Eco-C2 diesel,N/A,Sea393.pdf
AUDACITY,Bulk carrier,"Tsuneishi Shipbuilding Co., Ltd.",Audacity Marine Inc.,1572,"September 19, 2018",N/A,14.50kt,LR,Liberia,229.00m,32.26m,20.00m,N/A,N/A,N/A,MAN B&W 6S60ME-C8.2 diesel,N/A,Sea393.pdf
MINERVA ZENOBIA,Crude oil carrier,"Sasebo Heavy Industries Co., Ltd.","Jiro Shipping, S.A.",S845,"June 28, 2018",N/A,15.0kt,ABS,Hellenic Republic,249.97m,42.00m,21.20m,14.80m,"63,485","114,661t",MAN B&W 6G60ME-C9.5 diesel,N/A,Sea393.pdf
LANCING,Tanker,"Sumitomo Heavy Industries Marine & Engineering Co., Ltd.",North Sea Shuttle Company Limited,1394,"November 2, 2018",N/A,about 15.0kt,LR,N/A,224.64m,42.00m,21.45m,N/A,"57,300","106,200t",Mitsui MAN B&W 6G60ME-C9.2 diesel,N/A,Sea393.pdf
HAKONE GALAXY,Chemical tanker,"Shin Kurushima Dockyard Co., Ltd.",MOL Chemical Tankers Pte. Ltd.,S-5972,"September 13, 2018",N/A,14.95kt,ClassNK,Singapore,151.5m,27.1m,14.2m,N/A,"16,589","26,196t",B&W 6S46ME-B8.5 diesel,N/A,Sea393.pdf
ENEOS EARTH,crude oil tanker,JMU (Japan Marine United Corporation),ELM MARITIME S.A.,"December 27, 2018",N/A,ClassNK,339.5m,60.0m,28.5m,21.085m,"160,723","312,175t",WinGD W7X82 diesel x 1 unit,Sea394.pdf,,,,
SHINSHU MARU,LNG carrier,"Kawasaki Heavy Industries, Ltd.",JERA-NYK Line JV,"February 15, 2019",Approx. 19.5kt,,299.90m,48.90m,27.00m,11.80m,"135,951","82,287t","2 propulsion motors, 2 reduction gears",Sea394.pdf,1734,"177,277m³",Bahamas,
LAUREL PRIME,LPG carrier,"Mitsubishi Shipbuilding Co., Ltd. (MHIMSB)",,"December 28, 2018",17.0kt,ClassNK,230.0m,36.6m,21.65m,11.575m,"47,963",N/A,MAN Diesel & Turbo Marine Diesel Engine 7S60ME-C8.5 diesel x 1 unit,Sea394.pdf,2331,"83,305m³",,
AFRICAN BATIS,bulk carrier,"Mitsui E&S Shipbuilding Co., Ltd. (MES-S)",,"January 17, 2019",about 14.5kt,,199.99m,36.00m,18.45m,,"38,238","66,504t",Mitsui-MAN B&W 7S50ME-B9.3 diesel x 1 unit,Sea394.pdf,1945,"82,800 m³",Panama,
ORMOS,Panamax bulk carrier,Sanoyas Shipbuilding Corporation,Hikari Navigation Co.,"January 10, 2019",about 14.5kt,ClassNK,229.00m,32.24m,20.20m,14.668m,"43,380","81,944t",MAN B&W 6S60ME-C8.2 diesel x 1 unit,Sea394.pdf,1357,"96,597m³",Bahamas,
e-Oshima,battery-driven ferryboat,"Oshima Shipbuilding Co., Ltd.",,Apr-19,Max. 10.0kt,"JG (smooth water area, limited within 5 sea miles)",35m,9.60m,3.80m,2.60m,290 (JG),N/A,N/A,Sea394.pdf,,"50 persons, one bus, and four cars","Japan (Saikai City, Nagasaki Pref.)",
KIRANA HASTA,product tanker,Naikai Zosen Corporation,Apricot Maritime S.A.,"December 26, 2018",about 13.5kt,ClassNK,157.98m,27.90m,11.20m,7.20m,N/A,"18,890DWT",Hitachi MAN B&W 7S35MC7.1 diesel x 1 unit,Sea394.pdf,,"23,265m³",Singapore,
DAIWAN LEADER,Bulk carrier,,Daiwan Leader S.A.,,14.4kt,ClassNK,179.97m,30.00m,14.05m,9.822m,"21,574","34,442t",MAN B&W 6S46ME-B8.5 diesel x 1 unit,Sea394.pdf,906,,N/A,
HOKKAIDO MARU,Ro/Ro cargoship,,"Kawasaki Kinkai Kisen, Ltd.",,22.7kt,JG,179.90m,27.60m,20.98m,,"7,100","12,400t",9S50ME-C8.5 diesel x 1 unit,Sea394.pdf,,,N/A,
HAKATA PRINCESS,Product/chemical tanker,,"Lepta Shipping Co., Ltd.",,15.1kt,NK,175.00m,32.20m,19.05m,13.10m,"29,545","49,999t",MAN B&W 6S50ME-B9.5 diesel x 1 unit,Sea394.pdf,751,,Panama,
MORNING EMMA,LPG carrier,,"Trio Happiness, S.A.",,13.4kt,BV,99.98m,17.20m,7.80m,6.10m,"4,301","4,983t",MAKITA-MITSUI-MAN B&W 5L35MC6 diesel x 1 unit,Sea394.pdf,703,,Panama,"2,750kW x 178min-1"
ASTORIA HARMONY,Bulk carrier,,,,14.00kt,ClassNK,182.87m,31.0m,14.5m,,"24,300","38,500t",6S46ME-B8.5 diesel x 1 unit,Sea394.pdf,S-3717/S-6011,,Panama,
ONE GRUS,Container carrier,,Basho Ship Holding LLC,,22.5kt,ClassNK,364.15m,50.6m,29.5m,15.79m,"146,694","138,611t",WinGD W9X82 diesel x 1 unit,Sea394.pdf,5123,,,
HOURAI MARU,LPG carrier,"Namura Shipbuilding Co., Ltd.",Southern Pacific Holding Corporation,"March 11, 2019","38,000m³",ClassNK,Marshall Islands,182.97m,29.60m,10.40m,"28,894t",MAN B&W 6G50ME-B9.5 diesel,unit,Sea395.pdf,,,,
SELINA H,Panamax bulk carrier,Japan Marine United Corporation,JMU,"March 13, 2019",,DNV GL,,229.0m,32.26m,20.0m,"80,716t",MAN B&W 6S60ME-C8.2 diesel,unit,Sea395.pdf,14.5kt,14.45m,,
CORONA YOUTHFUL,bulk carrier,"Oshima Shipbuilding Co., Ltd.",FGL MAST PANAMA S.A.,"February 1, 2019","110,327m³",ClassNK,,234.99m,43.00m,18.40m,"91,861t",Kawasaki MAN B&W 6S60ME-C8.5 diesel,"9,120kW x 84.0rpm",Sea395.pdf,14.3kt,12.885m,,
MARVEL CRANE,LNG carrier,"Mitsubishi Shipbuilding Co., Ltd.","Lepta Shipping Co., Ltd.","March 28, 2019","177,627m³",ABS,,297.50m,48.94m,27.50m,,"Mitsubishi, MR21-II, marine steam turbine with reduction gear x 1 unit, GE, N3 HXC 1000 J8, electric propulsion motor with reduction gear x 1 unit","13,000kW x 62.0rpm, 13,000kW x 62.0rpm",Sea395.pdf,19.5kt,11.40m,"139,049",
NIAGARA HIGHWAY,Pure car carrier,"Imabari Shipbuilding Co., Ltd.","Yahata Kisen Co., Ltd./Pedregal Maritime S.A.","March 25, 2019",,ClassNK,,199.98m,37.2m,38.79m,"21,052t",7UEC60LSE-Eco-A2 diesel,unit,Sea395.pdf,20.0kt,,,
MEDI NORFOLK,Bulk carrier,"Mitsui E&S Shipbuilding Co., Ltd.",Seiun Shipping S.A.,"March 28, 2019",,ClassNK,Panama,199.99m,32.25m,18.50m,"60,384t",Mitsui-MAN B&W 6S50ME-B9.3 diesel,unit,Sea395.pdf,14.5kt,,,
ALFA FINLANDIA,Crude oil carrier,"Sumitomo Heavy Industries Marine & Engineering Co., Ltd.",Shinobu Shipping Company Limited,"February 7, 2019",,LR,Bahama,237.0m,44.0m,21.8m,"112,000t",Hitachi MAN B&W 6G60ME-C9.5 diesel,unit,Sea395.pdf,15.0kt,,,
KEN JYO,Log bulk carrier,"Saiki Heavy Industries Co., Ltd./Onomichi Dockyard Co., Ltd.",Delica Shipping S.A.,"January 15, 2019",,ClassNK,Panama,174.44m,30.00m,15.10m,"37,109t",MAN B&W 6S46ME-B8.5 diesel,unit,Sea395.pdf,15.0kt,10.05m,,
CHEMROAD HAWK,Chemical tanker,"Shin Kurushima Dockyard Co., Ltd.",Cassiopeia Marine S.A.,"March 1, 2019",,ClassNK,Panama,172m,27.4m,16.3m,"35,647t",6UEC50LSH-Eco-C2 diesel,unit,Sea395.pdf,15.0kt,,,
LAURENCE FRANCOISE,Bulk carrier,"Tsuneishi Shipbuilding Co., Ltd.",null,"February 1, 2019",,ClassNK,Isle of Man,229.00m,32.26m,20.00m,"81,600t",MAN B&W 6S60ME-C8.2 diesel,unit,Sea395.pdf,14.5kt,,,
e-Oshima,Ferryboat,"Oshima Shipbuilding Co., Ltd.",Oshima,"June 12, 2019","50 passengers, 1 bus and 4 cars, or 8 cars",Max 10.0kt,"JG (calm water area, limited within 5 nm)","Japan (Saikai City, Nagasaki Pref.)",35.00m,9.60m,3.80m,2.60m,340 (JG),Electric motors,,Sea396.pdf,,
LILAC PROMENADE,LPG carrier,Japan Marine United Corporation (JMU),SMILE SHIPHOLDING S. A.,"May 31, 2019",,16.75kt,ClassNK,,230.0m,36.6m,22.2m,11.3m,"51,000",WinGD 7RT-flex58T-D diesel,,Sea396.pdf,5124,"53,100t"
PYXIS PIONEER,LPG carrier,"Kawasaki Heavy Industries, Ltd.",Kumiai Navigation (Pte) Ltd.,"April 23, 2019","82,391m³",N/A,,Singapore,229.90m,37.20m,21.00m,11.20m,"47,236",Kawasaki-MAN B&W 7S60ME-C8.2 diesel,,Sea396.pdf,1737,"53,928t"
FUTURE ACE,LPG carrier,"Mitsubishi Shipbuilding Co., Ltd. (MHIMSB)",,"March 29, 2019","83,272m³",17.0kt,ClassNK,,230.0m,36.6m,21.65m,11.575m,"48,167",MAN Diesel & Turbo Marine Diesel Engine 7S60ME-C8.5,"13,000kW",Sea396.pdf,,
KYBELE HORIZON,Ore carrier,Imabari Shipbuilding Co. Ltd.,,,,14.5kt,ClassNK,N/A,320.0m,55.0m,24.3m,,"123,000",6G70ME-C9.5 diesel,,Sea396.pdf,,"240,750t"
ONE APUS,Container carrier,Japan Marine United Corporation,Chidori Ship Holding LLC,,,22.5kt,ClassNK,N/A,364.15m,50.6m,29.5m,15.79m,"146,694",WinGD W9X82,,Sea396.pdf,5124,"138,611t"
KIRANA NAWA,Black product tanker,Naikai Zosen Corporation,Regulus Leasing Pte. Ltd.,,,13.4kt,ClassNK,Singapore,157.98m,27.90m,11.20m,7.26m,"13,136",Hitachi-MAN B&W 7S35MC7.1 diesel,"4,900kW",Sea396.pdf,,"18,960t"
PACIFIC JASPER,Oil/chemical tanker,"Onomichi Dockyard Co., Ltd.",Friend Shine Shipping S.A.,,,15.0kt,ClassNK,Monrovia,175.00m,32.20m,19.05m,13.10m,"29,513",Mitsui MAN B&W 6S50ME-B9.5 diesel,,Sea396.pdf,750,"49,998t"
NORDIC COPENHAGEN,Chemical tanker,"Shin Kurushima Dockyard Co., Ltd.",Panamanian owner,,,14.95kt,NK,Panama,151.5m,27.1m,14.2m,,"16,572",B&W 6S46ME-B8.5 diesel,,Sea396.pdf,S-6030,"26,024t"
MINERVA OLYMPIA,Crude oil carrier,"Sasebo Heavy Industries Co., Ltd.",EMY SHIPPING S.A.,,,15.0kt,ABS,Hellenic Republic,249.97m,44.00m,21.20m,14.80m,"63,485",MAN B&W 6G60ME-C9.5 diesel,,Sea396.pdf,S846,"114,661t"
APOLLO ENERGY,VLCC,"Namura Shipbuilding Co., Ltd.",KATORI NAVIERA S.A.,,N/A,N/A,ClassNK,Panama,338.95m,60.00m,21.05m,,"159,984",N/A,,Sea396.pdf,,"312,513t"
BELUGA ACE,PCC,,,,"6,800 units",,N/A,,,,,,,,,Sea396.pdf,,
CASTILLO DE MERIDA,LNG carrier,,,,,,N/A,,,,,,,,,Sea396.pdf,,
SUNFLOWER SATSUMA,Large passenger ship,,,,,,,,,,,,,,,Sea396.pdf,,
UMINOCO,Small passenger ship,,,,,,,,,,,,,,,Sea396.pdf,,
COOL EXPRESS,Large cargo ship,,,,,,,,,,,,,,,Sea396.pdf,,
GENKAI,Fishing and work vessel,,,,,,,,,,,,,,,Sea396.pdf,,
NMRI Navigable AUV NO. 4,Offshore structure/equipment,,,,,,,,,,,,,,,Sea396.pdf,,
GOOD HORIZON,"182,000DWT type bulker","Mitsui Engineering & Shipbuilding Co., Ltd. (MES)",null,1927,"March 30, 2017",null,abt. 15.0kt,NK,Panama,292.00m,44.98m,24.70m,null,"94,818","182,342mt",Mitsui-MAN B&W 6S70ME-C9.5 Diesel Engine x 1 unit,null,SEA383.pdf
NYK HAWK,mega container ship,Japan Marine United Corporation (JMU),Vista Ship Holding S.A.,null,"March 31, 2017","14,000 TEUs (including 1,120 reefer containers)",22.5kt,NK,null,364.15m,50.6m,29.5m,15.75m,"144,285","139,335t",Diesel United Wartsila W9X82 diesel x 1 unit,null,SEA383.pdf
FGSS model for 749GT coastal bulk carrier,Bulk carrier,null,null,null,null,null,null,null,null,null,null,null,null,749GT,null,"4 stroke, internal combustion engine",null,SEA383.pdf
LAVENDER,car/passenger ferry,"Mitsubishi Heavy Industries, Ltd. (MHI)","Shin Nihonkai Ferry Co., Ltd.",null,"February 28, 2017","600 persons (Coasting service), 54 persons (Crew & others), 150 units (Tracks), 22 units (Cars)",25.0 kt,null,"Otaru, Japan",197.45m,26.60m,20.30m,7.20m,"31,389",null,2 units,null,SEA383.pdf
CALANTHE OKUSHIRI,passenger/car ferry,Naikai Zosen Corporation,Heart Land Ferry,null,"April 20, 2017","460 passengers (Limited to six-hour travel), 16 crew members, 18 8-ton trucks, 48 passenger cars",about 17.5kt,"JG, Class II (Limited to coasting area)","Wakkanai, Japan",87.05m,15.00m,9.60m,"4.00m (scantling, mlod.)","3,631",593t,Daihatsu-6DKM-28e diesel x 2 units (two propellers),"2,207kW x 750/240min-¹ x 2 units",SEA383.pdf
TAMPA TRIUMPH,Container carrier,"Imabari Shipbuilding Co., Ltd.","Cypress Maritime, S.A.",null,"March 31, 2017",null,23.0kt,LR,null,365.9m,51.2m,29.9m,null,"150,709","146,792t",MAN B&W 11S90ME-C10.5 diesel x 1 unit,null,SEA383.pdf
OLGA V,Bulk carrier,"Namura Shipbuilding Co., Ltd.",Sealink Navigation Corp.,409,"March 1, 2017",null,about 14.10kt,LR,null,228.99m,32.26m,20.10m,14.50m,"44,425","81,645t",MAN B&W 6S60ME-C8.2 diesel x 1 unit,null,SEA383.pdf
LOWLANDS LIGHT,Bulk carrier,"Oshima Shipbuilding Co., Ltd.",CLdN Bulk S.A.,10821,"January 13, 2017",null,14.3kt,DNV GL,Singapore,228.36m,36.50m,20.39m,14.343m,"48,172","87,605t",Kawasaki-MAN B&W 6S60ME-C8.2 diesel x 1 unit,null,SEA383.pdf
COSMIC POLARIS,Cargo ship,"Shin Kurushima Dockyard Co., Ltd./Shin Kochi Jyuko Co., Ltd.",null,S-5923,"January 27, 2017",null,12.45kt,NK,Panama,114.00m,21.20m,14.05m,9.10m,"9,929","13,568t",B&W 6S35MC7.1 diesel x 1 unit,null,SEA383.pdf
SAND TOPIĆ,Bulk carrier,"Onomichi Dockyard Co., Ltd.",Sumitomo Corporation,720,"February 20, 2017",null,14.5kt,LR,Marshall Islands,199.90m,32.26m,18.60m,13.00m,"34,905","60,155t",MAN B&W 6S50ME-B9.3 diesel x 1 unit,null,SEA383.pdf
TENWA MARU,Bulk carrier,"Tsuneishi Shipbuilding Co., Ltd.",null,1575,"January 27, 2017",null,14.5kt,DNV GL,Marshall Islands,189.99m,32.26m,18.00m,null,"32,431","57,763t",MAN-B&W 6S50ME-C 8.2 diesel x 1 unit,null,SEA383.pdf
FOMENTO FOUR,bulk carrier,Japan Marine United Corporation,null,null,"June 17, 2019",null,14.7kt,LR,null,299.99m,50.00m,25.00m,18.40m,"107,148","209,951t",MAN B&W 7S65ME-C8.2 diesel x 1 unit,null,Sea397.pdf
DIAMOND GAS SAKURA,LNG carrier,"Mitsubishi Shipbuilding Co., Ltd. (MHIMSB)",Diamond LNG Shipping 3 Pte. Ltd.,2332,"May 15, 2019","165,502m³",19.5kt,ABS,null,293.5m,48.94m,27.0m,11.05m,"144,828",null,"Mitsubishi, MR21-II, marine steam turbine with reduction gear x 1 set; GE, N3 HXC 1000 J8, electric propulsion motor with reduction gear x 1 set","12,400kW x 61.0rpm (each of 2 units)",Sea397.pdf
KOBAYASHI MARU,bulk carrier,"Mitsui E&S Shipbuilding Co., Ltd. (MES-S)",Dilemin Shipment Ltd.,1955,"August 8, 2019",null,abt. 14.5kt,NK,Marshall Islands,199.99m,32.25m,18.50m,null,"34,552","60,397t",MITSUI-MAN B&W 6S50ME-B9.3 diesel x 1 unit,null,Sea397.pdf
SAGA FAITH,open-hatch general cargo carrier,"Oshima Shipbuilding Co., Ltd.",Saga Shipholding (Norway) AS,null,"May 10, 2019","64,510m³",15.0kt,DNV GL,null,199.90m,32.26m,19.50m,13.30m (summer),"37,441","55,807t",DIESEL UNITED WARTSILA 6RT-flex50D x 1 unit,"9,474kw at 124.0rpm",Sea397.pdf
TENRYU,VLCC,"Namura Shipbuilding Co., Ltd.","Kyoei Tanker Co., Ltd.",null,"July 23, 2019",null,null,ClassNK,Liberia,338.95m,60.00m,21.05m,null,"160,008","312,611t",null,null,Sea397.pdf
IZUMI MARU,RO-RO cargo ship,Naikai Zosen Corporation,"Izumi Kisen Co., Ltd.",null,"May 24, 2019","50 units of 13m trailers; 1,463 units of passenger cars",21.0kt,ClassNK,"Tokyo, Japan",165.00m,27.60m,24.59m,6.60m,"13,038",null,Hitachi-MAN B&W 8S50ME-C8.5 diesel x 1 unit,"12,200kW x 127.0min-¹ (MCO); 10,370kW x 120.3min-¹ (NCO)",Sea397.pdf
NSU ZENITH,Bulk carrier,"Imabari Shipbuilding Co., Ltd.",null,null,"August 29, 2019",null,14.6kt,ClassNK,null,299.9m,50.0m,24.7m,null,"108,000","207,600t",6G70ME-C9.5 diesel x 1 unit,null,Sea397.pdf
ARIZONA LADY,Crude oil/product carrier,"Sumitomo Heavy Industries Marine & Engineering Co., Ltd.",First Clean Air LR2 Pte. Ltd.,1397,"July 30, 2019",null,15.0kt,LR,Singapore,237.00m,44.00m,21.8m,null,"60,465","116,653t",Hitachi MAN B&W 6G60ME-C9.5 diesel x 1 unit,null,Sea397.pdf
ONE CYGNUS,Container carrier,Japan Marine United Corporation,Denen Ship Holding LLC,5125,"July 10, 2019",null,22.5kt,ClassNK,null,364.15m,50.60m,29.50m,15.79m,"146,694","138,611t",WinGD W9X82 diesel x 1 unit,null,Sea397.pdf
CHARISMA. GR,Bulk carrier,"Saiki Heavy Industries Co., Ltd./Onomichi Dockyard Co., Ltd.",Cardinal Maritime S.A.,766,"April 25, 2019",null,15.0kt,ClassNK,Panama,179.9m,30.00m,15.10m,10.50m,"23,765","37,295t",MAN B&W 6S46ME-B8.5 diesel x 1 unit,null,Sea397.pdf
OXALIS LOTUS,Product tanker,"Shin Kurushima Dockyard Co., Ltd.",Oxalis Shipping Co. Pte. Ltd.,6016,"May 14, 2019",null,12.9kt,ClassNK,Singapore,106.5m,19.20m,9.9m,null,"6,011","7,999t",B&W6L35MC6 diesel x 1 unit,null,Sea397.pdf
SOUTHERN GLORY,Tanker,"Tsuneishi Shipbuilding Co., Ltd.",null,S1571,"May 28, 2019",null,15.55kt,ClassNK,Panama,243.80m,42.00m,21.48m,null,"61,100","108,441t",MAN-B&W 6G60ME-C9.5 diesel x 1 unit,null,Sea397.pdf
EMPEROR PAMPERO,Dunkirkmax bulk carrier,Japan Marine United Corporation (JMU),,,"August 29, 2019",,15.05kt,ClassNK,,292.00m,45.00m,24.55m,18.18m,"93,722t","182,567t",MAN B&W 7S65ME-C8.5 diesel x 1 unit,,Sea398.pdf
BUSHU MARU,MOSS type LNG Carrier,"Mitsubishi Shipbuilding Co., Ltd. (MHIMSB)",Trans Pacific Shipping 6 Limited,2327,"July 4, 2019","180,520m³",19.5kt,ABS,,297.5m,48.94m,27.0m,11.5m,"149,367",,"1) Mitsubishi, MR21-II, marine steam turbine with reduction gear x 1 set; 2) GE, N3 HXC 1000 J8, electric propulsion motor with reduction gear x 1 set","12,450kW x 61.1rpm",Sea398.pdf
WOZMAX type GF,LNG fuelled ore carrier,"Namura Shipbuilding Co., Ltd.",,,,"about 4,000m³ x 2 units",,,,329.90m,57.00m,,25.60m,,"about 250,000t",MAN B&W 6G80ME-C9.5-GI x 1 unit,,Sea398.pdf
Ultramax 2030,Bulk carrier,"Oshima Shipbuilding Co., Ltd.",,,,"79,000m³",,DNV GL,,200.00m,32.26m,,13.30m,,"62,000t",2S Option: MAN B&W 6G50MEGI x 1 set; 4S Option: Wartsila 12V31DF x 1 set,,Sea398.pdf
INDIGO HERITAGE,SUPRAMAX bulk carrier,Sanoyas Shipbuilding Corporation,Cleveland Shipmanagement S.A.,1359,"September 5, 2019","77,067m³",about 14.3kt,ABS,Liberia,199.99m,32.24m,18.38m,12.868m,"34,178t","60,515t",MAN B&W 6G50ME-B9.3 diesel x 1 unit,,Sea398.pdf
SOHSHU MARU,LNG transport vessel,"Kawasaki Heavy Industries, Ltd.",Trans Pacific Shipping 8 Ltd.,1735,"July 19, 2019","177,269m³",Approx. 19.5kt,ClassNK,Bahamas,299.90m,48.90m,27.00m,11.80m,"135,951t","82,254t","2 propulsion motors, 2 reduction gears",,Sea398.pdf
EVER BLINK,Container carrier,"Imabari Shipbuilding Co., Ltd.","Lepta Shipping Co., Ltd.",,"October 10, 2019",,20.0kt,ClassNK,,171.9m,28.4m,14.5m,,"19,000t","21,700t",6S60ME-C10.5 diesel x 1 unit,,Sea398.pdf
SUNDA,Product tanker,"Onomichi Dockyard Co., Ltd.",Triton Navigation B.V.,753,"July 2, 2019",,14.7kt,ABS,Panama,219.00m,38.00m,19.50m,12.00m,"44,400t","79,902t",Mitsui MAN B&W 6S60ME-C8.5 diesel x 1 unit,,Sea398.pdf
IVS OKUDOGO,Bulk carrier,"Shin Kurushima Toyohashi Shipbuilding Co., Ltd.",IVS Bulk 3720 Pte. Ltd.,S-6013/S-3720,"August 8, 2019",,14.5kt,ClassNK,Singapore,196.5m,32.26m,18.7m,,"35,061t","61,331t",6S50ME-B9.5 diesel x 1 unit,,Sea398.pdf
CRYSTAL LAVENDER,LPG carrier,"Sasaki Shipbuilding Co., Ltd.",Kumiai Navigation (Pte) Ltd.,705,"August 30, 2019",,13.20kt,BV,Singapore,99.98m,17.20m,7.80m,6.10m,"4,324t","4,920t",Daihatsu 6DCM-32eL diesel x 1 unit,"2,750kW x 750min⁻¹",Sea398.pdf
VENATOR,Bulk carrier,"Tsuneishi Shipbuilding Co., Ltd.",EDO MARINE INC.,1564,"June 12, 2019",,14.50kt,ClassNK,Liberia,229.00m,32.26m,20.00m,,,,MAN B&W 6S60MEC-8.2 diesel x 1 unit,,Sea398.pdf
QUEEN ASHINOKO,Sightseeing Cruise,Japan Marine United,Hakone Sightseeing Cruise,,Apr-19,,,,,,,,,,,,,Sea398.pdf
BRIGHT CREST,VLCC,"Mitsui E&S Shipbuilding Co., Ltd. (MES-S)",null,1936,"September 11, 2019",null,null,ClassNK,null,339.5m,60.00m,28.50m,null,"160,047","312,501t",MITSUI-MAN B&W 7G80ME-C9.5 diesel x 1 unit,null,Sea399.pdf
ZAGORI,Bulk carrier,"Shin Kasado Dockyard Co., Ltd./Imabari Shipbulding Co., Ltd.",null,null,"August 29, 2019",null,null,null,null,199.9m,32.24m,19.15m,null,null,"63,000t",null,null,Sea399.pdf
TANZAWA,crude oil tanker,Japan Marine United Corporation (JMU),Manatee Shipholding S.A.,null,"October 3, 2019",null,15.5kt,ABS,null,339.5m,60.0m,28.5m,21.085m,"160,597","311,374t",WinGD W7X82 diesel x 1 unit,null,Sea399.pdf
NS DREAM,LPG carrier,"Kawasaki Heavy Industries, Ltd.",Astomos Energy Corporation,1739,"June 28, 2019","82,388m³",null,ClassNK,Panama,229.90m,37.20m,21.00m,11.20m,"47,236","54,052t",Kawasaki-MAN B&W 7S60ME-C8.2 diesel x 1 unit,null,Sea399.pdf
MARVEL HERON,LNG carrier,"Mitsubishi Shipbuilding Co., Ltd. (MHIMSB)","MOL Cameron (No. 3) S.A., Inc.",2322,"September 26, 2019","177,561m³",19.5kt,ABS,null,297.5m,48.94m,27.5m,11.4m (designed),"139,050",null,"1) Mitsubishi, MR21-II, marine steam turbine with reduction gear x 1 set; 2) GE, N3 HXC 1000 J8, electric propulsion motor with reduction gear x 1 set","2 x 13,000kW x 62.0rpm",Sea399.pdf
NIGHTSKY,Bulk carrier,"Namura Shipbuilding Co., Ltd.",Laurel World Maritime S.A.,null,"November 19, 2019",null,null,ClassNK,Bahamas,291.99m,45.00m,18.20m,null,"93,458","183,017t",MAN B&W 6G70ME-C9.5 diesel x 1 unit,null,Sea399.pdf
SOUTHERN TREASURE,wood chip carrier,"Oshima Shipbuilding Co., Ltd.",Olamar Navegacion S.A.,null,"October 31, 2019","4,326,015 cf",abt. 14.2kt,ClassNK,null,210.00m,37.00m,22.80m,"11.523m (Summer draft, ext.)","49,702","60,281t",J-ENG 6UEC50LSH-Eco-C2 diesel x 1 unit,"7,430kW at 92.0rpm",Sea399.pdf
ROYAL LAUREL,Panamax bulk carrier,Sanoyas Shipbuilding Corporation,"Leo Ocean, S.A.",1365,"December 18, 2019","96,597m³",about 14.5kt,ClassNK,Panama,229.00m,32.24m,20.20m,14.668m,"43,380","81,962t",null,null,Sea399.pdf
KYOKUYO MARU,passenger/car ferry,Naikai Zosen Corporation,"Ishizaki Kisen Co., Ltd.",null,"September 26, 2019",null,about 14.8kt,JG (smooth water area),"Matsuyama City, Ehime Pref., Japan",62.63m,13.00m,3.90m/9.10m (vehicle deck/promenade deck),2.80m (designed load draft),875,356t,Daihatsu-6DEM-23 diesel engines x 2 units,"1,200kW x 750/235min-1/unit",Sea399.pdf
BAMBOO STAR,Bulk carrier,"Minaminippon Shipbuilding Co., Ltd./Imabari Shipbuilding Co.,Ltd.",null,null,"December 6, 2019",null,14.5kt,ClassNK,null,179.97m,29.8m,15.0m,null,"23,300","37,800t",6S50ME-C8.2 diesel x 1 unit,null,Sea399.pdf
DOUKATO,Bulk carrier,"Sasebo Heavy Industries Co., Ltd.",Ginza Shipping S.A.,S856,"October 18, 2019",null,14.1kt,ABS,Malta,229.00m,38.00m,19.10m,13.49m,"46,993","85,123t",MAN B&W 6S60ME-C8.2 diesel x 1 unit,null,Sea399.pdf
WONDERFUL WORLD,Bulk carrier,"Saiki Heavy Industries Co., Ltd./Onomichi Dockyard Co., Ltd.",Hawk Marine Corporation S.A.,764,"July 10, 2019",null,14.7kt,ClassNK,Majuro,179.9m,30.00m,15.10m,10.50m,"23,765","37,367t",MAN B&W6S46ME-B8.5 diesel x 1 unit,null,Sea399.pdf
TAHO OCEANIA,Cement carrier,"Shin Kurushima Dockyard Co., Ltd.",Ta-Ho Maritime Corporation,S-6018,"September 5, 2019",null,13.6kt,ClassNK/CR,"Taiwan, Republic of China",157.00m,26.00m,14.80m,null,"16,572","23,547t",B&W6S40ME-B9.5 diesel x 1 unit,null,Sea399.pdf
BABITONGA,Bulk carrier,"Tsuneishi Shipbuilding Co., Ltd.","Great Homes Maritime, S.A.",1589,"October 25, 2019",null,14.50kt,ClassNK,Panama,229.00m,32.26m,20.00m,null,"about 43,400","about 81,600t",MAN B&W 6S60MEC-8.2 diesel x 1 unit,null,Sea399.pdf
CSC LEADER,Bulk carrier,Japan Marine United Corporation,China Steel Express Corporation,5168,"October 31, 2019",null,14.7kt,CR/NK,null,max.299.99m,50.00m,25.00m,18.4m,"106,910","208,826t",MAN-B&W 7S65ME-C8.2 x 1 unit,null,Sea399.pdf
FERRY I,passenger/car ferry,Sanoyas Shipbuilding Corporation,"Nankai Ferry Co., Ltd.",1369,"December 3, 2019",427 passengers and 37 trucks,about 18.4kt,null,"Japan (Port of Wakayama, Wakayama pref.)",108.01m,17.50m,6.10m,4.40m,"2,825",null,null,null,Sea400.pdf
null,large coal carrier,"Namura Shipbuilding Co., Ltd.","Mitsui O.S.K. Lines, Ltd. (MOL)",null,"June, 2023",null,null,null,null,abt.235m,38m,null,null,null,"abt. 95,000t",null,null,Sea400.pdf
null,LNG dual-fuel Aframax tanker,"Sumitomo Heavy Industries Marine & Engineering Co., Ltd.",null,null,null,null,null,Lloyd's Register,null,null,null,null,null,null,null,null,null,Sea400.pdf
null,LNG-fueled bulk carrier,"Oshima Shipbuilding Co., Ltd.",NYK Line,null,2023,null,null,null,null,less than 234.99m,38.00m,null,null,null,"about 95,000t",null,null,Sea400.pdf
MARVEL PELICAN,LNG transport vessel,"Kawasaki Heavy Industries, Ltd.","Mitsui & Co., Ltd.",1729,"December 13, 2019","155,985m (at -163°C, 100% capacity)",Approx. 19.5kt,ClassNK,Panama,299.90m,48.90m,27.00m,11.80m,"128,917","74,787t",null,null,Sea400.pdf
CSC CREATOR,"208,000DWT bulk carrier",Japan Marine United Corporation,null,null,"January 9, 2020",null,14.7kt,CR/NK,null,max.299.99m,50.00m,25.00m,18.40m,"106,910","208,815t",MAN-B&W 7S65ME-C8.2,1 unit,Sea400.pdf
FERRY MISHIMA,passenger/vehicle carrier ferry,Naikai Zosen Corporation,"Mishima-mura Village Office and Japan Railway Construction, Transport and Technology Agency (JRTT)",null,"March 31, 2020","250 passengers and 25 passenger automobiles, or six 12m long trucks",19.09kt,JG (Limited to coastal areas),Japan,89.60m,15.40m,10.35m,4.30m,"1,850",About 530t,Daihatsu 6DKM-36e diesels,"3,400kW x 2",Sea400.pdf
JAL KAMADHENU,Bulk carrier,"Imabari Shipbuilding Co., Ltd.",null,null,"January 24, 2020",null,14.5kt,ClassNK,null,228.9m,35.0m,19.9m,null,"45,500","84,000t",6S60ME-C7.1 diesel,1 unit,Sea400.pdf
STAR GAIA,Bulk carrier,"Mitsui E&S Shipbuilding Co., Ltd.",null,1950,"November 27, 2019",null,about 14.5kt,NK,Singapore,199.99m,32.25m,19.45m,null,"36,463","64,057t",Mitsui-MAN B&W 6S50ME-B9.3 diesel,1 unit,Sea400.pdf
AMAPOLA SOYA,Passenger/Ro-Ro vehicle ferry,Naikai Zosen Corp.,"Heartland Ferry Co., Ltd.",null,"January 24, 2020",null,19.25kt,JG (Limited to coastal area),Japan,96.50m,15.00m,10.05m,4.10m,"4,280",640t,Daihatsu-6DCM-32e diesel,2 units,Sea400.pdf
CLARA INSIGNIA,Bulk carrier,"Shin Kurushima Dockyard Co., Ltd.","Aono Marine Co., Ltd.",S-6020,"October 21, 2019",null,14.5kt,ClassNK,Marshall Islands,199.9m,32.26m,18.70m,null,"35,040","61,300t",6S50ME-B9.5 diesel,1 unit,Sea400.pdf
BLUE BUTTERFLY,Product/chemical tanker,"Onomichi Dockyard Co., Ltd.","Lepta Shipping Co., Ltd.",752,"November 13, 2019",null,14.9kt,ClassNK,Panama,175.00m,32.20m,19.05m,13.10m,"29,668","49,995t",Mitsui MAN B&W 6S50ME-B9.5 diesel,1 unit,Sea400.pdf
CRYSTAL VALERIAN,LPG carrier,"Sasaki Shipbuilding Co., Ltd.",Kumiai Navigation (Pte) Ltd.,707,"February 28, 2020",null,13.20kt,BV,Singapore,99.98m,17.20m,7.80m,6.10m,"4,324","4,920t",Daihatsu Diesel 6DCM-32eL,"2,750kW",Sea400.pdf
SETTSU,ROPAX ferry,"Mitsubishi Shipbuilding Co., Ltd.","Hankyu Ferry Co., Ltd.",null,"February 27, 2020","277 units (8.5m long trucks), 188 units (Passenger cars), 663 people (Passengers), 36 persons (Crew members)",23.5kt,Japanese Government,Japan (Kobe),195.00m,29.60m,20.60m (Deck 5),6.95m,"36,206 (International)","7,176t",Wartsila 14V31 (MR),"8,540kW x 2 units",Sea401.pdf
ESTEEM EXPLORER,crude oil tanker,Japan Marine United Corporation (JMU),MK Centennial Maritime B.V.,null,"January 21, 2020",null,15.5kt,ABS,null,339.5m,60.0m,28.5m,21.085m,"160,649","312,135t",MAN B&W 7G80ME-C9.5 diesel,1 unit,Sea401.pdf
PHOENIX GAIA,LPG carrier,"Kawasaki Heavy Industries, Ltd.",Phoenix Tankers Pte. Ltd.,1742,"January 16, 2020","82,416m³",null,ClassNK,Singapore,229.90m,37.20m,21.00m,11.20m,"47,231","53,928t",Kawasaki-MAN B&W 7S60ME-C8.2 diesel engine,1 unit,Sea401.pdf
FEDERAL OSAKA,bulk carrier,"Mitsui E&S Shipbuilding Co., Ltd. (MES-S)",Caperose Navigation S.A.,1963,"April 7, 2020",null,about 14.5kt,NK,Liberia,199.99m,32.25m,18.50m,null,"34,582","60,467t",MITSUI-MAN B&W 6S50ME-B9.3 diesel,1 unit,Sea401.pdf
SANTA ISABEL,Newcastlemax type bulk carrier,"Namura Shipbuilding Co., Ltd.","Compania Flor de Vapores, S.A.",null,"January 24, 2020",null,null,ClassNK,Panama,299.97m,50.00m,18.30m,null,"109,872","208,072t",MAN B&W 6G70ME-C9.5 diesel,1 unit,Sea401.pdf
KIMIMACHI,bulk carrier,"Oshima Shipbuilding Co., Ltd.",Pansy Line S.A.,null,"January 8, 2020","110,321m³",about 14.3kt,NK,null,234.99m,43.00m,18.40m,12.884m (Summer),"52,400","91,296t",Kawasaki MAN B&W 6S60ME-C8.5,"10,800kW at 86.0rpm",Sea401.pdf
MEDI FUJI,Panamax bulk carrier,Sanoyas Shipbuilding Corporation,null,1367,"February 19, 2020","96,597m³ (grain)",about 14.5kt,ClassNK,null,229.00m,32.24m,20.20m,14.668m,"43,496","81,791t",null,null,Sea401.pdf
MORNING SPARROW,chemical/product oil carrier,"Minaminippon Shipbuilding Co., Ltd./Imabari Shipbuilding Co., Ltd.",Nakata Maritime Corporation,null,"March 16, 2020",null,15.0kt,ClassNK,null,186.0m,32.2m,19.0m,null,"30,000","50,300t",7S50ME-B9.5 diesel,1 unit,Sea401.pdf
SEAVELVET,Crude oil carrier,"Sumitomo Heavy Industries Marine & Engineering Co., Ltd.",Sparkle Navigation Ltd,1400,"March 23, 2020",null,15.0kt,LR,Malta,237.00m,44.00m,21.80m,null,"60,435","111,925.2t",Hitachi MAN B&W 6G60ME-C9.5 diesel,1 unit,Sea401.pdf
CSC PREEMINENCE,Bulk carrier,Japan Marine United Corporation,China Steel Express Corporation,5171,"March 27, 2020",null,14.7kt,CR/ABS,null,max.299.99m,50.00m,25.00m,18.4m,"106,910","208,801t",MAN-B&W 7S65ME-C8.2 diesel,1 unit,Sea401.pdf
FAIRCHEM ENDURANCE,Chemical tanker,"Shin Kurushima Dockyard Co., Ltd.",Panamanian owner,S-6022,"February 2, 2020",null,14.95kt,ClassNK,Panama,151.5m,27.1m,14.2m,null,"16,589","25,986t",6S46ME-B8.5 diesel,1 unit,Sea401.pdf
CHALLENGE PROSPECT II,Product/chemical tanker,"Onomichi Dockyard Co,. Ltd.",Bluejay Maritime S.A.,757,"January 23, 2020",null,15.1kt,ClassNK,Liberia,175.00m,32.20m,19.05m,13.10m,"29,513","49,995t",Mitsui MAN B&W 6S50ME-B9.5 diesel,1 unit,Sea401.pdf
IKAN BILIS,Bulk carrier,"Tsuneishi Shipbuilding Co., Ltd.",Bright Carrier S.A.,1592,"April 16, 2020",null,14.50kt,ClassNK,Marshall Islands,229.00m,32.26m,20.00m,null,"43,400","about 81,600t",MAN B&W 6S60MEC-8.2 diesel,1 unit,Sea401.pdf
LPG Dual-Fueled Capesize Bulk Carrier (Imabari Concept),Capesize Bulk Carrier,"Imabari Shipbuilding Co., Ltd.",null,null,null,null,null,ClassNK,null,null,null,null,null,null,"180,000 DWT",LPG dual-fueled,null,Sea402.pdf
SAKIZAYA STAR,Bulk Carrier,Japan Marine United Corporation,null,null,"March 27, 2020",null,14.5kt,ClassNK,null,229.0m,32.26m,20.20m,14.55m,"44,314","82,516t",MAN B&W 6S60ME-C8.5-EGRBP diesel x 1 unit,null,Sea402.pdf
FUJISAN MARU,VLCC,"Namura Shipbuilding Co., Ltd.","Iino Kaiun Kaisha, Ltd.",null,"March 23, 2020",null,null,ClassNK,Japan,338.92m,60.00m,21.05m,null,"160,106","312,499t",null,null,Sea402.pdf
DIETRICH OLDENDORFF,Bulk Carrier,"Oshima Shipbuilding Co., Ltd.",Oldendorff Drybulk GmbH & Co. KG,null,"March 13, 2020","115,356m³",about 14.0kt,ClassNK,null,234.96m,38.00m,20.62m,15.040m (Summer),"53,219","100,449t",Mitsui MAN B&W 6G60ME-C9.5 diesel x 1 unit,"9,000kW at 72.0rpm",Sea402.pdf
BW YUSHI,LPG Carrier,"Mitsubishi Shipbuilding Co., Ltd. (MHIMSB)",null,2336,"February 13, 2020","83,315m³",16.6kt,ClassNK,null,230.0m,36.6m,21.65m,11.575m (Summer),"48,122",null,MAN Diesel & Turbo Marine Diesel Engine 7S60ME-C8.5 x 1 unit,"13,000kW x 100min⁻¹",Sea402.pdf
AQUABEAUTY,Bulk Carrier,Sanoyas Shipbuilding Corporation,null,1363,"May 19, 2020","96,597m³ (grain)",about 14.5kt (at C.S.O. with 15% sea margin),ClassNK,null,229.00m,32.24m,20.20m,14.668m (Summer),"43,376","82,023t",null,null,Sea402.pdf
SARITA UGLAND,Bulk Carrier,"Tsuneishi Shipbuilding Co., Ltd.",null,null,null,null,null,null,null,null,null,null,null,null,"64,000t",null,null,Sea402.pdf
BLUE LUMINOUS,Passenger/Car Ferry,Naikai Zosen Corporation,"Tsugaru Kaikyo Ferry Co., Ltd.",null,"June 1, 2020",583 passengers; 70 units (12m long type) trucks; 1 unit (8m long type) automobiles; 30 automobiles,About 20kt,JG (Coasting area),"Aomori City, Japan",144.13m,23.00m,14.10m,6.00m (ext.),"8,800","3,440t (at scantling)",Hitachi Zosen MAN B&W 6S50MC-C8.2 diesel x 1 unit,"9,945kW x 127.0min⁻¹",Sea402.pdf
IONIC ARIADNE,Crude oil carrier,"Sumitomo Heavy Industries Marine & Engineering Co., Ltd.",Ionic Ariadne Inc.,1401,"June 10, 2020",null,15.0kt,LR,Marshall Islands,228.96m,44.00m,21.8m,null,"about 60,600","about 111,600t",Hitachi MAN B&W 6G60ME-C9.5 diesel x 1 unit,null,Sea402.pdf
OCEAN LEGEND,Bulk Carrier,"Sasebo Heavy Industries Co., Ltd.",Ocean Legend Maritime Inc.,S860,"February 19, 2020",null,14.4kt,ClassNK,Hong Kong,225.00m,32.20m,20.00m,14.40m,"41,766","78,208t",MAN B&W 6S60ME-C8.5 diesel x 1 unit,null,Sea402.pdf
IZUMO HERMES,Bulk Carrier,"Onomichi Dockyard Co., Ltd./Saiki Heavy Industries Co., Ltd.",Cedar Valley S.A.,726,"February 27, 2020",null,14.7kt,ClassNK,Panama,174.44m,30.00m,15.10m,10.50m,"23,765","37,301t",MAN B&W 6S46ME-B8.5 diesel x 1 unit,null,Sea402.pdf
TAIAN NO.2,Oil tanker,"Sasaki Shipbuilding Co., Ltd.","Ta Tong Marine Co., Ltd.",708,"April 21, 2020",null,12.48kt,CR,Taiwan,79.92m,12.00m,6.30m,5.10m,"1,599","2,489t",Daihatsu 6DEM-23L diesel x 1 unit,"1,471kW x 900rpm",Sea402.pdf
ARIES SAKURA,Bulk Carrier,"Shin Kurushima Toyohashi Shipbuilding Co., Ltd.",Panamanian owner,S-6075/S-3736,"June 30, 2020",null,14.0kt,ClassNK,Panama,182.87m,31.0m,14.7m,null,"25,012","39,870t",Makita 6S46ME-B8.5-HPSCR diesel x 1 unit,null,Sea402.pdf
SEVEN ISLAND YUI,JETFOIL passenger ship,"Kawasaki Heavy Industries, Ltd.","Tokai Kisen Co., Ltd. and the Japan Railway Construction, Transport and Technology Agency (JRTT)",null,"June 30, 2020",241 passengers,43kt,null,null,27.4m (with hydrofoils down),8.5m,null,null,null,null,Two waterjet propulsors driven by two gas turbine engines,null,Sea403.pdf
E/V e-Oshima,electric battery-driven ferry,null,null,null,null,null,null,null,null,null,null,null,null,null,null,600kW lithium ion batteries,600kW,Sea403.pdf
KITAKAMI,Large passenger ship,Mitsuibishi Shipbuilding Co. Ltd.,null,null,null,null,null,null,null,null,null,null,null,null,null,null,null,Sea403.pdf
SEA PASEO,Small passenger ship,"Kanda Shipbuilding Co., Ltd.",null,null,null,null,null,null,null,null,null,null,null,null,null,null,null,Sea403.pdf
UTASHIMA,Small cargo ship,null,null,null,null,null,null,null,null,null,null,null,null,null,null,null,null,Sea403.pdf
YASHIO,Fishing/fishery research ship,null,null,null,null,null,null,null,null,null,null,null,null,null,null,null,null,Sea403.pdf
ISHIN,Work vessel/special service ship,null,null,null,null,null,null,null,null,null,null,null,null,null,null,null,null,Sea403.pdf
LADY DEENA,G-Series Dunkirkmax bulker,Japan Marine United Corporation (JMU),null,null,"June 17, 2020",null,15.05kt,DNVGL,null,292.0m,45.00m,24.55m,18.15m,"93,575","182,588t",MAN B&W 7S65ME-C8.5 diesel x 1 unit,null,Sea403.pdf
DRAFTZILLA,neo66BC,"Mitsui E&S Shipbuilding Co., Ltd. (MES-S)",null,1948,"June 24, 2020",null,about 14.5kt,ClassNK,Marshall Islands,199.99m,36.00m,18.45m,null,"38,222","66,509t",Mitsui-MAN B&W 7S50ME-B9.3 diesel x 1 unit,null,Sea403.pdf
ISHIZUCHI II,"85,000DWT-type bulk carrier","Namura Shipbuilding Co., Ltd.",Erica Navigation S.A.,null,"May 22, 2020",null,null,NK,Liberia,229m,38.00m,null,13.49m,"47,109","84,927t",MAN B&W 6S60ME-C8.2 diesel x 1 unit,null,Sea403.pdf
GROVE ISLAND,"3,600,000cf wood chip carrier","Oshima Shipbuilding Co., Ltd.","Ambitious Line, S.A.",null,"June 11, 2020","3,616,756cf",abt. 14.4kt,ClassNK,null,199.99m,32.26m,22.98m,"11.51m (summer, ext.)","41,838","49,999t",J-ENG 6UEC50LSH-Eco-C2 diesel x 1 unit,"7,210kW at 99.0rpm",Sea403.pdf
FERMITA,Supramax bulk carrier,Sanoyas Shipbuilding Corporation,null,1366,"June 25, 2020","77,067m³ (grain)",about 14.3kt,ABS,null,199.99m,32.24m,18.38m,12.868m (summer),"34,164","60,480t",null,null,Sea403.pdf
EMPRESS ZONDA,Bulk carrier,Japan Marine United Corporation,null,5217,"June 2, 2020",null,15.05kt,DNVGL,Panama,max.292.00m,45.00m,24.55m,18.15m,"93,575","182,584t",MAN B&W 7S65ME-C8.5 diesel x 1 unit,null,Sea403.pdf
YAMATO,ROPAX ferry,"Mitsubishi Shipbuilding Co., Ltd.","Hankyu Ferry Co., Ltd.",1215,"June 24, 2020",null,23.5kt,Japanese Government,Japan (Kobe),195.00m,29.60m,20.60m (Deck 5),6.95m,"16,292","7,176t (atd=6.95m)",Wartsila 14V31 (MR) x 2 units,"8,540kW x 750min⁻¹",Sea403.pdf
HOYO MARU,Ro/Ro ship,Naikai Zosen Corporation,"Fukuju Shipping Co., Ltd./Toyofuji Shipping Co., Ltd.",null,"June 30, 2020",null,21.0kt,ClassNK,null,169.99m,28.00m,24.89m,6.75m,"14,000",null,Hitachi-MAN B&W 8S50ME-C9.6 diesel x 1 unit,"11,400kW x 117.0min⁻¹",Sea403.pdf
PACIFIC GOLD,Product/chemical tanker,"Onomichi Dockyard Co., Ltd.",Tanquart Marine Ltd,759,"June 26, 2020",null,15.3kt,ClassNK,"Monrovia, Liberia",175.00m,32.20m,19.05m,13.10m,"29,513","49,950t",Mitsui MAN B&W 6S50ME-B9.5 diesel x 1 unit,null,Sea403.pdf
TSURUGI GALAXY,Chemical tanker,"Shin Kurushima Hiroshima Dockyard Co., Ltd.",Panamanian owner,S-6058,"April 6, 2020",null,14.95kt,ClassNK,Panama,151.5m,27.1m,14.2m,null,"16,589","26,143t",Makita 6S46ME-B8.5 diesel x 1 unit,null,Sea403.pdf
FJ BIANCA,Bulk carrier,"Tsuneishi Shipbuilding Co., Ltd.",null,S1594,"June 15, 2020",null,14.5kt,LR,Panama,229.00m,32.26m,20.00m,null,"43,400","81,600t",MAN-B&W 6S60ME-C8.2 diesel x 1 unit,null,Sea403.pdf
WAN HAI 321,"3,055TEU container ship",Japan Marine United Corporation,Wan Hai Lines (Singapore) Pte. Ltd.,null,"September 18, 2020","3,055TEUS",21.6kt,DNVGL,null,203.50m,34.80m,16.60m,11.50m,"30,676t","37,160t",MAN-B&W 7S70ME-C10.5 x 1 unit,null,Sea404.pdf
KAGUYA,LNG bunkering vessel,"Kawasaki Heavy Industries, Ltd.",Central LNG Shipping Japan Corporation,1744,null,"3,500m³",null,null,null,81.70m,18.00m,7.80m,4.80m,"4,044",null,null,null,Sea404.pdf
FEDERAL OAK,"60,000DWT-type bulk carrier","Mitsui E&S Shipbuilding Co., Ltd.",null,1965,"June 11, 2020",null,about 14.5kt,NK,Liberia,199.99m,32.25m,18.50m,null,"34,582t","60,385t",MITSUI-MAN B&W 6S50ME-B9.3 diesel x 1 unit,null,Sea404.pdf
SMIRNI,"82,000DWT bulk carrier","Sasebo Heavy Industries Co., Ltd.",Vrontados S.A.,null,"August 27, 2020",null,null,ClassNK,Marshall Islands,228.9m,32.26m,20.20m,14.50m,"44,487","81,834t",null,null,Sea404.pdf
NORD AMAZON,"64,000DWT type bulk carrier","Oshima Shipbuilding Co., Ltd.",Dampskibsselskabet NORDEN A/S,null,"July 22, 2020","81,238 cubic feet",about 13.8kt,NK,null,199.95m,32.26m,19.28m,13.542m,"36,256","64,499t",Mitsui-MAN B&W 6S50ME-C9.6 x 1 unit,"7,220kW at 92.0rpm",Sea404.pdf
"LNG fueled 49,000DWT-type chemical tanker design",IMO TYPE 2&3 chemical tanker,"Shin Kurushima Dockyard Co., Ltd.",null,null,null,null,about 14.0kt,null,null,179.40m,32.26m,19.50m,13.30m,"33,100","about 49,000t",null,null,Sea404.pdf
SHOYO MARU,875GT passenger/car ferry,Naikai Zosen Corporation,"Ishizaki Kisen Co., Ltd.",null,"July 15, 2020",null,about 14.8kt,Japanese Government (smooth water area),"Matsuyama City, Ehime Pref., Japan",62.60m,13.00m,3.90m/9.10m,2.80m,871,420t,Daihatsu-6DEM-23 diesel engines x 2 units,"1,200kW x 750/235min⁻¹/unit",Sea404.pdf
NORD MINAMI,Chemical/product oil carrier,"Minaminippon Shipbuilding Co., Ltd./Imabari Shipbuilding Co., Ltd.",null,null,"October 28, 2020",null,14.5kt,ClassNK,null,184.94m,32.20m,19.10m,null,"30,560","52,825t",6S50ME-C9.6 diesel x 1 unit,null,Sea404.pdf
WAN HAI 322,Container carrier,Japan Marine United Corporation,Wan Hai Lines (Singapore) Pte. Ltd.,null,null,null,21.6kt,DNVGL,null,203.50m,34.80m,16.60m,11.50m,"30,676","37,160t",MAN-B&W 7S70ME-C10.5 diesel x 1 unit,null,Sea404.pdf
SEATRIBUTE,Crude oil carrier,"Sumitomo Heavy Industries Marine & Engineering Co., Ltd.",Kali Marine Ltd.,1402,"August 6, 2020",null,15.0kt,LR,Malta,228.96m,44.00m,21.80m,null,"abt. 60,600","abt. 111,700t",Hitachi MAN B&W 6G60ME-C9.5 diesel x 1 unit,null,Sea404.pdf
GLORIOUS SUNSHINE,Product/chemical tanker,"Onomichi Dockyard Co., Ltd.",Solar Shipping and Trading S.A.,768,"September 1, 2020",null,15.3kt,ABS,"Monrovia, Liberia",175.00m,32.20m,19.05m,13.10m,"29,462","49,996t",Mitsui MAN B&W 6S50ME-B9.5 diesel x 1 unit,null,Sea404.pdf
SINAR MAUMERE,Chemical tanker,"Sasaki Shipbuilding Co., Ltd.",PT. Samudera Energi Tangguh,709,"July 20, 2020",null,12.0kt,BV,Panama,95.32m,14.60m,7.20m,5.745m,"2,943","3,986t",Akasaka AX33BFD diesel x 1 unit,"1,618kW x 310rpm",Sea404.pdf
CSC CREATOR,Capesize bulk carrier,Tsu Shipyard of Japan Marine United Corporation,null,null,null,null,null,null,null,null,null,null,null,null,null,null,null,Sea404.pdf
SAKURA LEADER,Pure Car and Truck Carrier (PCTC),"Shin Kurushima Toyohashi Shipbuilding Co., Ltd.",Nippon Yusen Kabushiki Kaisha (NYK),S-6067/S-3735,"October 28, 2020","7,000 units",about 18.0kt,ClassNK,Tokyo,199.96m,38.0m,35.54m,14.23m,"72,285","17,330t",DU/WinGD 8X52DF diesel x 1,null,Sea405.pdf
SUISO FRONTIER,Liquefied hydrogen (LH2) carrier,"Kawasaki Heavy Industries, Ltd.",CO2-free Hydrogen Energy Supply-chain Technology Research Association (HySTRA),1740,null,"Approx. 1,250m³",Approx. 13.0kn,ClassNK,Japan,116.0m,19.0m,10.6m,4.5m,"Approx. 8,000",null,Diesel electric propulsion,null,Sea405.pdf
SALVIA-MARU,Cargo-passenger ship,"Mitsubishi Shipbuilding Co., Ltd.","Japan Railway Construction, Transport and Technology Agency and Tokai Kisen Co., Ltd.",null,"June 5, 2020",38 units of containers,20.0kt,JG,Japan (Tokyo),118.09m,17.00m,9.00m,5.40m,"6,099 (Japanese tonnage)",null,Mitsubishi 6UEC35LSE-Eco-B2 diesel x 1 unit,"5,220kW",Sea405.pdf
OCEAN GOLD,Bulk carrier,"Mitsui E&S Shipbuilding Co., Ltd.","Ocean Gold Pte. Ltd., Republic of Singapore",1988,"November 16, 2020",null,about 14.5kt,NK,Singapore,228.99m,36.94m,19.95m,null,"48,245","87,635t",MITSUI-MAN B&W 6S60ME-C10.5-HPSCR diesel x 1 unit,null,Sea405.pdf
WAN HAI 323,Container ship,Japan Marine United Corporation (JMU),Wan Hai Lines (Singapore) Pte. Ltd.,null,"December 9, 2020","3,055TEUs",21.6kt,DNVGL,null,203.50m,34.80m,16.60m,11.50m,"30,676","37,160t",MAN-B&W 7S70ME-C10.5 x 1 unit,null,Sea405.pdf
ORCHID TIGER,Box shaped bulk carrier,"Oshima Shipbuilding Co., Ltd.",Maclin Spring Maritime S.A.,null,"September 29, 2020","64,354m³",abt. 14.30kt,ClassNK,null,189.99m,32.26m,17.87m,12.569m,"32,045","55,578t",Mitsui-MAN B&W 6S50ME-C9.6 diesel x 1 unit,"7,260kW at 99.0rpm",Sea405.pdf
BRILLIANT SAKURA,Panamax bulk carrier,Sanoyas Shipbuilding Corporation,null,1370,"October 8, 2020","97,034m³",about 14.2kt,ClassNK,null,229.00m,32.24m,20.15m,14.594m,"43,509","81,800t",low-speed & long-stroke electronically controlled main engine,null,Sea405.pdf
EVER CROWN,Container carrier,"Imabari Shipbuilding Co., Ltd.",null,null,"November 25, 2020",null,19.5kt,ClassNK,null,171.98m,28.4m,14.5m,null,"18,658","22,363t",6S60ME-C10.5 diesel x 1 unit,null,Sea405.pdf
WAN HAI 325,Container carrier,Japan Marine United Corporation,Wan Hai Lines (Singapore) Pte. Ltd.,null,null,null,21.6kt,DNVGL/CR,null,203.50m,34.80m,16.60m,11.50m,"30,676","37,160t",MAN-B&W 7S70ME-C10.5 x 1 unit,null,Sea405.pdf
SUSANOO HARMONY,Log bulker,"Onomichi Dockyard Co., Ltd./ Saiki Heavy Industries Co., Ltd.",RISHIRI MARINE S.A.,738,"October 30, 2020",null,14.1kt,NK,Liberia,174.44m,30.00m,15.10m,10.50m,"23,770","37,140t",MAN B&W 6S46ME-B8.5 diesel x 1 unit,null,Sea405.pdf
PRISCILLA,Bulk carrier,"Tsuneishi Shipbuilding Co., Ltd.",Chijin Shipping S.A.,1596,"September 24, 2020",null,14.30kt,LR,Liberia,229.00m,32.26m,20.15m,null,"abt. 44,000MT","abt. 82,300t",MAN B&W 6S60ME-C10.5 diesel x 1 unit,null,Sea405.pdf
EVER FAR,Container carrier,"Imabari Shipbuilding Co., Ltd.",null,null,"December 15, 2020",null,23.0kt,ABS,null,333.95m,48.4m,26.8m,null,"116,295","130,573t",9S90ME-C10.5 diesel x 1 unit,null,Sea405.pdf
GLOBAL YUQUOT,log/bulk carrier,"The Hakodate Dock Co., Ltd. (Hakodate)",Ocean Cross Lines Corp.,null,"November 12, 2020",null,null,ClassNK,Panama,182.94m,31.60m,9.97m,null,"24,649","37,928t",null,null,Sea406.pdf
BTG APO,bulk carrier,Japan Marine United Corporation,null,null,"January 15, 2021",null,14.5kt,DNVGL,null,229.0m,32.26m,20.20m,14.55m,"44,249","82,442t",MAN B&W 6S60ME-C8.5-EGRBP diesel,1 unit,Sea406.pdf
GAS PLANET,LPG carrier,"Kawasaki Heavy Industries, Ltd.","Lepta Shipping Co., Ltd.",1743,"October 16, 2020","84,178m³",null,ClassNK,Panama,229.90m,37.20m,21.90m,11.54m,"49,231","55,432t",Kawasaki-MAN B&W 7S60ME-C10.5 diesel,1 unit,Sea406.pdf
OCEAN JADE,bulk carrier,"Mitsui E&S Shipbuilding Co., Ltd. (MES-S)","Ocean Jade Pte. Ltd., Singapore",1989,"January 18, 2021",null,about 14.5kt,ClassNK,Singapore,228.99m,36.94m,19.95m,null,"48,245","87,670t",Mitsui-MAN B&W 6S60ME-C10.5-HPSCR diesel,1 unit,Sea406.pdf
DIRTRICH OLDENDORF,bulker,Oshima,null,null,null,null,null,null,null,null,null,null,null,null,"100,000DWT",null,null,Sea406.pdf
MIRAI,Coal carrier,"Shin Kurushima Dockyard Co., Ltd.","NS United Naiko Kaiun Kaisha, Ltd.",S-6066,"January 15, 2021",null,13kt,ClassNK,Tokyo,149.91m,27.20m,14.20m,6.493m,"18,419","15,000t",Akasaka 7UEC35LSE-Eco-B2 diesel,1 unit,Sea406.pdf
CENTURY HIGHWAY GREEN,Dual-fueled vehicle carrier,"Tadotsu Shipyard Co., Ltd./Imabari Shipbuilding Co., Ltd.",null,null,"March 8, 2021","7,000 units",18.0kt,ClassNK/DNV,null,199.98m,37.2m,36.51m,null,"73,515","16,844t",8S50ME-C9.6-GI diesel,1 unit,Sea406.pdf
BTG ULRIKEN,Bulk carrier,Japan Marine United Corporation,null,null,null,null,14.5kt,DNVGL,Bahamas,229.0m,32.26m,20.20m,14.55m,"44,249","82,456t",MAN B&W 6S60ME-C8.5-EGRBP diesel,1 unit,Sea406.pdf
SEARHYTHM,Crude oil carrier,"Sumitomo Heavy Industries Marine & Engineering Co., Ltd.",Searhythm Tanker Limited,1404,"February 24, 2021",null,15.0kt,ClassNK,Marshall,228.96m,44.00m,21.80m,null,"abt. 60,200","abt. 111,900t",Hitachi MAN B&W 6G60ME-C9.5 diesel,1 unit,Sea406.pdf
AYOE,Product/chemical tanker,"Onomichi Dockyard Co., Ltd.","Lepta Shipping Co., Ltd.",762,"November 6, 2020",null,14.9kt,ClassNK,Panama,175.00m,32.20m,19.05m,13.10m,"29,806","49,861t",Mitsui MAN B&W 6S50ME-B9.5 diesel,1 unit,Sea406.pdf
OWUSU MARU,Bulk carrier,"Tsuneishi Shipbuilding Co., Ltd.",Fast Shipping S.A.,1603,"November 27, 2020",null,14.30kt,LR,Panama,229.00m,32.26m,20.15m,null,"abt.44,000","abt.82,286t",MAN B&W 6S60ME-C10.5 diesel,1 unit,Sea406.pdf
NSY AF-T,Ammonia-fueled VLCC,"Nihon Shipyard Co., Ltd",null,null,null,adequate fuel tank capacity,null,DNV (AiP),null,null,null,null,null,null,null,ammonia-fueled engine,null,Sea407.pdf
DURHAM,"84,000m

³ LPG carrier","Kawasaki Heavy Industries, Ltd.","Fair Wind Navigation, S.A.",1745,"January 29, 2021","84,278m³",null,ClassNK,Liberia,229.90m,37.20m,21.90m,11.54m,"49,231","55,408t",Kawasaki MAN 7S60ME-C10.5 diesel x 1 unit,null,Sea407.pdf
CAPE ACE,"101,314DWT bulk carrier","Namura Shipbuilding Co., Ltd.","Kawasaki Kisen Kaisha, Ltd. (""K"" Line)",null,"December 7, 2020","97,034m³",14.2kt,ClassNK,Panama,249.94m,43.00m,null,12.90m,"60,133","101,314t",MAN B&W 6S60ME-C8.5 diesel x 1 unit,null,Sea407.pdf
SOUTHERN ACE,"4,300,000 cubic feet-type woodchip carrier","Oshima Shipbuilding Co., Ltd.",FJ Corporation,null,"February 25, 2021","4,326,650 cubic feet",abt. 14.0kt,ClassNK,null,209.96m,37.00m,22.80m,11.523m,"49,877","60,222t",IHI DU-WinGD 6RT-flex50-D diesel x 1 unit,"7,480kW at 95.0rpm",Sea407.pdf
null,"7,500m³ LPG-fueled ship","Sasaki Shipbuilding Co., Ltd.",null,null,null,"7,500m³",null,BV (AiP),null,null,null,null,null,null,null,MAN B&W ME-LGIP engines,null,Sea407.pdf
YM PIONEER,"82,000DWT class Panamax bulk carrier","SHIN KURUSHIMA SANOYAS SHIPBUILDING CO.,LTD.",null,1372,"March 10, 2021","97,034m³",14.2kt,ClassNK,null,229.00m,32.24m,20.15m,14.594m,"43,424","81,898t",low-speed & long-stroke electronically controlled main engine,null,Sea407.pdf
MAERSK NESNA,"2,020TEU container carrier","Imabari Shipbuilding Co., Ltd.",null,null,"March 31, 2021",null,18.0kt,ClassNK,null,171.93m,32.2m,16.8m,null,"25,805","28,697t",6S60ME-C10.5 diesel x 1 unit,null,Sea407.pdf
WAN HAI 326,Container carrier,Japan Marine United Corporation,Wan Hai Lines (Singapore) Pte. Ltd.,null,null,null,21.6kt,ClassNK,null,203.50m,34.80m,16.60m,11.50m,"30,531","37,160t",MAN-B&W 7S70MEC 10.5 diesel x 1 unit,null,Sea407.pdf
KANSU,Bulk carrier,"Oshima Shipbuilding Co., Ltd.",The China Navigation Company Pte. Ltd.,10898,"February 19, 2021",null,14.00kt,DNV GL,Singapore,179.99m,30.00m,14.63m,10.340m,"22,360","37,440t",Mitsui-MAN B&W 5S50ME-C8.5 diesel x 1 unit,null,Sea407.pdf
SASANQUA,LPG carrier,"Sasaki Shipbuilding Co., Ltd.","Shintoku Panama, S.A.",711,"March 19, 2021",null,12.5kt,BV,Marshall Islands,95.99m,15.00m,6.80m,5.01m,"3,216","3,208t",Hitachi-MAN B&W 5L35MC6.1 diesel x 1 unit,"2,200kW x 178min⁻¹",Sea407.pdf
ARIES KARIN,Bulk carrier,"Shin Kurushima Dockyard Co., Ltd.",Panamanian owner,S-6082,"February 16, 2021",null,14.0kt,ClassNK,Panama,196.50m,32.26m,19.40m,null,"36,762","64,229t",Mitsui-MAN B&W 6S50ME-C9.6-EGRBP diesel x 1 unit,null,Sea407.pdf
SANKO HAWKING,Bulk carrier,"Tsuneishi Shipbuilding Co., Ltd.",Hawking Ownership Limited,1601,"January 8, 2021",null,14.30kt,ClassNK,Liberia,229.00m,32.26m,20.15m,null,"abt.44,000","abt.82,167t",MAN B&W 6S60ME-C10.5 diesel x 1 unit,null,Sea407.pdf
Sunflower Shiretoko,large car ferry,null,"MOL Ferry Co., Ltd.",null,null,null,null,null,null,null,null,null,null,"11,410 tons",null,null,null,Sea408.pdf
WAN HAI 328,container ship,Japan Marine United Corporation,Wan Hai Lines (Singapore) Pte. Ltd.,null,"May 14, 2021","3,055TEUs",21.6kt,ABS,null,203.50m,34.80m,16.60m,11.50m,"30,468","37,160t",MAN-B&W 7S70ME-C10.5 diesel,null,Sea408.pdf
HIKOSAN,VLCC,"Namura Shipbuilding Co., Ltd.",Hexagon Transort Inc.,null,"April 16, 2021",null,null,ClassNK,Panama,338.92m,60.00m,null,21.05m,"160,469","312,189t",electronically controlled main engine,null,Sea408.pdf
HARUMARU No. 5,RO-RO cargo ship,Naikai Zosen Corporation,"Oshima Kaiun Co., Ltd.",null,"May 13, 2021","162 trailers (13m L x 2.5m W), 258 automobiles (4.7m L x 1.7m W)",about 21.0kt,ClassNK,Japan,130.70m,17.00m,27.40m,6.75m,"12,500","7,070t",Hitachi MAN B&W 8S50ME-C8.2 diesel,"13,580kW x 127.0min⁻¹",Sea408.pdf
SAKURA LEADER,vehicle carrier,"Shin Kurushima Dockyard Co., Ltd.",null,null,null,null,null,ClassNK,null,null,null,null,null,null,null,null,null,Sea408.pdf
SEA SPICA,passenger ship,null,"Setonaikaikisen Inc. group, West Japan Railway Company group, and Chugoku Transport & Tourism Bureau of MLIT",null,null,null,null,null,null,null,null,null,null,null,null,null,null,Sea408.pdf
KAGUYA,LNG-bunkering cargo ship,"Kawasaki Heavy Industries, Ltd.",null,null,null,"3,193.7m³ LNG loading capacity",null,null,null,null,null,null,null,null,null,null,null,Sea408.pdf
SOFUKU MARU NO. 1,fishing vessel,null,null,null,null,null,null,null,null,null,null,null,null,null,null,null,null,Sea408.pdf
KAWASAKI,fireboat,null,null,null,null,null,null,null,null,null,null,null,null,null,null,null,null,Sea408.pdf
SEADUKE,Crude oil carrier,"Imabari Shipbuilding Co., Ltd.",null,null,"May 28, 2021",null,15.5kt,DNV,null,339.36m,60.00m,28.50m,null,"160,255","313,051t",7G80ME-C9.5 diesel,null,Sea408.pdf
WAN HAI 327,Container carrier,Japan Marine United Corporation,Wan Hai Lines (Singapore) Pte. Ltd.,null,null,null,21.6kt,ClassNK,null,203.50m,34.80m,16.60m,11.50m,"30,531","37,160t",MAN-B&W 7S70ME-C10.5 diesel,null,Sea408.pdf
TONQUIPEARL,Bulk carrier,"Oshima Shipbuilding Co., Ltd.",Nippon Yusen Kabushiki Kaisha,10900,"March 25, 2021",null,14.00kt,ClassNK,Panama,249.980m,43.000m,18.500m,12.869m,"56,844","99,893t",J-ENG UE 7UEC60LSE-Eco-A2-EGR diesel,null,Sea408.pdf
SEAGUARDIAN,Crude oil carrier,"Sumitomo Heavy Industries Marine & Engineering Co., Ltd.",Seaguardian Tanker Limited,1405,"May 28, 2021",null,15.0kt,ClassNK,Marshall,null,44m,21.8m,null,"about 60,200","about 112,000t",Hitachi MAN B&W 6G60ME diesel,null,Sea408.pdf
PAVO BRAVE,Bulk carrier,"Shin Kurushima Dockyard Co., Ltd.",Panamanian owner,S-6085,"March 25, 2021",null,14.0kt,ClassNK,Panama,196.50m,32.26m,19.40m,null,"36,762","64,247t",Mitsui-MAN B&W 6S50ME-C9.6-EGRBP diesel,null,Sea408.pdf
KAURI,Dunkirkmax bulk carrier,Japan Marine United Corporation (JMU),null,null,"September 22, 2021",null,15.05kt,ClassNK,null,292.00m,45.00m,24.55m,18.20m,"93,298","182,327t",MAN B&W 7S65ME-C8.5-HPSCR diesel x 1 unit,null,SEA410.pdf
EVER MAJESTY,Panamax bulk carrier,Shin Kurushima Sanoyas,null,1377,"September 22, 2021","97,019m

³ (grain)",about 14.2kt,ClassNK,null,229.00m,32.24m,20.15m,14.594m,"43,453","81,936t",null,null,SEA410.pdf
AWAJISAN MARU,Dunkirkmax type bulk carrier,"Namura Shipbuilding Co., Ltd.","MTO MARITIME, S.A.",null,"October 14, 2021",null,null,ClassNK,Panama,291.92m,45.00m,null,18.20m,"93,719","181,994t",MAN B&W 6G70ME-C9.5 diesel x 1 unit,null,SEA410.pdf
HARUMARU No. 6,RO-RO cargo ship,Naikai Zosen Corporation,"Shunzan Kaiun Co., Ltd.",null,"September 16, 2021",162 trailers (13m L x 2.5m W) 258 automobiles (4.7m L x 1.7m W),about 21.0kt,ClassNK,Japan,179.90m,27.40m,23.30m,6.75m,"about 12,500",null,Hitachi Zosen MAN B&W 9S50ME-C8.5 diesel x 1 unit,"13,580kW x 127.0min-1",SEA410.pdf
YM TOPMOST,container carrier,"Imabari Shipbuilding Co., Ltd.",null,null,"September 28, 2021","11,000TEU",22.0kt,ABS,null,333.95m,48.40m,27.20m,null,"118,523","136,899t",MAN B&W S90ME-C10.5 diesel x 1 unit,null,SEA410.pdf
CRYSTAL ASTERIA,LPG carrier,"Kawasaki Heavy Industries, Ltd.",Kumiai Navigation (Pte.) Ltd.,1748,null,null,17.0kt,ClassNK,Singapore,229.90m,37.20m,21.90m,null,"43,141","54,925t",Kawasaki MAN B&W 7S60ME-C10.5-LGIP diesel x 1 unit,null,SEA410.pdf
WORLD RUBY,Bulk carrier,"Oshima Shipbuilding Co., Ltd.",BW Dry Cargo Pte. Ltd.,10976,"August 31, 2021",null,14.50kt,DNV,Isle of Man,199.995m,32.240m,18.400m,13.348m,"34,762","62,496t",Mitsui MAN B&W 6S50ME-C9.5 diesel x 1 unit,null,SEA410.pdf
SILVER BREEZE,passenger/car ferry,Naikai Zosen Corporation,JRTT and Tsugaru Kaiyo Ferry Co. Ltd.,null,"June 10, 2021",null,20.0kt,JG Class II (coastal area),"Hachinohe City, Aomori",144.10m,23.00m,14.10m,6.00m,"8,900","3,440t",Hitachi Zosen MAN J&W 9S50ME-C9.2 diesel x 1 unit,"9,945kW x 127.0min-1",SEA410.pdf
AXIS RIVER,LPG-powered LPG/NH3 carrier,"Kawasaki Heavy Industries, Ltd.","Kawasaki Kisen Kaisha, Ltd.",1756,"June 29, 2023","86,700m³",Approx. 17.0kt,ClassNK,Panama,229.00m,37.20m,21.90m,11.60m,"49,542","56,503t",Kawasaki-MAN B&W 6G60ME-C10.5-LGIP diesel,"Approx. 17,000kW x 1 unit",Sea420.pdf
BUNUN UNICORN,log/bulk carrier,"The Hakodate Dock Co., Ltd. (Hakodate)",null,null,"June 8, 2023",null,null,ClassNK,Panama,182.94m,31.60m,14.80m,10.37m,"24,472","40,045t",null,null,Sea420.pdf
SUNFLOWER KURENAI,"35,500GT-class domestic Ropax ferry","Mitsubishi Shipbuilding Co., Ltd.","Mitsui O.S.K. Lines, Ltd., Ferry Sunflower Co., Ltd.",null,"December 16, 2022","137 13m trucks, 100 cars, 716 passengers, 43 crew",22.5kt,Japanese Government,Japan (Osaka),abt.199.9m,28.00m,20.90m,6.80m,"17,114 (Japanese), 35,471 (International)","6,918t",Wartsila 16V31DF,"8,800kW x 750min-¹ x 2 units",Sea420.pdf
SHOFU MARU,"100,000 DWT class bulk carrier","Oshima Shipbuilding Co., Ltd.","Mitsui O.S.K. Lines, Ltd.",null,"October 7, 2022","Coal (approx. 90,000t)",approx. 14.30kt,null,null,null,43.00m,20.05m,12.83m,"58,209","100,000t",MES MAN 6S60ME-C10.5-EGRBP diesel,1 unit,Sea420.pdf
NOGAMI,Small cargo ship,null,null,null,null,null,null,null,null,null,null,null,null,null,null,null,null,Sea420.pdf
KAIJIN MARU,Fishing ship/research ship,null,null,null,null,null,null,null,null,null,null,null,null,null,null,null,null,Sea420.pdf
KIN-EI MARU No. 58,Work vessel/special service ship,null,null,null,null,null,null,null,null,null,null,null,null,null,null,null,null,Sea420.pdf
NORA SCHULTE,"KAMSARMAX bulk carrier, 82,000DWT-type","Shin Kurushima Sanoyas Shipbuilding Co., Ltd.",null,1390,"June 9, 2023","97,034m³ (grain)",Approx. 14.1kt (at C.S.O. with 15% sea margin),ClassNK,null,229.00m,32.24m,20.15m,14.594m,"43,442","81,957t",null,null,Sea420.pdf
ONE INFINITY,"24,000TEU-type container carrier","Imabari Shipbuilding Co., Ltd.",null,null,"July 12, 2023","24,000TEU",null,DNV,null,399.95m,61.40m,33.20m,null,null,null,9G95ME-C10.6 diesel,1 unit,Sea420.pdf
WAN HAI 363,"3,013TEU container ship",Japan Marine United Corporation,Wan Hai Lines (Singapore) Pte. Ltd.,5503,"May 30, 2023","3,013TEU",21.5kt,ABS/CR,Singapore,203.5m,34.8m,16.60m,11.5m,"30,776","36,776t",MAN B&W 7S70ME-C10.5-HPSCR diesel,1 unit,Sea420.pdf
FEDERAL PRIDE,Bulk carrier,"Oshima Shipbuilding Co., Ltd.","Ambitious Line, S.A.",11018,"April 21, 2023",null,14.00kt,ClassNK,Panama,182.998m,32.26m,15.00m,10.542m,"25,863","42,686t",Mitsui-MAN B&W 5S50ME-C9.7-EGRBP diesel,1 unit,Sea420.pdf
PENELOPE,Crude oil carrier,"Sumitomo Heavy Industries Marine & Engineering Co., Ltd.",Ikaria Shipowners S.A.,1412,"May 10, 2023",null,14.5kt,LR,Bahamas,null,44.00m,21.55m,null,"abt.60,000","114,760t",Mitsui-MAN 6G60ME diesel,1 unit,Sea420.pdf
PAVO BREEZE,Bulk carrier,Shin Kurushima Dockyard,Panamanian owner,S-6168,"May 19, 2023",null,14.0kt,NK,Panama,null,32.26m,19.4m,null,"36,760","64,263t",Mitsui-MAN B&W 6S50ME-C9.6-EGRBP diesel,1 unit,Sea420.pdf
PROMETHEUS,Dunkirkmax-type bulk carrier,Japan Marine United Corporation (JMU),null,null,"January 10, 2024",null,14.4kt,ClassNK,null,292.00m,45.00m,24.55m,18.234m,"93,367t","182,384t",MAN B&W 7S60ME-C10.6-HPSCR diesel x 1 unit,null,SEA424.pdf
REIMEI,large LNG-fueled coal carrier,"Namura Shipbuilding Co., Ltd.",null,null,"November 14, 2023",null,null,ClassNK,Liberia,234.92m,38.0m,null,14.4m,"54,684t","95,792t",WinGD 6X62DF diesel x 1 unit,null,SEA424.pdf
FERRY OSUMI NO. 12,passenger/vehicle ferry,Naikai Zosen Corporation,"Iwasaki Corporation and Japan Railway Construction, Transport, and Technology Agency (JRTT)",null,"December 15, 2023","Passengers: 500, Officers and crew: 11, Vehicle loading capacity: Large buses only: 14 units, or Automobiles only: 54 units",approx. 16.4kt,JG Class 2 (smooth water area),null,76.90m,13.30m,9.50m,3.63m,"1,443t",628t,Daihatsu Diesel 6DKM-26e diesel x 2 units,"1,470kW",SEA424.pdf
ENEOS MIRAI,LPG-powered LPG/NH3 carrier,"Kawasaki Heavy Industries, Ltd.",null,1758,"December 28, 2023","Cargo tank capacity: 86,911m³",Approx. 17.0kt,ClassNK,Panama,229.90m,37.20m,21.90m,11.65m,"49,541t","56,519t",Kawasaki-MAN B&W 6G60ME-C10.5-LGIP diesel x 1 unit,null,SEA424.pdf
ORCHID ISLAND,Panamax bulk carrier,"Shin Kurushima Sanoyas Shipbuilding Co., Ltd.",null,1396,"January 24, 2024","Cargo hold capacity: 97,034m³ (Grain)",Approx. 14.1kt,ClassNK,null,229.00m,32.24m,20.15m,14.594m,"43,455t","81,996t",null,null,SEA424.pdf
BERGE MAUNA KEA,Bulk carrier,"Imabari Shipbuilding Co., Ltd.",null,null,"March 15, 2024",null,14.0kt,ClassNK,null,299.99m,50.00m,25.00m,null,"108,956t","211,599t",7S60ME-C10.6 diesel x 1 unit,null,SEA424.pdf
SG OCEAN,Bulk carrier,Japan Marine United Corporation,null,5280,"January 30, 2024",null,14.0kt,ClassNK,Japan,299.99m,50.00m,25.00m,18.436m,"110,334t","210,933t",DU-WinGD 7X62DF-2.1 diesel x 1 unit,null,SEA424.pdf
CAPT G,"182,000DWT bulk carrier","Namura Shipbuilding Co., Ltd.",null,490,"November 30, 2023",null,null,ClassNK,Cyprus,291.92m,45.00m,24.60m,18.20m,"93,721t","182,281t",MAN B&W 7G60MEC-10.5-EGRBP diesel x 1 unit,null,SEA424.pdf
KAWA NAPRANUM,Bulk carrier,"Oshima Shipbuilding Co., Ltd.","Lucretia Shipping, S.A.",11047,"November 28, 2023",null,14.30kt,ClassNK,Liberia,228.41m,36.50m,20.39m,14.348m,"48,105t","87,396t",Mitsui-MAN B&W 5S60ME-C10.5-EGRBP diesel x 1 unit,null,SEA424.pdf
BBC MERCURY,Bulk carrier,"Onomichi Dockyard Co., Ltd./Saiki Heavy Industries Co., Ltd.",Briese Schiffahrts GmbH & Co. KG,790,"September 7, 2023",null,13.5kt,ClassNK,Liberia,null,32.00m,14.80m,null,"abt. 24,748t","Abt. 39,500t",MAN B&W 6G45ME-C9.7-HPSCR diesel x 1 unit,null,SEA424.pdf
LIMONE,General cargo ship,"Shin Kurushima Hiroshima Dockyard Co., Ltd.",Panamanian owner,S-6207,"February 29, 2024",null,13.0kt,ClassNK,Panama,null,109.6m,19.60m,null,"7,356t","11,712t",Makita B&W 6L35MC6.1 diesel x 1 unit,null,SEA424.pdf
CAPE HAYATE,"LNG dual-fuel 210,000DWT bulk carrier",Japan Marine United Corporation (JMU),"Kawasaki Kisen Kaisha, Ltd.",null,"May 30, 2024",null,13.70kt,ClassNK,null,299.9m,50.00m,25.00m,18.436m,"110,439","210,870t",WinGD 7X62DF-2.1 diesel,null,SEA426_fix_240805.pdf
GAS GARNET,LPG-powered LPG/NH3 carrier,"Kawasaki Heavy Industries, Ltd.",null,1759,"March 29, 2024","86,953m³",Approx. 17.0kt,ClassNK,Panama,229.90m,37.20m,21.90m,11.65m,"49,561","56,360t",Kawasaki-MAN B&W 6G60ME-C10.5-LGIP diesel,null,SEA426_fix_240805.pdf
ONE INNOVATION,"24,000TEU container ship",Japan Marine United Corporation,"Shoei Kisen Kaisha, Ltd.",null,"June 2, 2023","24,136TEUs of containers",null,null,null,399.95m,61.4m,33.2m,16.5m,null,null,MAN-B&W 9G95ME-C10.6 diesel,null,SEA426_fix_240805.pdf
ONE INFINITY,"24,000TEU container ship","Imabari Shipbuilding Co., Ltd.","Shoei Kisen Kaisha, Ltd.",null,"July 12, 2023","24,136TEUs of containers",null,null,null,399.95m,61.4m,33.2m,16.5m,null,null,MAN-B&W 9G95ME-C10.6 diesel,null,SEA426_fix_240805.pdf
EXCOOL,Liquefied CO2 (LCO2)-cum-LPG carrier,"Mitsubishi Shipbuilding Co., Ltd.","Japan's New Energy and Industrial Technology Development Organization (NEDO) and Sanyu Kisen Co., Ltd.",null,"November 27, 2023","Approx. 1,450m³",12kt,null,null,null,12.5m,5.5m,4.6m,996,null,Akasaka Diesel AX33B diesel,null,SEA426_fix_240805.pdf
SORYU MARU,"88,000DWT-type Post-Panamax bulk carrier","Shin Kurushima Sanoyas Shipbuilding Co., Ltd.",null,1388,"May 29, 2024","104,779m³",null,ClassNK,null,235.00m,38.00m,19.40m,13.523m,"49,566","88,248t",null,null,SEA426_fix_240805.pdf
AQUAMARINE PROGRESS II,LPG-powered very large LPG/NH3 gas carrier (VLGC),"Namura Shipbuilding Co., Ltd.",null,null,"April 26, 2024","87,119.300m³",null,ClassNK,Singapore,230.0m,36.6m,null,12.0m,"50,849",null,MAN B&W 6G60ME-C10.5-LGIP-EGRBP diesel,null,SEA426_fix_240805.pdf
AFRICAN LORIKEET,Bulk carrier,"Imabari Shipbuilding Co., Ltd.",null,null,"June 12, 2024",null,14.00kt,ClassNK,null,199.98m,32.24m,19.30m,null,"36,278","63,425t",6S50ME-C9.7 diesel,null,SEA426_fix_240805.pdf
FRANBO BRAVE,Bulk carrier,"Hakodate Dock Co., Ltd.",null,917,"June 28, 2024",null,Approx. 13.6kt,ClassNK,Marshall Islands,182.94m,31.6m,14.80m,10.37m,"24,496","40,090t",J-ENG 6UEC42LSH-Eco-D3-EGR diesel,null,SEA426_fix_240805.pdf
BRIGHT TSUBAKI,Container carrier,Naikai Zosen Corporation,MI-DAS LINE S.A.,null,"February 29, 2024","2,888TEUs",Approx. 18.5kt,ClassNK,Panama,185.99m,35.20m,17.20m,9.50m,"29,622","27,848t",MAN B&W 7S60ME-C10.5-HPSCR diesel,"12,070kW",SEA426_fix_240805.pdf
ATLANTIC HALO,Bulk carrier,"Oshima Shipbuilding Co., Ltd.","Osaka Shipping Co., Ltd./ Golden Helm Shipping Co., S.A.",11026,"April 26, 2024",null,14.00kt,ClassNK,Panama,179.98m,32.26m,15.20m,10.734m,"25,704","42,070t",Mitsui-MAN B&W 5S50ME-C9.7-EGRBP diesel,null,SEA426_fix_240805.pdf
ARIADNE,Aframax tanker,"Sumitomo Heavy Industries Marine & Engineering Co., Ltd.",null,1415,"May 14, 2024",null,14.5kt,LR,Bahamas,null,44.00m,21.55m,null,"60,177","114,905t",Mitsui MAN B&W 6G60ME-C10.5 diesel,null,SEA426_fix_240805.pdf
CRYSTAL OASIS,LPG carrier,"Kawasaki Heavy Industries, Ltd.",Kumiai Navigation (Pte) Ltd.,1752,"June 29, 2022","84,244m³",Approx. 17.0kt,ClassNK,Singapore,229.90m,37.20m,21.90m,11.60m,"49,943","55,090t",Kawasaki-MAN B&W 7S60ME-C10.5-LGIP diesel x 1 unit,null,sj415_221102.pdf
TENSHO,crude oil tanker,Japan Marine United Corporation (JMU),null,null,"June 24, 2022",null,15.40kt,ClassNK,Liberia,339.50m,60.00m,28.50m,21.05m,"160,698","310,924t",WinGD W7X82 diesel x 1 unit,null,sj415_221102.pdf
ENERGIA AZALEA,bulk carrier,"Namura Shipbuilding Co., Ltd.",null,null,"June 14, 2022",null,null,ClassNK,Republic of Liberia,234.92m,43.0m,null,13.58m,"58,773","99,965t",MAN B&W 6S60ME-C10.5-EGRBP diesel x 1 unit,null,sj415_221102.pdf
PERSISTENCE DIVA,bulk carrier,"Tsuneishi Shipbuilding Co., Ltd.",null,null,"July 28, 2022","103,500m³",null,null,null,Approx. 229m,36m,20m,14.45m,"47,000","Approx. 88,900t",null,null,sj415_221102.pdf
YONE MARU,Ro/Ro cargo ship,Naikai Zosen Corporation,"Nansei Kaiun Co., Ltd. and the Japan Railway Construction, Transport and Technology Agency (JRTT)",null,"June 30, 2022","92 chassis (L/B: 13m/2.5m), 100 cars (L/B: 4.9m/1.83m), 21 10ft containers, 123 20ft containers",21.0kt,ClassNK,"Naha, Okinawa",154.63m,25.00m,21.40m,6.60m,"8,704",null,Makita-Mitsui-MAN B&W 8S46ME-B8.5 diesel x 1 unit,"9,384kW x 122.2min⁻¹",sj415_221102.pdf
SHURI,Ro/Ro cargo ship,"Imabari Shipbuilding Co., Ltd./I-S Shipyard Co., Ltd.",null,null,"July 25, 2022",null,21.10kt,ClassNK,null,180.32m,27.0m,23.27m,null,"15,816","7,073t",9S50ME-C8.5 diesel x 1 unit,null,sj415_221102.pdf
CAPE ELIANTO,Bulk carrier,Japan Marine United Corporation,STC Shipping Pte. Ltd.,5190,"July 25, 2022",null,15.05kt,ClassNK,Republic of Singapore,292.00m,45.00m,24.55m,18.234m,"93,297","182,328t",MAN-B&W 7S65ME-C8.5-HPSCR diesel x 1 unit,null,sj415_221102.pdf
SEASTAR HAWK,Bulk carrier,"The Hakodate Dock Co., Ltd.",null,911,"August 19, 2022",null,about 14.0kt,ClassNK,Panama,about 179.90m,31.60m,14.80m,10.37m,"24,439","40,355t",MAN B&W 6S46ME-B8.5-HPSCR diesel x 1 unit,null,sj415_221102.pdf
CLIMATE RESPECT,Bulk carrier,"Oshima Shipbuilding Co., Ltd.",Lofou Shipping Corporation,11013,"July 29, 2022",null,14.30kt,ClassNK,Cyprus,228.410m,36.500m,20.390m,14.348m,"48,233","87,290t",Mitsui-MAN B&W 5S60ME-C10.5-EGRBP diesel x 1 unit,null,sj415_221102.pdf
DANAE,Open hatch bulk carrier,"Shin Kurusima Kochijyuko Co., Ltd.",null,S-6152/S-7368,"September 8, 2022",null,14.0kt,ClassNK,Panama,null,31.00m,14.70m,null,"25,012","40,015t",Makita-Mitsui-MAN B&W 6S46ME-B8.5-HPSCR diesel x 1 unit,null,sj415_221102.pdf
